station,day,n_epochs,fix_rate,float_rate
GNSS1,2021-12-30,18,0.0,1.0
GNSS1,2021-12-31,86400,0.9997569444444444,0.00024305555555555555
GNSS1,2022-01-01,86400,0.9996875,0.0003125
GNSS1,2022-01-02,86400,0.9995833333333334,0.0004166666666666667
GNSS1,2022-01-03,86400,0.9995949074074074,0.0004050925925925926
GNSS1,2022-01-04,86400,0.9996759259259259,0.00032407407407407406
GNSS1,2022-01-05,86400,0.9997453703703704,0.0002546296296296296
GNSS1,2022-01-06,86382,0.9999536940566321,4.630594336783126e-05
GNSS2,2021-12-30,18,0.0,1.0
GNSS2,2021-12-31,86400,0.9997337962962963,0.0002662037037037037
GNSS2,2022-01-01,86251,0.9993739203023733,0.0006144856291521258
GNSS2,2022-01-02,86400,0.9997337962962963,0.0002662037037037037
GNSS2,2022-01-03,86400,0.9997106481481481,0.00028935185185185184
GNSS2,2022-01-04,86400,0.9996759259259259,0.00032407407407407406
GNSS2,2022-01-05,86400,0.9997453703703704,0.0002546296296296296
GNSS2,2022-01-06,86382,0.9999536940566321,4.630594336783126e-05
