basal_or_forcing,endpoint,proc,n_combinations,n_with_both_onsets,n_lead_gt_1h,n_abs_le_1h,n_lead_lt_-1h,median_lead_h,min_lead_h,max_lead_h,label,status
level,accel_GNSS1,causal,32,10,10,0,0,4.875,3.25,7.75,"indeterminate (n = 1 event, one site)",pre-registered
level,accel_GNSS1,causal-robust,32,19,13,0,6,5.0,-19.75,20.25,"level leads (n = 1 event, one site)",post hoc (A3)
level,accel_GNSS1,centred,32,22,7,0,15,-8.875,-27.0,48.5,"level lags (n = 1 event, one site)",pre-registered
level,speed_GNSS1,causal,32,8,8,0,0,4.625,3.25,5.5,"indeterminate (n = 1 event, one site)",pre-registered
level,speed_GNSS1,causal-robust,32,26,13,0,13,0.625,-10.5,19.5,"indeterminate (n = 1 event, one site)",post hoc (A3)
level,speed_GNSS1,centred,32,30,10,0,20,-8.0,-21.75,11.25,"level lags (n = 1 event, one site)",pre-registered
level,speed_GNSS2,causal,32,15,7,0,8,-10.75,-13.0,8.25,"indeterminate (n = 1 event, one site)",pre-registered
level,speed_GNSS2,causal-robust,32,28,12,1,15,-2.25,-20.0,18.5,"level lags (n = 1 event, one site)",post hoc (A3)
level,speed_GNSS2,centred,32,29,2,3,24,-17.75,-28.75,7.25,"level lags (n = 1 event, one site)",pre-registered
rain,accel_GNSS1,causal,32,10,10,0,0,25.25,25.0,26.5,"indeterminate (n = 1 event, one site)",pre-registered
rain,accel_GNSS1,causal-robust,32,19,17,0,2,25.25,-2.0,41.5,"rain leads (n = 1 event, one site)",post hoc (A3)
rain,accel_GNSS1,centred,32,20,19,1,0,12.875,-0.5,73.25,"rain leads (n = 1 event, one site)",pre-registered
rain,level,causal,32,32,32,0,0,18.875,16.75,26.5,"rain leads (n = 1 event, one site)",pre-registered
rain,level,causal-robust,32,32,32,0,0,18.875,16.75,26.5,"rain leads (n = 1 event, one site)",post hoc (A3)
rain,level,centred,32,30,30,0,0,23.375,14.25,32.75,"rain leads (n = 1 event, one site)",pre-registered
rain,speed_GNSS1,causal,32,8,8,0,0,25.625,25.25,26.5,"indeterminate (n = 1 event, one site)",pre-registered
rain,speed_GNSS1,causal-robust,32,26,26,0,0,22.875,11.5,36.25,"rain leads (n = 1 event, one site)",post hoc (A3)
rain,speed_GNSS1,centred,32,28,28,0,0,17.625,1.75,37.75,"rain leads (n = 1 event, one site)",pre-registered
rain,speed_GNSS2,causal,32,15,15,0,0,10.25,9.0,31.25,"indeterminate (n = 1 event, one site)",pre-registered
rain,speed_GNSS2,causal-robust,32,28,25,1,2,19.125,-3.25,36.25,"rain leads (n = 1 event, one site)",post hoc (A3)
rain,speed_GNSS2,centred,32,27,18,6,3,5.5,-5.25,26.5,"rain leads (n = 1 event, one site)",pre-registered
rain,uplift_GNSS1,causal,32,11,11,0,0,24.25,19.25,48.0,"indeterminate (n = 1 event, one site)",pre-registered
rain,uplift_GNSS1,causal-robust,32,14,13,0,1,27.0,-4.0,48.5,"indeterminate (n = 1 event, one site)",post hoc (A3)
rain,uplift_GNSS1,centred,32,16,16,0,0,47.5,1.5,60.25,"rain leads (n = 1 event, one site)",pre-registered
tpos,accel_GNSS1,causal,32,10,10,0,0,36.875,34.0,42.5,"indeterminate (n = 1 event, one site)",pre-registered
tpos,accel_GNSS1,causal-robust,32,19,19,0,0,41.25,7.25,49.0,"tpos leads (n = 1 event, one site)",post hoc (A3)
tpos,accel_GNSS1,centred,32,18,18,0,0,16.5,4.75,84.0,"tpos leads (n = 1 event, one site)",pre-registered
tpos,level,causal,32,30,30,0,0,27.875,25.75,37.5,"tpos leads (n = 1 event, one site)",pre-registered
tpos,level,causal-robust,32,30,30,0,0,27.875,25.75,37.5,"tpos leads (n = 1 event, one site)",post hoc (A3)
tpos,level,centred,32,25,25,0,0,26.75,15.75,38.0,"tpos leads (n = 1 event, one site)",pre-registered
tpos,speed_GNSS1,causal,32,8,8,0,0,37.5,35.0,42.5,"indeterminate (n = 1 event, one site)",pre-registered
tpos,speed_GNSS1,causal-robust,32,26,26,0,0,30.5,22.25,45.25,"tpos leads (n = 1 event, one site)",post hoc (A3)
tpos,speed_GNSS1,centred,32,24,24,0,0,20.5,3.5,40.5,"tpos leads (n = 1 event, one site)",pre-registered
tpos,speed_GNSS2,causal,32,15,15,0,0,26.25,18.75,34.5,"indeterminate (n = 1 event, one site)",pre-registered
tpos,speed_GNSS2,causal-robust,32,28,28,0,0,26.125,5.75,45.25,"tpos leads (n = 1 event, one site)",post hoc (A3)
tpos,speed_GNSS2,centred,32,23,20,0,3,13.5,-3.25,37.0,"tpos leads (n = 1 event, one site)",pre-registered
tpos,uplift_GNSS1,causal,32,11,11,0,0,36.5,29.0,56.75,"indeterminate (n = 1 event, one site)",pre-registered
tpos,uplift_GNSS1,causal-robust,32,14,14,0,0,36.125,5.25,57.5,"indeterminate (n = 1 event, one site)",post hoc (A3)
tpos,uplift_GNSS1,centred,32,15,15,0,0,53.0,9.0,64.25,"indeterminate (n = 1 event, one site)",pre-registered
uplift_GNSS1,accel_GNSS1,causal,32,9,4,3,2,1.0,-17.5,6.0,"indeterminate (n = 1 event, one site)",pre-registered
uplift_GNSS1,accel_GNSS1,causal-robust,32,13,5,1,7,-10.0,-37.75,13.0,"indeterminate (n = 1 event, one site)",post hoc (A3)
uplift_GNSS1,accel_GNSS1,centred,32,14,2,0,12,-40.625,-54.5,43.75,"indeterminate (n = 1 event, one site)",pre-registered
uplift_GNSS1,speed_GNSS1,causal,32,8,4,2,2,1.125,-17.5,6.0,"indeterminate (n = 1 event, one site)",pre-registered
uplift_GNSS1,speed_GNSS1,causal-robust,32,14,3,3,8,-11.0,-33.25,17.0,"indeterminate (n = 1 event, one site)",post hoc (A3)
uplift_GNSS1,speed_GNSS1,centred,32,16,1,3,12,-34.125,-58.5,23.75,"uplift_GNSS1 lags (n = 1 event, one site)",pre-registered
uplift_GNSS1,speed_GNSS2,causal,32,10,0,2,8,-14.625,-33.75,0.5,"indeterminate (n = 1 event, one site)",pre-registered
uplift_GNSS1,speed_GNSS2,causal-robust,32,14,2,1,11,-22.75,-42.5,1.75,"indeterminate (n = 1 event, one site)",post hoc (A3)
uplift_GNSS1,speed_GNSS2,centred,32,16,1,1,14,-43.25,-63.75,8.25,"uplift_GNSS1 lags (n = 1 event, one site)",pre-registered
