part,proc,station,h,H,model,n_train,r2,r2_adj,aic,bic,first_origin,n_test,event_onset_cp,onset_before_first_origin,rmse,rmse_period2,n_test_period2,n_test_onset,rmse_onset,skill_rmse_vs_M1,skill_rmse_vs_M2,skill_rmse_period2_vs_M1,skill_rmse_period2_vs_M2,skill_rmse_onset_vs_M1,skill_rmse_onset_vs_M2
4a,causal,GNSS1,1,1,M1,264.0,0.4646481573776986,0.4584710207320567,89.71524103574382,104.01903744832907,,,,,,,,,,,,,,,
4a,causal,GNSS1,1,1,M2,264.0,0.4696056888365173,0.45081218962206326,99.2591256829611,135.01861671442424,,,,,,,,,,,,,,,
4a,causal,GNSS1,1,1,M3,264.0,0.5036905956829731,0.4736718817121852,93.72393363875312,150.93911928909418,,,,,,,,,,,,,,,
4b,causal,GNSS1,1,1,M1,,,,,,2022-01-04 16:00:00,184.0,2022-01-03 10:00:00,True,0.22195576064652195,0.2628264182387305,32.0,,,0.0,0.017839132584222095,0.0,0.015767470868521816,,
4b,causal,GNSS1,1,1,M2,,,,,,2022-01-04 16:00:00,184.0,2022-01-03 10:00:00,True,0.2259871758386414,0.26703691501708227,32.0,,,-0.01816314737845315,0.0,-0.01602006680518442,0.0,,
4b,causal,GNSS1,1,1,M3,,,,,,2022-01-04 16:00:00,184.0,2022-01-03 10:00:00,True,0.251030686775649,0.32388918774195097,32.0,,,-0.13099423977299085,-0.11081828357768897,-0.23233117093942957,-0.21290042510127072,,
4c,causal,GNSS1,1,1,M1,140.0,,,,,,125.0,,,0.3558749369846931,,,14.0,0.8394044661752823,0.0,0.006367222193155664,,,0.0,0.007931139398545284
4c,causal,GNSS1,1,1,M2,140.0,,,,,,125.0,,,0.3581553919448829,,,14.0,0.8461151231643158,-0.006408023502615823,0.0,,,-0.007994545251361895,0.0
4c,causal,GNSS1,1,1,M3,140.0,,,,,,125.0,,,0.39017104509504175,,,14.0,0.8497459300340524,-0.09637123760649602,-0.08939039833047047,,,-0.012320000995337255,-0.004291149951507922
4a,causal,GNSS1,1,3,M1,262.0,0.4887300023141363,0.4827850023410448,91.04285887830531,105.3162368933497,,,,,,,,,,,,,,,
4a,causal,GNSS1,1,3,M2,262.0,0.5005301730794294,0.48269196497512323,96.92499324940684,132.6084382870178,,,,,,,,,,,,,,,
4a,causal,GNSS1,1,3,M3,262.0,0.5163508482627407,0.4868600463275419,100.49188424479917,157.5853963049767,,,,,,,,,,,,,,,
4b,causal,GNSS1,1,3,M1,,,,,,2022-01-04 18:00:00,180.0,2022-01-03 10:00:00,True,0.22354593686042998,0.2665317017717288,30.0,,,0.0,-0.0016756935859543187,0.0,-0.013329237384841264,,
4b,causal,GNSS1,1,3,M2,,,,,,2022-01-04 18:00:00,180.0,2022-01-03 10:00:00,True,0.22317196902337272,0.26302576886026,30.0,,,0.0016728903343510293,0.0,0.013153905851212566,0.0,,
4b,causal,GNSS1,1,3,M3,,,,,,2022-01-04 18:00:00,180.0,2022-01-03 10:00:00,True,0.24502301884981859,0.2712926718606558,30.0,,,-0.09607457997681146,-0.09791126512020609,-0.0178626784629341,-0.03143001172933668,,
4c,causal,GNSS1,1,3,M1,138.0,,,,,,125.0,,,0.35501308508971513,,,14.0,0.8300606845495844,0.0,0.00021147998074755314,,,0.0,-0.004081768419257115
4c,causal,GNSS1,1,3,M2,138.0,,,,,,125.0,,,0.35508817913100144,,,14.0,0.8266863423447703,-0.00021152471398999673,0.0,,,0.0040651753150373615,0.0
4c,causal,GNSS1,1,3,M3,138.0,,,,,,125.0,,,0.5133918839373514,,,14.0,0.9785020728946194,-0.4461210177861823,-0.44581519214118215,,,-0.17883197109327464,-0.18364369020449378
4a,causal,GNSS1,1,6,M1,259.0,0.4861305477353035,0.4800850247674836,89.98525469075821,104.21256693755636,,,,,,,,,,,,,,,
4a,causal,GNSS1,1,6,M2,259.0,0.5002742881928551,0.4822119130672957,94.75659635051466,130.32487696751002,,,,,,,,,,,,,,,
4a,causal,GNSS1,1,6,M3,259.0,0.5175890764029139,0.48781062432901967,97.62345809069654,154.53270707788914,,,,,,,,,,,,,,,
4b,causal,GNSS1,1,6,M1,,,,,,2022-01-04 21:00:00,174.0,2022-01-03 10:00:00,True,0.22414292060780458,0.3021020965188645,27.0,,,0.0,0.004240429628023179,0.0,-0.03467462977476443,,
4b,causal,GNSS1,1,6,M2,,,,,,2022-01-04 21:00:00,174.0,2022-01-03 10:00:00,True,0.22509743042095348,0.29197787190803,27.0,,,-0.004258487444352754,0.0,0.03351259301903686,0.0,,
4b,causal,GNSS1,1,6,M3,,,,,,2022-01-04 21:00:00,174.0,2022-01-03 10:00:00,True,0.25505580754920193,0.3209893893871073,27.0,,,-0.13791596387506422,-0.13309071130764782,-0.06251956899962585,-0.09936204168313023,,
4c,causal,GNSS1,1,6,M1,135.0,,,,,,125.0,,,0.3521118809348205,,,14.0,0.8189399623092001,0.0,0.0020364991902525054,,,0.0,-0.012221282157331537
4c,causal,GNSS1,1,6,M2,135.0,,,,,,125.0,,,0.3528304197990377,,,14.0,0.8090523057999789,-0.0020406549824718567,0.0,,,0.012073725748271591,0.0
4c,causal,GNSS1,1,6,M3,135.0,,,,,,125.0,,,0.3771929775577785,,,14.0,0.8423922840713995,-0.07123047525795001,-0.06904891526251355,,,-0.028637412803827367,-0.04120868086329055
4a,causal,GNSS1,3,1,M1,264.0,0.4625618088561899,0.4563605989583768,-378.48726799651934,-364.1834715839341,,,,,,,,,,,,,,,
4a,causal,GNSS1,3,1,M2,264.0,0.47681169834114445,0.4582735301721299,-373.5815603420061,-337.822069310543,,,,,,,,,,,,,,,
4a,causal,GNSS1,3,1,M3,264.0,0.5316626105414572,0.5033357523080777,-390.82021687053486,-333.60503122019384,,,,,,,,,,,,,,,
4b,causal,GNSS1,3,1,M1,,,,,,2022-01-04 16:00:00,184.0,2022-01-03 10:00:00,True,0.08645839161811407,0.103344157295079,32.0,,,0.0,0.021703476375591002,0.0,0.05167072144263385,,
4b,causal,GNSS1,3,1,M2,,,,,,2022-01-04 16:00:00,184.0,2022-01-03 10:00:00,True,0.08837646820802511,0.1089749727566041,32.0,,,-0.022184967289041957,0.0,-0.054486055224655106,0.0,,
4b,causal,GNSS1,3,1,M3,,,,,,2022-01-04 16:00:00,184.0,2022-01-03 10:00:00,True,0.09509141844428785,0.12101994489098108,32.0,,,-0.09985180922987547,-0.0759812014716037,-0.17103809309153628,-0.11052970998469025,,
4c,causal,GNSS1,3,1,M1,140.0,,,,,,125.0,,,0.15110748956810244,,,14.0,0.34230953489658916,0.0,0.0012119713747873462,,,0.0,-0.0013055503941290514
4c,causal,GNSS1,3,1,M2,140.0,,,,,,125.0,,,0.15129084974726337,,,14.0,0.3418632152411928,-0.0012134420317948535,0.0,,,0.0013038481546568947,0.0
4c,causal,GNSS1,3,1,M3,140.0,,,,,,125.0,,,0.18743233500764603,,,14.0,0.36257993586466647,-0.24039076781281832,-0.2388874497086788,,,-0.05921658295086907,-0.06059944357820868
4a,causal,GNSS1,3,3,M1,262.0,0.5014255075369847,0.49562812971764725,-371.6059364862465,-357.3325584712021,,,,,,,,,,,,,,,
4a,causal,GNSS1,3,3,M2,262.0,0.5100985440198829,0.49260206344916435,-364.20370920342657,-328.5202641658156,,,,,,,,,,,,,,,
4a,causal,GNSS1,3,3,M3,262.0,0.5297826978439487,0.5011109111271164,-362.9481530781659,-305.85464101798834,,,,,,,,,,,,,,,
4b,causal,GNSS1,3,3,M1,,,,,,2022-01-04 18:00:00,180.0,2022-01-03 10:00:00,True,0.08739477074108085,0.10563425560564288,30.0,,,0.0,0.012740816016344247,0.0,0.033356725778872054,,
4b,causal,GNSS1,3,3,M2,,,,,,2022-01-04 18:00:00,180.0,2022-01-03 10:00:00,True,0.0885226211707013,0.10927946060635202,30.0,,,-0.012905239295859738,0.0,-0.03450779275917393,0.0,,
4b,causal,GNSS1,3,3,M3,,,,,,2022-01-04 18:00:00,180.0,2022-01-03 10:00:00,True,0.08900057534915042,0.10734941917357042,30.0,,,-0.018374149785540306,-0.005399232107321517,-0.0162368121789076,0.01766152049133929,,
4c,causal,GNSS1,3,3,M1,138.0,,,,,,125.0,,,0.15351998179808646,,,14.0,0.3436550685593394,0.0,-0.00126234499856559,,,0.0,0.009698126211233227
4c,causal,GNSS1,3,3,M2,138.0,,,,,,125.0,,,0.15332643094483533,,,14.0,0.34702051733433525,0.0012607534926996067,0.0,,,-0.009793100940150179,0.0
4c,causal,GNSS1,3,3,M3,138.0,,,,,,125.0,,,0.16098887657237243,,,14.0,0.3434320260214924,-0.048650961827948036,-0.04997472112485246,,,0.0006490302581074747,0.010340862091982594
4a,causal,GNSS1,3,6,M1,259.0,0.5048558162607643,0.49903059056971444,-370.24949689085975,-356.0221846440616,,,,,,,,,,,,,,,
4a,causal,GNSS1,3,6,M2,259.0,0.5099301622585523,0.4922167946293433,-360.91748010330593,-325.34919948631057,,,,,,,,,,,,,,,
4a,causal,GNSS1,3,6,M3,259.0,0.526335250831732,0.49709668606825874,-357.735942078172,-300.8266930909794,,,,,,,,,,,,,,,
4b,causal,GNSS1,3,6,M1,,,,,,2022-01-04 21:00:00,174.0,2022-01-03 10:00:00,True,0.08612731836488627,0.11572777955008465,27.0,,,0.0,0.027176561908586305,0.0,-0.04581997899839618,,
4b,causal,GNSS1,3,6,M2,,,,,,2022-01-04 21:00:00,174.0,2022-01-03 10:00:00,True,0.08853335044420785,0.1106574571858147,27.0,,,-0.027935759814652572,0.0,0.04381249155545763,0.0,,
4b,causal,GNSS1,3,6,M3,,,,,,2022-01-04 21:00:00,174.0,2022-01-03 10:00:00,True,0.09007854192812964,0.11344765982864458,27.0,,,-0.04587654228944693,-0.017453213689179625,0.01970244076490968,-0.02521477281142115,,
4c,causal,GNSS1,3,6,M1,135.0,,,,,,125.0,,,0.15118256334669017,,,14.0,0.3371663353901396,0.0,0.0024444348657421955,,,0.0,0.010638120593099543
4c,causal,GNSS1,3,6,M2,135.0,,,,,,125.0,,,0.15155302484462907,,,14.0,0.3407917187917762,-0.0024504247694845382,0.0,,,-0.010752507059880845,0.0
4c,causal,GNSS1,3,6,M3,135.0,,,,,,125.0,,,0.153388267066619,,,14.0,0.3312748853854491,-0.014589670072406191,-0.012109571708459166,,,0.017473423015003764,0.027925659226895494
4a,causal,GNSS1,6,1,M1,264.0,0.4176991773637243,0.4109803217179211,-698.1507341763096,-683.8469377637243,,,,,,,,,,,,,,,
4a,causal,GNSS1,6,1,M2,264.0,0.4301948958957872,0.4100049512621734,-691.877636502786,-656.1181454713228,,,,,,,,,,,,,,,
4a,causal,GNSS1,6,1,M3,264.0,0.4849941293005954,0.453844580669583,-706.5722815489863,-649.3570958986453,,,,,,,,,,,,,,,
4b,causal,GNSS1,6,1,M1,,,,,,2022-01-04 16:00:00,184.0,2022-01-03 10:00:00,True,0.04846994849461637,0.05045127819520928,32.0,,,0.0,0.04035799423019926,0.0,0.12192271515470932,,
4b,causal,GNSS1,6,1,M2,,,,,,2022-01-04 16:00:00,184.0,2022-01-03 10:00:00,True,0.05050836478936225,0.057456534938263824,32.0,,,-0.04205526017780459,0.0,-0.13885191800194563,0.0,,
4b,causal,GNSS1,6,1,M3,,,,,,2022-01-04 16:00:00,184.0,2022-01-03 10:00:00,True,0.05331121587908473,0.06323845301532591,32.0,,,-0.09988183472087009,-0.05549280998130435,-0.25345591385494104,-0.10063116551101925,,
4c,causal,GNSS1,6,1,M1,140.0,,,,,,125.0,,,0.08234212824935312,,,14.0,0.1830248725193022,0.0,0.004939608228623049,,,0.0,0.007982923670325492
4c,causal,GNSS1,6,1,M2,140.0,,,,,,125.0,,,0.08275088520282685,,,14.0,0.18449770360452747,-0.004964129081481916,0.0,,,-0.0080471635628101,0.0
4c,causal,GNSS1,6,1,M3,140.0,,,,,,125.0,,,0.1290931273538677,,,14.0,0.21578301457265547,-0.567765250892478,-0.5600211047586201,,,-0.17898191432914956,-0.16957019169836585
4a,causal,GNSS1,6,3,M1,262.0,0.49940494175305095,0.49358406898273754,-683.1810154702152,-668.9076374551709,,,,,,,,,,,,,,,
4a,causal,GNSS1,6,3,M2,262.0,0.517238922377253,0.49999745531929773,-680.6852329745348,-645.0017879369238,,,,,,,,,,,,,,,
4a,causal,GNSS1,6,3,M3,262.0,0.5494903029737536,0.5220201994965434,-686.8005066959124,-629.7069946357349,,,,,,,,,,,,,,,
4b,causal,GNSS1,6,3,M1,,,,,,2022-01-04 18:00:00,180.0,2022-01-03 10:00:00,True,0.05021524620191998,0.0522190995920505,30.0,,,0.0,0.02149034166726327,0.0,0.03875871462075253,,
4b,causal,GNSS1,6,3,M2,,,,,,2022-01-04 18:00:00,180.0,2022-01-03 10:00:00,True,0.05131808947852466,0.054324653327232,30.0,,,-0.0219623194153038,0.0,-0.04032152510538567,0.0,,
4b,causal,GNSS1,6,3,M3,,,,,,2022-01-04 18:00:00,180.0,2022-01-03 10:00:00,True,0.052040842603422184,0.05178971454094336,30.0,,,-0.03635542070552278,-0.014083788625840699,0.00822275861632249,0.04666276968246974,,
4c,causal,GNSS1,6,3,M1,138.0,,,,,,125.0,,,0.08403310934864663,,,14.0,0.18347848396382796,0.0,-0.003952722794319685,,,0.0,0.013304205932181956
4c,causal,GNSS1,6,3,M2,138.0,,,,,,125.0,,,0.08370225752738213,,,14.0,0.1859524334317949,0.0039371602910922565,0.0,,,-0.013483594449443359,0.0
4c,causal,GNSS1,6,3,M3,138.0,,,,,,125.0,,,0.10508769399037457,,,14.0,0.19415150420757757,-0.25055106023001184,-0.25549414191124376,,,-0.058170418749774244,-0.044092301587383975
4a,causal,GNSS1,6,6,M1,259.0,0.5389880258975119,0.5335643556139533,-680.8544029930911,-666.6270907462929,,,,,,,,,,,,,,,
4a,causal,GNSS1,6,6,M2,259.0,0.5494155335126841,0.5331293479769981,-674.7799247548135,-639.2116441378181,,,,,,,,,,,,,,,
4a,causal,GNSS1,6,6,M3,259.0,0.567231988216919,0.5405179134154943,-673.2289533055639,-616.3197043183714,,,,,,,,,,,,,,,
4b,causal,GNSS1,6,6,M1,,,,,,2022-01-04 21:00:00,174.0,2022-01-03 10:00:00,True,0.04928871211224849,0.05926797423638207,27.0,,,0.0,0.022912851008387358,0.0,0.07431929044387875,,
4b,causal,GNSS1,6,6,M2,,,,,,2022-01-04 21:00:00,174.0,2022-01-03 10:00:00,True,0.0504445403494623,0.06402636851404413,27.0,,,-0.023450161054757723,0.0,-0.08028609614163407,0.0,,
4b,causal,GNSS1,6,6,M3,,,,,,2022-01-04 21:00:00,174.0,2022-01-03 10:00:00,True,0.051528079887113824,0.06307921033086819,27.0,,,-0.045433684080961045,-0.021479817838464532,-0.06430515204190268,0.014793251673616004,,
4c,causal,GNSS1,6,6,M1,135.0,,,,,,125.0,,,0.08328049671384674,,,14.0,0.18035588161571914,0.0,-0.0019750335415233966,,,0.0,0.019947673498967422
4c,causal,GNSS1,6,6,M2,135.0,,,,,,125.0,,,0.08311633915616468,,,14.0,0.18402678789572682,0.0019711404729743087,0.0,,,-0.020353682104081505,0.0
4c,causal,GNSS1,6,6,M3,135.0,,,,,,125.0,,,0.08500777157379685,,,14.0,0.17888853768513965,-0.020740448581677562,-0.022756445204816123,,,0.008135825221968207,0.027921207935763137
4a,causal,GNSS1,12,1,M1,264.0,0.38051699863243116,0.3733691178474208,-1040.4189475509384,-1026.115151138353,,,,,,,,,,,,,,,
4a,causal,GNSS1,12,1,M2,264.0,0.4001738089006689,0.37892012496407845,-1036.9317145827517,-1001.1722235512885,,,,,,,,,,,,,,,
4a,causal,GNSS1,12,1,M3,264.0,0.4645843682067915,0.43220035821929903,-1054.9212182006568,-997.7060325503157,,,,,,,,,,,,,,,
4b,causal,GNSS1,12,1,M1,,,,,,2022-01-04 16:00:00,184.0,2022-01-03 10:00:00,True,0.025278887206184916,0.023134854679625328,32.0,,,0.0,0.08472168715539163,0.0,0.28676354730722164,,
4b,causal,GNSS1,12,1,M2,,,,,,2022-01-04 16:00:00,184.0,2022-01-03 10:00:00,True,0.027618798404192766,0.03243644459320773,32.0,,,-0.09256385294663416,0.0,-0.4020595781729388,0.0,,
4b,causal,GNSS1,12,1,M3,,,,,,2022-01-04 16:00:00,184.0,2022-01-03 10:00:00,True,0.027670485061821442,0.03241877644468266,32.0,,,-0.09460851010290439,-0.0018714303523368336,-0.40129587557918,0.0005447005288848894,,
4c,causal,GNSS1,12,1,M1,140.0,,,,,,125.0,,,0.04338381560483661,,,14.0,0.09570728772102036,0.0,0.9999999999939597,,,0.0,0.9999999999858767
4c,causal,GNSS1,12,1,M2,140.0,,,,,,125.0,,,7182463372.514039,,,14.0,6776579567.7980585,-165556285733.19687,0.0,,,-70805261846.47064,0.0
4c,causal,GNSS1,12,1,M3,140.0,,,,,,125.0,,,8121476880.0661125,,,14.0,7685568469.001728,-187200613104.1483,-0.13073697126608463,,,-80302855215.25677,-0.13413682996111143
4a,causal,GNSS1,12,3,M1,262.0,0.450372427603826,0.4439814093201495,-1021.567591808094,-1007.2942137930496,,,,,,,,,,,,,,,
4a,causal,GNSS1,12,3,M2,262.0,0.4847203642171596,0.46631752008205807,-1026.4747589664596,-990.7913139288487,,,,,,,,,,,,,,,
4a,causal,GNSS1,12,3,M3,262.0,0.5379756692794762,0.5098034539916393,-1043.0569106013647,-985.9633985411872,,,,,,,,,,,,,,,
4b,causal,GNSS1,12,3,M1,,,,,,2022-01-04 18:00:00,180.0,2022-01-03 10:00:00,True,0.026313523378982694,0.023304994789554744,30.0,,,0.0,0.04913354983756024,0.0,0.19727383109832897,,
4b,causal,GNSS1,12,3,M2,,,,,,2022-01-04 18:00:00,180.0,2022-01-03 10:00:00,True,0.02767320623678274,0.02903230976192264,30.0,,,-0.05167239818921643,0.0,-0.24575482741300014,0.0,,
4b,causal,GNSS1,12,3,M3,,,,,,2022-01-04 18:00:00,180.0,2022-01-03 10:00:00,True,0.027223836342217145,0.025095673807247757,30.0,,,-0.03459487162260988,0.01623844706394384,-0.07683670534419473,0.1355949969863569,,
4c,causal,GNSS1,12,3,M1,138.0,,,,,,125.0,,,0.04401244848090745,,,14.0,0.09458388961210391,0.0,0.9999999999895316,,,0.0,0.9999999999761372
4c,causal,GNSS1,12,3,M2,138.0,,,,,,125.0,,,4204331075.7995567,,,14.0,3963661559.6814337,-95525952789.91075,0.0,,,-41906307467.81658,0.0
4c,causal,GNSS1,12,3,M3,138.0,,,,,,125.0,,,8213229938.664889,,,14.0,7686280373.085844,-186611520651.5667,-0.9535164549578061,,,-81264160360.85332,-0.9391868496723024
4a,causal,GNSS1,12,6,M1,259.0,0.48676171683160796,0.480723619382568,-1013.4438234198601,-999.2165111730619,,,,,,,,,,,,,,,
4a,causal,GNSS1,12,6,M2,259.0,0.517526055476804,0.5000872382048812,-1017.4534703480701,-981.8851897310748,,,,,,,,,,,,,,,
4a,causal,GNSS1,12,6,M3,259.0,0.5524109833738731,0.5247820317302849,-1024.891803814363,-967.9825548271704,,,,,,,,,,,,,,,
4b,causal,GNSS1,12,6,M1,,,,,,2022-01-04 21:00:00,174.0,2022-01-03 10:00:00,True,0.026653655403793743,0.02779560962143792,27.0,,,0.0,0.023173274564720736,0.0,0.1708130580282302,,
4b,causal,GNSS1,12,6,M2,,,,,,2022-01-04 21:00:00,174.0,2022-01-03 10:00:00,True,0.027285960457231275,0.03352152357264719,27.0,,,-0.02372301449307157,0.0,-0.2060006608667091,0.0,,
4b,causal,GNSS1,12,6,M3,,,,,,2022-01-04 21:00:00,174.0,2022-01-03 10:00:00,True,0.026844180867105286,0.02948960490375994,27.0,,,-0.007148192637187911,0.016190728958155876,-0.06094470693010057,0.12027850285949426,,
4c,causal,GNSS1,12,6,M1,135.0,,,,,,125.0,,,0.04546663298608381,,,14.0,0.09385172124234335,0.0,0.9999999999911762,,,0.0,0.9999999999807415
4c,causal,GNSS1,12,6,M2,135.0,,,,,,125.0,,,5152714619.759837,,,14.0,4873275432.010849,-113329584385.35544,0.0,,,-51925264314.90004,0.0
4c,causal,GNSS1,12,6,M3,135.0,,,,,,125.0,,,10698069851.746696,,,14.0,10053167512.27434,-235294965760.39926,-1.0762007293633746,,,-107117561394.75864,-1.062917980428232
4a,causal,GNSS2,1,1,M1,272.0,0.5031511800567547,0.497589439535002,-196.54095552667735,-182.11774726149335,,,,,,,,,,,,,,,
4a,causal,GNSS2,1,1,M2,272.0,0.5071874439039123,0.49025876831282533,-186.75963330920928,-150.70161264624932,,,,,,,,,,,,,,,
4a,causal,GNSS2,1,1,M3,272.0,0.5418268559622916,0.5149807733038322,-194.58346510999303,-136.89063204925708,,,,,,,,,,,,,,,
4b,causal,GNSS2,1,1,M1,,,,,,2022-01-04 16:00:00,192.0,2022-01-02 17:45:00,True,0.15907781405500224,0.16117767031700148,32.0,,,0.0,0.017471697711130663,0.0,0.015613630892162056,,
4b,causal,GNSS2,1,1,M2,,,,,,2022-01-04 16:00:00,192.0,2022-01-02 17:45:00,True,0.16190659717834,0.1637341549772564,32.0,,,-0.017782386187175536,0.0,-0.01586128311215118,0.0,,
4b,causal,GNSS2,1,1,M3,,,,,,2022-01-04 16:00:00,192.0,2022-01-02 17:45:00,True,0.16355837555770653,0.17225461829561634,32.0,,,-0.028165847823098167,-0.010202044933024457,-0.06872507808822959,-0.05203839919376296,,
4c,causal,GNSS2,1,1,M1,148.0,,,,,,125.0,,,0.18392401572643852,,,13.0,0.11721574624870738,0.0,0.9996577875052931,,,0.0,0.9999288632512131
4c,causal,GNSS2,1,1,M2,148.0,,,,,,125.0,,,537.4555826314372,,,13.0,1647.752367764809,-2921.1609832118274,0.0,,,-14056.431876674844,0.0
4c,causal,GNSS2,1,1,M3,148.0,,,,,,125.0,,,441.8279215732633,,,13.0,1354.5778754078606,-2401.230724618481,0.17792663086681715,,,-11555.27907306693,0.1779238786679106
4a,causal,GNSS2,1,3,M1,272.0,0.44264464195102116,0.4364055894355475,-215.03376324171774,-200.61055497653373,,,,,,,,,,,,,,,
4a,causal,GNSS2,1,3,M2,272.0,0.45016663994697226,0.43127923444896754,-206.72963712498841,-170.67161646202845,,,,,,,,,,,,,,,
4a,causal,GNSS2,1,3,M3,272.0,0.4736199248211108,0.4427773422910978,-206.58658561934175,-148.8937525586058,,,,,,,,,,,,,,,
4b,causal,GNSS2,1,3,M1,,,,,,2022-01-04 18:00:00,190.0,2022-01-02 17:45:00,True,0.15409428053933893,0.16486273259693798,30.0,,,0.0,0.011972543227054988,0.0,0.001082957533047324,,
4b,causal,GNSS2,1,3,M2,,,,,,2022-01-04 18:00:00,190.0,2022-01-02 17:45:00,True,0.15596153678019778,0.16504146549526125,30.0,,,-0.012117621980019866,0.0,-0.001084131601531979,0.0,,
4b,causal,GNSS2,1,3,M3,,,,,,2022-01-04 18:00:00,190.0,2022-01-02 17:45:00,True,0.15843416666152924,0.16076480065826082,30.0,,,-0.02816383649672427,-0.01585410051977254,0.02485662996194493,0.025912668820328832,,
4c,causal,GNSS2,1,3,M1,148.0,,,,,,125.0,,,0.17085316569215797,,,13.0,0.11918462833965565,0.0,0.998041835868607,,,0.0,0.9995549802397352
4c,causal,GNSS2,1,3,M2,148.0,,,,,,125.0,,,87.25170834919261,,,13.0,267.81873296756885,-509.68242133951514,0.0,,,-2246.0912289488506,0.0
4c,causal,GNSS2,1,3,M3,148.0,,,,,,125.0,,,218.7456829696432,,,13.0,671.4854669373317,-1279.3139004387992,-1.507064756763211,,,-5632.993882363033,-1.507238606862666
4a,causal,GNSS2,1,6,M1,272.0,0.5088298968340376,0.5033317240374037,-225.41192563166481,-210.9887173664808,,,,,,,,,,,,,,,
4a,causal,GNSS2,1,6,M2,272.0,0.5264112437553908,0.5101429277011866,-223.32664328415603,-187.26862262119607,,,,,,,,,,,,,,,
4a,causal,GNSS2,1,6,M3,272.0,0.5432286768226552,0.5164647321052327,-221.16120135941674,-163.4683682986808,,,,,,,,,,,,,,,
4b,causal,GNSS2,1,6,M1,,,,,,2022-01-04 21:00:00,187.0,2022-01-02 17:45:00,True,0.15035923436876317,0.15871968689973898,27.0,,,0.0,-0.00473787380842805,0.0,-0.042027999855725806,,
4b,causal,GNSS2,1,6,M2,,,,,,2022-01-04 21:00:00,187.0,2022-01-02 17:45:00,True,0.14965021055574534,0.15231806335502937,27.0,,,0.0047155322118687115,0.0,0.04033288919447919,0.0,,
4b,causal,GNSS2,1,6,M3,,,,,,2022-01-04 21:00:00,187.0,2022-01-02 17:45:00,True,0.15207912722496317,0.15883186189097745,27.0,,,-0.011438558219722506,-0.016230626473546117,-0.0007067490708279056,-0.04276445217640035,,
4c,causal,GNSS2,1,6,M1,148.0,,,,,,125.0,,,0.16842243219621425,,,13.0,0.19092715013502012,0.0,0.9996077767609489,,,0.0,0.9998550208344031
4c,causal,GNSS2,1,6,M2,148.0,,,,,,125.0,,,429.4045212712903,,,13.0,1316.9281899853006,-2548.568461112286,0.0,,,-6896.542801293548,0.0
4c,causal,GNSS2,1,6,M3,148.0,,,,,,125.0,,,358.89624620823076,,,13.0,1100.7930870681744,-2129.9290070702227,0.1642001226589639,,,-5764.513633287429,0.16412064420880734
4a,causal,GNSS2,3,1,M1,276.0,0.4389197223280069,0.432731336912507,-672.6882670171705,-658.2066635543018,,,,,,,,,,,,,,,
4a,causal,GNSS2,3,1,M2,276.0,0.44794475006146106,0.42926618897331503,-665.163844654004,-628.9598359968326,,,,,,,,,,,,,,,
4a,causal,GNSS2,3,1,M3,276.0,0.4818139659631253,0.45191861784561327,-670.6384575622461,-612.7120437107717,,,,,,,,,,,,,,,
4b,causal,GNSS2,3,1,M1,,,,,,2022-01-04 16:00:00,196.0,2022-01-02 17:45:00,True,0.06505509177016901,0.05210102041925899,32.0,,,0.0,0.017035644946039263,0.0,0.051545405842798986,,
4b,causal,GNSS2,3,1,M2,,,,,,2022-01-04 16:00:00,196.0,2022-01-02 17:45:00,True,0.06618255426627118,0.0549325405140307,32.0,,,-0.017330887797151195,0.0,-0.05434673010214297,0.0,,
4b,causal,GNSS2,3,1,M3,,,,,,2022-01-04 16:00:00,196.0,2022-01-02 17:45:00,True,0.07331973445247406,0.06327812587670047,32.0,,,-0.12704067364170246,-0.10784080888579761,-0.21452757292465408,-0.15192425627098305,,
4c,causal,GNSS2,3,1,M1,152.0,,,,,,125.0,,,0.07844683118624227,,,13.0,0.08017458510976175,0.0,0.9961760727953274,,,0.0,0.9987263081167119
4c,causal,GNSS2,3,1,M2,152.0,,,,,,125.0,,,20.51472922664033,,,13.0,62.946609114591745,-260.5112543926202,0.0,,,-784.1192373295812,0.0
4c,causal,GNSS2,3,1,M3,152.0,,,,,,125.0,,,16.631945120738763,,,13.0,46.54341006547163,-211.01551253552248,0.18926811380280872,,,-579.5257364506734,0.26058908144295356
4a,causal,GNSS2,3,3,M1,276.0,0.4735493124280783,0.46774287102103507,-680.7669496831014,-666.2853462202328,,,,,,,,,,,,,,,
4a,causal,GNSS2,3,3,M2,276.0,0.48946804252223397,0.47219440486321185,-677.2413724629868,-641.0373638058153,,,,,,,,,,,,,,,
4a,causal,GNSS2,3,3,M3,276.0,0.507562926685323,0.47915309553255314,-675.2012612191016,-617.2748473676272,,,,,,,,,,,,,,,
4b,causal,GNSS2,3,3,M1,,,,,,2022-01-04 18:00:00,194.0,2022-01-02 17:45:00,True,0.0624863974654263,0.05702331567465388,30.0,,,0.0,0.029510064611389053,0.0,0.06297023991588224,,
4b,causal,GNSS2,3,3,M2,,,,,,2022-01-04 18:00:00,194.0,2022-01-02 17:45:00,True,0.06438644563624972,0.06085539446424291,30.0,,,-0.030407388614053454,0.0,-0.06720196369241194,0.0,,
4b,causal,GNSS2,3,3,M3,,,,,,2022-01-04 18:00:00,194.0,2022-01-02 17:45:00,True,0.07722983037379628,0.0610150119302021,30.0,,,-0.23594627801238688,-0.19947342349203545,-0.07000112512437573,-0.002622897565029758,,
4c,causal,GNSS2,3,3,M1,152.0,,,,,,125.0,,,0.07787848470885286,,,13.0,0.06366349879587559,0.0,0.9987766698565348,,,0.0,0.9996755190960007
4c,causal,GNSS2,3,3,M2,152.0,,,,,,125.0,,,63.66105268055874,,,13.0,196.2010645655996,-816.440823592733,0.0,,,-3080.845457389634,0.0
4c,causal,GNSS2,3,3,M3,152.0,,,,,,125.0,,,55.166608751069624,,,13.0,170.01689169898407,-707.3677726564515,0.1334323510500669,,,-2669.555261879489,0.13345581444519072
4a,causal,GNSS2,3,6,M1,276.0,0.5510259000365654,0.5460739798163805,-721.2328456346544,-706.7512421717857,,,,,,,,,,,,,,,
4a,causal,GNSS2,3,6,M2,276.0,0.5683554597186803,0.5537509451978838,-720.0969718490616,-683.8929631918901,,,,,,,,,,,,,,,
4a,causal,GNSS2,3,6,M3,276.0,0.5827626581673395,0.5586912730616092,-717.4663993703548,-659.5399855188804,,,,,,,,,,,,,,,
4b,causal,GNSS2,3,6,M1,,,,,,2022-01-04 21:00:00,191.0,2022-01-02 17:45:00,True,0.055991039779759166,0.0525460978908149,27.0,,,0.0,0.021987930703858294,0.0,0.0472037765021992,,
4b,causal,GNSS2,3,6,M2,,,,,,2022-01-04 21:00:00,191.0,2022-01-02 17:45:00,True,0.057249845413518206,0.05514935575407031,27.0,,,-0.022482269282916523,0.0,-0.04954236313921334,0.0,,
4b,causal,GNSS2,3,6,M3,,,,,,2022-01-04 21:00:00,191.0,2022-01-02 17:45:00,True,0.06958159431325646,0.05935117922460071,27.0,,,-0.2427273111368491,-0.21540230913577973,-0.1295068826599841,-0.07618989221320649,,
4c,causal,GNSS2,3,6,M1,152.0,,,,,,125.0,,,0.07427919819553376,,,13.0,0.07678934891234532,0.0,0.9955001120438451,,,0.0,0.9984354354000449
4c,causal,GNSS2,3,6,M2,152.0,,,,,,125.0,,,16.50689948711627,,,13.0,49.08033130402451,-221.2277553893789,0.0,,,-638.1554557917854,0.0
4c,causal,GNSS2,3,6,M3,152.0,,,,,,125.0,,,34.16443840376486,,,13.0,102.36377680950956,-458.9462465094177,-1.0697065751463746,,,-1332.0465521508372,-1.0856374455874116
4a,causal,GNSS2,6,1,M1,276.0,0.3475090792470932,0.3403124882093773,-1003.679610981299,-989.1980075184304,,,,,,,,,,,,,,,
4a,causal,GNSS2,6,1,M2,276.0,0.35948082993824304,0.337809128695552,-996.7906269549012,-960.5866182977297,,,,,,,,,,,,,,,
4a,causal,GNSS2,6,1,M3,276.0,0.4231735029253135,0.38989505117100465,-1013.6981846136746,-955.7717707622002,,,,,,,,,,,,,,,
4b,causal,GNSS2,6,1,M1,,,,,,2022-01-04 16:00:00,196.0,2022-01-02 17:45:00,True,0.035816639357938544,0.02996236907097047,32.0,,,0.0,0.017275610396978447,0.0,0.06571699404606002,,
4b,causal,GNSS2,6,1,M2,,,,,,2022-01-04 16:00:00,196.0,2022-01-02 17:45:00,True,0.03644627093503493,0.03206990695541733,32.0,,,-0.01757930359697002,0.0,-0.07033949416532548,0.0,,
4b,causal,GNSS2,6,1,M3,,,,,,2022-01-04 16:00:00,196.0,2022-01-02 17:45:00,True,0.03875211860667834,0.03491937848459535,32.0,,,-0.08195853383684826,-0.06326703974059678,-0.16544117061916697,-0.08885188014855405,,
4c,causal,GNSS2,6,1,M1,152.0,,,,,,125.0,,,0.044531967938274394,,,13.0,0.050629278252752645,0.0,0.9982572611624134,,,0.0,0.999334244059059
4c,causal,GNSS2,6,1,M2,152.0,,,,,,125.0,,,25.552863675170176,,,13.0,76.0478054182982,-572.8094420302492,0.0,,,-1501.0519360092514,0.0
4c,causal,GNSS2,6,1,M3,152.0,,,,,,125.0,,,14.505766924140017,,,13.0,29.11472288504767,-324.73828635299503,0.43232323748373724,,,-574.0570399147402,0.6171523592968503
4a,causal,GNSS2,6,3,M1,276.0,0.4329734600144798,0.42671949082346305,-989.238181760209,-974.7565782973404,,,,,,,,,,,,,,,
4a,causal,GNSS2,6,3,M2,276.0,0.4682431462285893,0.4502513729806845,-994.9628375305256,-958.7588288733541,,,,,,,,,,,,,,,
4a,causal,GNSS2,6,3,M3,276.0,0.5095580238484781,0.48126329445512106,-1005.2855426522283,-947.3591288007539,,,,,,,,,,,,,,,
4b,causal,GNSS2,6,3,M1,,,,,,2022-01-04 18:00:00,194.0,2022-01-02 17:45:00,True,0.035358553765257664,0.03329972524513119,30.0,,,0.0,0.01795540956987629,0.0,0.04473603679522975,,
4b,causal,GNSS2,6,3,M2,,,,,,2022-01-04 18:00:00,194.0,2022-01-02 17:45:00,True,0.036005038986845844,0.03485918712291365,30.0,,,-0.018283700908134914,0.0,-0.04683107341885573,0.0,,
4b,causal,GNSS2,6,3,M3,,,,,,2022-01-04 18:00:00,194.0,2022-01-02 17:45:00,True,0.043343271506984506,0.03571001659538135,30.0,,,-0.2258213894928136,-0.20381126438495523,-0.07238171884323807,-0.02440761081053533,,
4c,causal,GNSS2,6,3,M1,152.0,,,,,,125.0,,,0.04605419481986234,,,13.0,0.04810892972986772,0.0,0.9980719291201412,,,0.0,0.9993363503210979
4c,causal,GNSS2,6,3,M2,152.0,,,,,,125.0,,,23.88615237176144,,,13.0,72.49145333642463,-517.6531317112459,0.0,,,-1505.8190821010799,0.0
4c,causal,GNSS2,6,3,M3,152.0,,,,,,125.0,,,30.946426284617957,,,13.0,93.27374170280405,-670.9567328375335,-0.2955802091090767,,,-1937.8030917864387,-0.28668604931854746
4a,causal,GNSS2,6,6,M1,276.0,0.5807761703183004,0.576152378079164,-1025.285379991618,-1010.8037765287493,,,,,,,,,,,,,,,
4a,causal,GNSS2,6,6,M2,276.0,0.6062179637049131,0.5928945113490643,-1030.565030162818,-994.3610215056465,,,,,,,,,,,,,,,
4a,causal,GNSS2,6,6,M3,276.0,0.6295393090418118,0.6081665768711471,-1035.4148873005638,-977.4884734490894,,,,,,,,,,,,,,,
4b,causal,GNSS2,6,6,M1,,,,,,2022-01-04 21:00:00,191.0,2022-01-02 17:45:00,True,0.031947718416184566,0.03253687982593539,27.0,,,0.0,0.02722585781877107,0.0,0.11112895729952776,,
4b,causal,GNSS2,6,6,M2,,,,,,2022-01-04 21:00:00,191.0,2022-01-02 17:45:00,True,0.03284186640133026,0.036604724715843306,27.0,,,-0.027987851072730052,0.0,-0.1250225870356938,0.0,,
4b,causal,GNSS2,6,6,M3,,,,,,2022-01-04 21:00:00,191.0,2022-01-02 17:45:00,True,0.043465857140823114,0.038991844875268265,27.0,,,-0.3605308702985035,-0.32348925026570763,-0.1983891843306862,-0.06521344383698535,,
4c,causal,GNSS2,6,6,M1,152.0,,,,,,125.0,,,0.044497452841371694,,,13.0,0.047321033717037324,0.0,0.9972983018184942,,,0.0,0.9990300747986619
4c,causal,GNSS2,6,6,M2,152.0,,,,,,125.0,,,16.470179069584457,,,13.0,48.78833300934542,-369.13757008291583,0.0,,,-1030.0073381127306,0.0
4c,causal,GNSS2,6,6,M3,152.0,,,,,,125.0,,,20.131941936913186,,,13.0,59.89856542067094,-451.4290864171764,-0.22232684003362913,,,-1264.7915669983608,-0.22772314047289433
4a,causal,GNSS2,12,1,M1,276.0,0.2682270726186645,0.26015604768431155,-1357.1168243545208,-1342.6352208916521,,,,,,,,,,,,,,,
4a,causal,GNSS2,12,1,M2,276.0,0.2812295550791105,0.2569102543111106,-1350.0650132199535,-1313.861004562782,,,,,,,,,,,,,,,
4a,causal,GNSS2,12,1,M3,276.0,0.38172722797941294,0.3460576449782252,-1379.6340074849172,-1321.707593633443,,,,,,,,,,,,,,,
4b,causal,GNSS2,12,1,M1,,,,,,2022-01-04 16:00:00,196.0,2022-01-02 17:45:00,True,0.019154630666031118,0.01671490790831526,32.0,,,0.0,0.021620466309688058,0.0,0.10763963973588486,,
4b,causal,GNSS2,12,1,M2,,,,,,2022-01-04 16:00:00,196.0,2022-01-02 17:45:00,True,0.019577914302624982,0.01873111878632539,32.0,,,-0.022098240575555206,0.0,-0.12062351100403701,0.0,,
4b,causal,GNSS2,12,1,M3,,,,,,2022-01-04 16:00:00,196.0,2022-01-02 17:45:00,True,0.02102650432851014,0.01975755828797997,32.0,,,-0.09772434118495488,-0.07399102904904087,-0.18203213540596686,-0.05479862219462994,,
4c,causal,GNSS2,12,1,M1,152.0,,,,,,125.0,,,0.026963890811915484,,,13.0,0.024100695915341697,0.0,0.9979448916109115,,,0.0,0.9993544351685277
4c,causal,GNSS2,12,1,M2,152.0,,,,,,125.0,,,13.120422725671487,,,13.0,37.332727466545236,-485.59233999988993,0.0,,,-1548.0310984248579,0.0
4c,causal,GNSS2,12,1,M3,152.0,,,,,,125.0,,,25.28680558174108,,,13.0,50.79798177957923,-936.8025507567592,-0.9272858893688529,,,-2106.73921043678,-0.3606823081731849
4a,causal,GNSS2,12,3,M1,276.0,0.3431787495016231,0.3359343974740675,-1347.1106217724955,-1332.6290183096269,,,,,,,,,,,,,,,
4a,causal,GNSS2,12,3,M2,276.0,0.3913493112181561,0.3707558668608757,-1356.1328216058027,-1319.9288129486313,,,,,,,,,,,,,,,
4a,causal,GNSS2,12,3,M3,276.0,0.46921929611066526,0.4385973324247421,-1381.9159996424191,-1323.9895857909448,,,,,,,,,,,,,,,
4b,causal,GNSS2,12,3,M1,,,,,,2022-01-04 18:00:00,194.0,2022-01-02 17:45:00,True,0.018587184273674645,0.018498717889009184,30.0,,,0.0,0.023748862062743847,0.0,0.1327740619041149,,
4b,causal,GNSS2,12,3,M2,,,,,,2022-01-04 18:00:00,194.0,2022-01-02 17:45:00,True,0.019039347101759023,0.021330909370199058,30.0,,,-0.024326590914837132,0.0,-0.1531020418919189,0.0,,
4b,causal,GNSS2,12,3,M3,,,,,,2022-01-04 18:00:00,194.0,2022-01-02 17:45:00,True,0.02275181133298825,0.020173147122445605,30.0,,,-0.22405906123242336,-0.19498905143056278,-0.09051596134839524,0.054276272411102,,
4c,causal,GNSS2,12,3,M1,152.0,,,,,,125.0,,,0.02584528740793526,,,13.0,0.02471520801892655,0.0,0.9975612746793842,,,0.0,0.9992046874421114
4c,causal,GNSS2,12,3,M2,152.0,,,,,,125.0,,,10.597867332352363,,,13.0,31.076094264801593,-409.05027976970797,0.0,,,-1256.3672955131094,0.0
4c,causal,GNSS2,12,3,M3,152.0,,,,,,125.0,,,15.32034996595851,,,13.0,44.27601204548523,-591.7715070119403,-0.44560688348963473,,,-1790.4480837700942,-0.4247611578278212
4a,causal,GNSS2,12,6,M1,276.0,0.45374474782715646,0.4477198737223089,-1355.3603667045372,-1340.8787632416686,,,,,,,,,,,,,,,
4a,causal,GNSS2,12,6,M2,276.0,0.5045097659833222,0.4877450588173444,-1370.2810526242183,-1334.0770439670468,,,,,,,,,,,,,,,
4a,causal,GNSS2,12,6,M3,276.0,0.5685775820621852,0.5436878271811574,-1396.4959977398617,-1338.5695838883873,,,,,,,,,,,,,,,
4b,causal,GNSS2,12,6,M1,,,,,,2022-01-04 21:00:00,191.0,2022-01-02 17:45:00,True,0.018078505842372302,0.018892883103347975,27.0,,,0.0,0.03133114448224583,0.0,0.17463535826707688,,
4b,causal,GNSS2,12,6,M2,,,,,,2022-01-04 21:00:00,191.0,2022-01-02 17:45:00,True,0.018663246721924726,0.022890347063669658,27.0,,,-0.032344535806820396,0.0,-0.2115857033812536,0.0,,
4b,causal,GNSS2,12,6,M3,,,,,,2022-01-04 21:00:00,191.0,2022-01-02 17:45:00,True,0.023160402265720158,0.020462605027279552,27.0,,,-0.28110157264418034,-0.24096319417523326,-0.08308535628706704,0.10605964294194947,,
4c,causal,GNSS2,12,6,M1,152.0,,,,,,125.0,,,0.025733807122161237,,,13.0,0.02522481660354861,0.0,0.9976527548935418,,,0.0,0.9991524284441744
4c,causal,GNSS2,12,6,M2,152.0,,,,,,125.0,,,10.963408572610287,,,13.0,29.76128260814078,-425.0313493672262,0.0,,,-1178.8413869916494,0.0
4c,causal,GNSS2,12,6,M3,152.0,,,,,,125.0,,,10.39577587756414,,,13.0,28.65968319006173,-402.9734901335911,0.05177520214509346,,,-1135.1701312044388,0.03701451421242585
4a,causal-robust,GNSS1,1,1,M1,264.0,0.49816717789501597,0.49237679917842003,-516.649960163741,-502.3461637511557,,,,,,,,,,,,,,,
4a,causal-robust,GNSS1,1,1,M2,264.0,0.5049797486924027,0.48743966104764536,-508.25840906954124,-472.4989180380781,,,,,,,,,,,,,,,
4a,causal-robust,GNSS1,1,1,M3,264.0,0.5434309688170498,0.5158159064471133,-517.6051234250507,-460.38993777470967,,,,,,,,,,,,,,,
4b,causal-robust,GNSS1,1,1,M1,,,,,,2022-01-04 16:00:00,184.0,2022-01-03 10:00:00,True,0.07817471130145788,0.06864081086129224,32.0,,,0.0,0.014866407864610132,0.0,0.03732838563743923,,
4b,causal-robust,GNSS1,1,1,M2,,,,,,2022-01-04 16:00:00,184.0,2022-01-03 10:00:00,True,0.07935442657275064,0.07130241490162063,32.0,,,-0.015090753156011605,0.0,-0.038775824570413286,0.0,,
4b,causal-robust,GNSS1,1,1,M3,,,,,,2022-01-04 16:00:00,184.0,2022-01-03 10:00:00,True,0.08250279662163096,0.0783219595608769,32.0,,,-0.05536426355938917,-0.03967478797158153,-0.1410407100106683,-0.09844750235937272,,
4c,causal-robust,GNSS1,1,1,M1,140.0,,,,,,125.0,,,0.10481127966266743,,,14.0,0.19856888562745897,0.0,0.006162739482211799,,,0.0,0.0036456759288834295
4c,causal-robust,GNSS1,1,1,M2,140.0,,,,,,125.0,,,0.10546120962305323,,,14.0,0.19929545226050102,-0.006200954348402066,0.0,,,-0.003659015513665098,0.0
4c,causal-robust,GNSS1,1,1,M3,140.0,,,,,,125.0,,,0.10493583056980162,,,14.0,0.17908145005056822,-0.001188334953404313,0.004981727927542923,,,0.09813942156804822,0.10142731297004648
4a,causal-robust,GNSS1,1,3,M1,262.0,0.44312584954901046,0.4366505687298129,-514.0057995006055,-499.7324214855611,,,,,,,,,,,,,,,
4a,causal-robust,GNSS1,1,3,M2,262.0,0.45738520029073637,0.43800610030111975,-508.8019739837016,-473.11852894609063,,,,,,,,,,,,,,,
4a,causal-robust,GNSS1,1,3,M3,262.0,0.4698825567313265,0.4375583223856756,-502.9068627925167,-445.81335073233913,,,,,,,,,,,,,,,
4b,causal-robust,GNSS1,1,3,M1,,,,,,2022-01-04 18:00:00,180.0,2022-01-03 10:00:00,True,0.07770553101622155,0.06902183027983999,30.0,,,0.0,-0.00382698308376872,0.0,0.006829518064266682,,
4b,causal-robust,GNSS1,1,3,M2,,,,,,2022-01-04 18:00:00,180.0,2022-01-03 10:00:00,True,0.07740928698440563,0.06949645759236962,30.0,,,0.003812393119790536,0.0,-0.006876481116268929,0.0,,
4b,causal-robust,GNSS1,1,3,M3,,,,,,2022-01-04 18:00:00,180.0,2022-01-03 10:00:00,True,0.08148796321226703,0.07040889125084412,30.0,,,-0.04867648604390706,-0.05268975321634284,-0.02009597493112647,-0.013129211043048539,,
4c,causal-robust,GNSS1,1,3,M1,138.0,,,,,,125.0,,,0.10603226853303853,,,14.0,0.20201245664901482,0.0,0.005103739847208577,,,0.0,0.001985610520996439
4c,causal-robust,GNSS1,1,3,M2,138.0,,,,,,125.0,,,0.10657620576114599,,,14.0,0.20241437275716234,-0.00512992163265813,0.0,,,-0.001989561014278607,0.0
4c,causal-robust,GNSS1,1,3,M3,138.0,,,,,,125.0,,,0.14520338852328707,,,14.0,0.23247753986939318,-0.36942640700027307,-0.3624372108790461,,,-0.15080794385521346,-0.14852288749424813
4a,causal-robust,GNSS1,1,6,M1,259.0,0.5015278728848094,0.4956634949187483,-517.9390674311096,-503.71175518431147,,,,,,,,,,,,,,,
4a,causal-robust,GNSS1,1,6,M2,259.0,0.5098391603169694,0.4921225034609562,-510.29391747488967,-474.7256368578943,,,,,,,,,,,,,,,
4a,causal-robust,GNSS1,1,6,M3,259.0,0.5282570293262125,0.4991370928648676,-508.2134356284678,-451.3041866412752,,,,,,,,,,,,,,,
4b,causal-robust,GNSS1,1,6,M1,,,,,,2022-01-04 21:00:00,174.0,2022-01-03 10:00:00,True,0.0787606513973112,0.07908052487272196,27.0,,,0.0,0.007064329142956738,0.0,-0.016274689380381124,,
4b,causal-robust,GNSS1,1,6,M2,,,,,,2022-01-04 21:00:00,174.0,2022-01-03 10:00:00,True,0.07932100105672472,0.0778141241724096,27.0,,,-0.007114588940952515,0.0,0.016014065439633907,0.0,,
4b,causal-robust,GNSS1,1,6,M3,,,,,,2022-01-04 21:00:00,174.0,2022-01-03 10:00:00,True,0.08234170511707026,0.07578486481505206,27.0,,,-0.045467548277302816,-0.03808202140799177,0.04167473676956723,0.02607829078512003,,
4c,causal-robust,GNSS1,1,6,M1,135.0,,,,,,125.0,,,0.10194865883408054,,,14.0,0.1878016237585843,0.0,0.012375088865448136,,,0.0,0.0010520727108062067
4c,causal-robust,GNSS1,1,6,M2,135.0,,,,,,125.0,,,0.10322609088197784,,,14.0,0.18799941281044977,-0.012530150592528155,0.0,,,-0.0010531807335154575,0.0
4c,causal-robust,GNSS1,1,6,M3,135.0,,,,,,125.0,,,0.12237315229234279,,,14.0,0.20414344426797615,-0.200340972523265,-0.1854866463194511,,,-0.08701639625011426,-0.08587277596342058
4a,causal-robust,GNSS1,3,1,M1,264.0,0.1649346758137542,0.15529930668852832,-1425.4457027495578,-1411.1419063369724,,,,,,,,,,,,,,,
4a,causal-robust,GNSS1,3,1,M2,264.0,0.1955241386380372,0.1670190884322984,-1423.297916872265,-1387.538425840802,,,,,,,,,,,,,,,
4a,causal-robust,GNSS1,3,1,M3,264.0,0.2977430892670855,0.2552678728921107,-1447.1733137077704,-1389.9581280574293,,,,,,,,,,,,,,,
4b,causal-robust,GNSS1,3,1,M1,,,,,,2022-01-04 16:00:00,184.0,2022-01-03 17:15:00,True,0.014829601976705513,0.013914159574977351,32.0,,,0.0,0.033739344313435726,0.0,0.0782723506885602,,
4b,causal-robust,GNSS1,3,1,M2,,,,,,2022-01-04 16:00:00,184.0,2022-01-03 17:15:00,True,0.015347413650169298,0.015095738513835054,32.0,,,-0.03491743569902739,0.0,-0.0849191740608326,0.0,,
4b,causal-robust,GNSS1,3,1,M3,,,,,,2022-01-04 16:00:00,184.0,2022-01-03 17:15:00,True,0.01538296950141282,0.014202247300374565,32.0,,,-0.03731506250650174,-0.002316732451081771,-0.020704644347711687,0.059188307524114525,,
4c,causal-robust,GNSS1,3,1,M1,140.0,,,,,,125.0,,,0.01903842060297617,,,19.0,0.027588591362742495,0.0,0.016679261303174653,,,0.0,0.008105574520996472
4c,causal-robust,GNSS1,3,1,M2,140.0,,,,,,125.0,,,0.019361353680191262,,,19.0,0.027814040137809498,-0.016962177900650577,0.0,,,-0.008171811750108615,0.0
4c,causal-robust,GNSS1,3,1,M3,140.0,,,,,,125.0,,,0.03161745797138789,,,19.0,0.0559332521220451,-0.6607185349421951,-0.6330189765468688,,,-1.0274051468093859,-1.0109718633076703
4a,causal-robust,GNSS1,3,3,M1,262.0,0.38563019573522395,0.37848636080191256,-1199.1737566792071,-1184.9003786641629,,,,,,,,,,,,,,,
4a,causal-robust,GNSS1,3,3,M2,262.0,0.47470334296281635,0.4559427480686312,-1228.2118305912495,-1192.5283855536386,,,,,,,,,,,,,,,
4a,causal-robust,GNSS1,3,3,M3,262.0,0.5845165204691262,0.559182161961146,-1277.6561520675139,-1220.5626400073363,,,,,,,,,,,,,,,
4b,causal-robust,GNSS1,3,3,M1,,,,,,2022-01-04 18:00:00,180.0,2022-01-03 17:15:00,True,0.022034316150734718,0.018369226715693757,30.0,,,0.0,0.03630283639457066,0.0,0.1723875715919465,,
4b,causal-robust,GNSS1,3,3,M2,,,,,,2022-01-04 18:00:00,180.0,2022-01-03 17:15:00,True,0.022864357168281883,0.022195445700383835,30.0,,,-0.03767037796267103,0.0,-0.20829504931860554,0.0,,
4b,causal-robust,GNSS1,3,3,M3,,,,,,2022-01-04 18:00:00,180.0,2022-01-03 17:15:00,True,0.023101024776744566,0.022187315159258314,30.0,,,-0.048411242659522236,-0.010350940843025125,-0.20785243182297775,0.0003663157404124595,,
4c,causal-robust,GNSS1,3,3,M1,138.0,,,,,,125.0,,,0.03162599432544929,,,19.0,0.05131701226662546,0.0,-0.0006538228950510039,,,0.0,-0.023729509149472028
4c,causal-robust,GNSS1,3,3,M2,138.0,,,,,,125.0,,,0.031605330037065414,,,19.0,0.05012751103488294,0.0006533956899893445,0.0,,,0.023179471664528717,0.0
4c,causal-robust,GNSS1,3,3,M3,138.0,,,,,,125.0,,,0.060655447348297954,,,19.0,0.12074589787171182,-0.9178985085534148,-0.9191524745086912,,,-1.3529409164422486,-1.408775049447132
4a,causal-robust,GNSS1,3,6,M1,259.0,0.5611584107692053,0.5559955685429606,-1185.8692427215453,-1171.6419304747471,,,,,,,,,,,,,,,
4a,causal-robust,GNSS1,3,6,M2,259.0,0.6018283834918999,0.5874366383169083,-1199.0583897095746,-1163.4901090925791,,,,,,,,,,,,,,,
4a,causal-robust,GNSS1,3,6,M3,259.0,0.66716228898654,0.6466167512696597,-1233.4784657269947,-1176.5692167398022,,,,,,,,,,,,,,,
4b,causal-robust,GNSS1,3,6,M1,,,,,,2022-01-04 21:00:00,174.0,2022-01-03 17:15:00,True,0.023985020138726366,0.022452272489724413,27.0,,,0.0,0.0024781975366888753,0.0,0.1681804099518408,,
4b,causal-robust,GNSS1,3,6,M2,,,,,,2022-01-04 21:00:00,174.0,2022-01-03 17:15:00,True,0.02404460742561919,0.02699175729730591,27.0,,,-0.002484354257289656,0.0,-0.20218375710784087,0.0,,
4b,causal-robust,GNSS1,3,6,M3,,,,,,2022-01-04 21:00:00,174.0,2022-01-03 17:15:00,True,0.024901309418051115,0.02782649745450099,27.0,,,-0.03820256451839721,-0.03562969348042344,-0.23936218337079973,-0.030925743292690155,,
4c,causal-robust,GNSS1,3,6,M1,135.0,,,,,,125.0,,,0.036118068423843804,,,19.0,0.05923458104448496,0.0,-0.041017440409407024,,,0.0,-0.06312969721031214
4c,causal-robust,GNSS1,3,6,M2,135.0,,,,,,125.0,,,0.03469496957672433,,,19.0,0.0557171727964316,0.039401299937180445,0.0,,,0.059380993096107226,0.0
4c,causal-robust,GNSS1,3,6,M3,135.0,,,,,,125.0,,,0.04580329902603729,,,19.0,0.08802966118966304,-0.2681547221334699,-0.32017118287848745,,,-0.48611941939039105,-0.579937688354871
4a,causal-robust,GNSS1,6,1,M1,264.0,0.2249183002346723,0.21597504985276472,-2120.537057732033,-2106.233261319448,,,,,,,,,,,,,,,
4a,causal-robust,GNSS1,6,1,M2,264.0,0.2608196602724352,0.23462823091200968,-2121.0576588970107,-2085.2981678655474,,,,,,,,,,,,,,,
4a,causal-robust,GNSS1,6,1,M3,264.0,0.3295357778376946,0.2889835063359423,-2134.8165565248783,-2077.601370874537,,,,,,,,,,,,,,,
4b,causal-robust,GNSS1,6,1,M1,,,,,,2022-01-04 16:00:00,184.0,2022-01-02 19:30:00,True,0.0037791400646553556,0.003439132127315833,32.0,,,0.0,0.049635752454315285,0.0,0.14579428738951528,,
4b,causal-robust,GNSS1,6,1,M2,,,,,,2022-01-04 16:00:00,184.0,2022-01-02 19:30:00,True,0.003976517503067885,0.0040261169839355395,32.0,,,-0.05222813524656411,0.0,-0.17067819289566977,0.0,,
4b,causal-robust,GNSS1,6,1,M3,,,,,,2022-01-04 16:00:00,184.0,2022-01-02 19:30:00,True,0.004239995451104545,0.004491102313968708,32.0,,,-0.12194715690994595,-0.06625846556274095,-0.3058824574657777,-0.11549225516508566,,
4c,causal-robust,GNSS1,6,1,M1,140.0,,,,,,125.0,,,0.005385112378065423,,,41.0,0.006798193717783988,0.0,-0.0009636115198545792,,,0.0,-0.008838995333879884
4c,causal-robust,GNSS1,6,1,M2,140.0,,,,,,125.0,,,0.005379928217259281,,,41.0,0.006738630989907457,0.0009626838665908188,0.0,,,0.00876155201648865,0.0
4c,causal-robust,GNSS1,6,1,M3,140.0,,,,,,125.0,,,0.010771269950536328,,,41.0,0.015275043137267259,-1.000194089618211,-1.0021214996849124,,,-1.2469267236836665,-1.2667872985098763
4a,causal-robust,GNSS1,6,3,M1,262.0,0.2800190951638192,0.271647224177352,-1706.5626284536545,-1692.28925043861,,,,,,,,,,,,,,,
4a,causal-robust,GNSS1,6,3,M2,262.0,0.38464274115825714,0.3626656961996234,-1735.702309338715,-1700.018864301104,,,,,,,,,,,,,,,
4a,causal-robust,GNSS1,6,3,M3,262.0,0.5154806244145451,0.4859367600495783,-1786.3322529782627,-1729.238740918085,,,,,,,,,,,,,,,
4b,causal-robust,GNSS1,6,3,M1,,,,,,2022-01-04 18:00:00,180.0,2022-01-02 19:30:00,True,0.008343481707374336,0.006188182470939912,30.0,,,0.0,0.060603686892740094,0.0,0.30666855821854844,,
4b,causal-robust,GNSS1,6,3,M2,,,,,,2022-01-04 18:00:00,180.0,2022-01-02 19:30:00,True,0.008881748406885307,0.008925287529208173,30.0,,,-0.06451343915996444,0.0,-0.44231162722202777,0.0,,
4b,causal-robust,GNSS1,6,3,M3,,,,,,2022-01-04 18:00:00,180.0,2022-01-02 19:30:00,True,0.009833642754071562,0.009686775763325703,30.0,,,-0.17860182343063769,-0.10717420755223461,-0.5653668599488464,-0.08531806192523717,,
4c,causal-robust,GNSS1,6,3,M1,138.0,,,,,,125.0,,,0.013275322096020364,,,41.0,0.01724091161411697,0.0,-0.03274528683492095,,,0.0,-0.04505380329948516
4c,causal-robust,GNSS1,6,3,M2,138.0,,,,,,125.0,,,0.01285440104665649,,,41.0,0.016497630609719118,0.03170703100982053,0.0,,,0.043111467713183416,0.0
4c,causal-robust,GNSS1,6,3,M3,138.0,,,,,,125.0,,,0.030081160365576447,,,41.0,0.045083763885142555,-1.2659458013899405,-1.3401448466088386,,,-1.6149292389056549,-1.7327417464773829
4a,causal-robust,GNSS1,6,6,M1,259.0,0.34636710906926593,0.33867731035243376,-1510.6911990303806,-1496.4638867835824,,,,,,,,,,,,,,,
4a,causal-robust,GNSS1,6,6,M2,259.0,0.43311725250052824,0.4126275146391015,-1535.5710837230654,-1500.00280310607,,,,,,,,,,,,,,,
4a,causal-robust,GNSS1,6,6,M3,259.0,0.6239802898406384,0.6007691966209247,-1629.8934133386438,-1572.9841643514512,,,,,,,,,,,,,,,
4b,causal-robust,GNSS1,6,6,M1,,,,,,2022-01-04 21:00:00,174.0,2022-01-02 19:30:00,True,0.013030036707414799,0.009760697368290418,27.0,,,0.0,0.0215546117019334,0.0,0.3017282577056455,,
4b,causal-robust,GNSS1,6,6,M2,,,,,,2022-01-04 21:00:00,174.0,2022-01-02 19:30:00,True,0.013317081222161601,0.013978365122178784,27.0,,,-0.02202944789736927,0.0,-0.4321072147560179,0.0,,
4b,causal-robust,GNSS1,6,6,M3,,,,,,2022-01-04 21:00:00,174.0,2022-01-02 19:30:00,True,0.014119716269007888,0.010902528666052281,27.0,,,-0.08362828026209645,-0.06027109345181314,-0.11698255305725702,0.22004264656431283,,
4c,causal-robust,GNSS1,6,6,M1,135.0,,,,,,125.0,,,0.02231560952288173,,,41.0,0.028369492889369373,0.0,-0.09691137180738707,,,0.0,-0.09283835634711068
4c,causal-robust,GNSS1,6,6,M2,135.0,,,,,,125.0,,,0.020344040636676212,,,41.0,0.02595945935151508,0.08834931818393454,0.0,,,0.08495159033164745,0.0
4c,causal-robust,GNSS1,6,6,M3,135.0,,,,,,125.0,,,0.043373577415214755,,,41.0,0.0687030343732802,-0.943642963045255,-1.132004068897745,,,-1.4217223283192566,-1.6465510488095143
4a,causal-robust,GNSS1,12,1,M1,264.0,0.26896846693368204,0.2605334877059938,-2815.074952048489,-2800.771155635904,,,,,,,,,,,,,,,
4a,causal-robust,GNSS1,12,1,M2,264.0,0.3008332945835309,0.27605967116326235,-2814.840743170307,-2779.081252138844,,,,,,,,,,,,,,,
4a,causal-robust,GNSS1,12,1,M3,264.0,0.3690158868418497,0.33085152515889704,-2829.929392481257,-2772.714206830916,,,,,,,,,,,,,,,
4b,causal-robust,GNSS1,12,1,M1,,,,,,2022-01-04 16:00:00,184.0,2022-01-02 21:30:00,True,0.0010708864993463666,0.0010935794980001504,32.0,,,0.0,0.07022882370934702,0.0,0.21019663815096856,,
4b,causal-robust,GNSS1,12,1,M2,,,,,,2022-01-04 16:00:00,184.0,2022-01-02 21:30:00,True,0.0011517742501103304,0.0013846224906411387,32.0,,,-0.0755334489820676,0.0,-0.2661379380037978,0.0,,
4b,causal-robust,GNSS1,12,1,M3,,,,,,2022-01-04 16:00:00,184.0,2022-01-02 21:30:00,True,0.0011566444989146865,0.0012154034281339572,32.0,,,-0.08008131545281749,-0.00422847515812208,-0.11139924473400287,0.12221314015261009,,
4c,causal-robust,GNSS1,12,1,M1,140.0,,,,,,125.0,,,0.0014387979525059017,,,42.0,0.0017024177597191608,0.0,0.9999999999970588,,,0.0,0.9999999999979721
4c,causal-robust,GNSS1,12,1,M2,140.0,,,,,,125.0,,,489187231.87384504,,,42.0,839476084.6208668,-339997169873.92615,0.0,,,-493108157399.4203,0.0
4c,causal-robust,GNSS1,12,1,M3,140.0,,,,,,125.0,,,160754353.65484738,,,42.0,275862922.1273151,-111728233539.27396,0.6713848130518996,,,-162041849334.98367,0.6713868004329113
4a,causal-robust,GNSS1,12,3,M1,262.0,0.2261229626034148,0.2171243924011289,-2322.24558379437,-2307.9722057793256,,,,,,,,,,,,,,,
4a,causal-robust,GNSS1,12,3,M2,262.0,0.32054198686164026,0.29627562924955597,-2344.336382862084,-2308.652937824473,,,,,,,,,,,,,,,
4a,causal-robust,GNSS1,12,3,M3,262.0,0.47366851560816714,0.4415751324135432,-2399.241810638241,-2342.1482985780635,,,,,,,,,,,,,,,
4b,causal-robust,GNSS1,12,3,M1,,,,,,2022-01-04 18:00:00,180.0,2022-01-02 21:30:00,True,0.002564531226352663,0.0019839837999200494,30.0,,,0.0,0.13429302829654388,0.0,0.46849004481236367,,
4b,causal-robust,GNSS1,12,3,M2,,,,,,2022-01-04 18:00:00,180.0,2022-01-02 21:30:00,True,0.0029623548269530754,0.0037327312133215895,30.0,,,-0.15512527065860948,0.0,-0.8814323047758814,0.0,,
4b,causal-robust,GNSS1,12,3,M3,,,,,,2022-01-04 18:00:00,180.0,2022-01-02 21:30:00,True,0.0031796715408942073,0.003484300986483153,30.0,,,-0.23986462251676754,-0.07335944768123959,-0.7562144341216714,0.06655454482011036,,
4c,causal-robust,GNSS1,12,3,M1,138.0,,,,,,125.0,,,0.004227295190125608,,,42.0,0.005252292928780627,0.0,0.9999999999983378,,,0.0,0.9999999999987965
4c,causal-robust,GNSS1,12,3,M2,138.0,,,,,,125.0,,,2543211228.5428915,,,42.0,4364337487.078566,-601616663648.0138,0.0,,,-830939467057.9691,0.0
4c,causal-robust,GNSS1,12,3,M3,138.0,,,,,,125.0,,,875716977.7472492,,,42.0,1502796681.3677385,-207157754156.50623,0.6556648665596752,,,-286122023607.5781,0.6556644196703284
4a,causal-robust,GNSS1,12,6,M1,259.0,0.14353998736588192,0.13346398721724528,-2000.0075172964134,-1985.7802050496152,,,,,,,,,,,,,,,
4a,causal-robust,GNSS1,12,6,M2,259.0,0.2777105985975048,0.25160375276367963,-2032.136387486079,-1996.5681068690835,,,,,,,,,,,,,,,
4a,causal-robust,GNSS1,12,6,M3,259.0,0.544519404499484,0.5164033183574768,-2139.55423652021,-2082.6449875330172,,,,,,,,,,,,,,,
4b,causal-robust,GNSS1,12,6,M1,,,,,,2022-01-04 21:00:00,174.0,2022-01-02 21:30:00,True,0.004762948604695178,0.003289403399160752,27.0,,,0.0,0.09217036152142111,0.0,0.4954605204159478,,
4b,causal-robust,GNSS1,12,6,M2,,,,,,2022-01-04 21:00:00,174.0,2022-01-02 21:30:00,True,0.0052465224782453105,0.006519615475626549,27.0,,,-0.10152825774215568,0.0,-0.9820054534174625,0.0,,
4b,causal-robust,GNSS1,12,6,M3,,,,,,2022-01-04 21:00:00,174.0,2022-01-02 21:30:00,True,0.005864454028326567,0.005472429490401586,27.0,,,-0.2312654439616577,-0.11777926286287865,-0.6636541118057468,0.1606208202216598,,
4c,causal-robust,GNSS1,12,6,M1,135.0,,,,,,125.0,,,0.008809358325670903,,,42.0,0.01108932433337447,0.0,0.9999999999985043,,,0.0,0.9999999999989029
4c,causal-robust,GNSS1,12,6,M2,135.0,,,,,,125.0,,,5889994641.376543,,,42.0,10107666291.787792,-668606545859.7592,0.0,,,-911477199864.7957,0.0
4c,causal-robust,GNSS1,12,6,M3,135.0,,,,,,125.0,,,1152040766.7520328,,,42.0,1976986979.8366833,-130774651700.3537,0.80440716216292,,,-178278398249.71545,0.8044071774072189
4a,causal-robust,GNSS2,1,1,M1,272.0,0.48789739443944113,0.4821649025861513,-670.1275614747838,-655.7043532095997,,,,,,,,,,,,,,,
4a,causal-robust,GNSS2,1,1,M2,272.0,0.5010920964058369,0.4839540386487854,-665.2277106636518,-629.1696900006918,,,,,,,,,,,,,,,
4a,causal-robust,GNSS2,1,1,M3,272.0,0.5484208407550493,0.5219611243930404,-680.3381775868368,-622.6453445261008,,,,,,,,,,,,,,,
4b,causal-robust,GNSS2,1,1,M1,,,,,,2022-01-04 16:00:00,192.0,2022-01-02 17:45:00,True,0.06487806561952957,0.046125998897185876,32.0,,,0.0,0.008560080882321741,0.0,0.052034155766632284,,
4b,causal-robust,GNSS2,1,1,M2,,,,,,2022-01-04 16:00:00,192.0,2022-01-02 17:45:00,True,0.06543822209344478,0.048657870088651314,32.0,,,-0.008633988522410485,0.0,-0.05489032762431756,0.0,,
4b,causal-robust,GNSS2,1,1,M3,,,,,,2022-01-04 16:00:00,192.0,2022-01-02 17:45:00,True,0.06654028344952832,0.04901283667310715,32.0,,,-0.025620644113322655,-0.016841248445133683,-0.06258591347487119,-0.00729515253769053,,
4c,causal-robust,GNSS2,1,1,M1,148.0,,,,,,125.0,,,0.07707810718373242,,,13.0,0.07811500936119001,0.0,0.9996411618763077,,,0.0,0.9998811578787118
4c,causal-robust,GNSS2,1,1,M2,148.0,,,,,,125.0,,,214.79910325755742,,,13.0,657.3006987288874,-2785.77190068429,0.0,,,-8413.524994673495,0.0
4c,causal-robust,GNSS2,1,1,M3,148.0,,,,,,125.0,,,114.55757966624543,,,13.0,350.0011694224238,-1485.2531508872232,0.4666757080038467,,,-4479.587946985709,0.4675174237616526
4a,causal-robust,GNSS2,1,3,M1,272.0,0.4398753226054529,0.4336052702465587,-686.2061194499556,-671.7829111847716,,,,,,,,,,,,,,,
4a,causal-robust,GNSS2,1,3,M2,272.0,0.4542133405981327,0.435464943901122,-681.2594144073871,-645.2013937444272,,,,,,,,,,,,,,,
4a,causal-robust,GNSS2,1,3,M3,272.0,0.47805497232128535,0.4474722558557357,-681.4085376612459,-623.7157046005099,,,,,,,,,,,,,,,
4b,causal-robust,GNSS2,1,3,M1,,,,,,2022-01-04 18:00:00,190.0,2022-01-02 17:45:00,True,0.06115959203663319,0.04561681524457668,30.0,,,0.0,0.017683058149787434,0.0,0.06328375458029611,,
4b,causal-robust,GNSS2,1,3,M2,,,,,,2022-01-04 18:00:00,190.0,2022-01-02 17:45:00,True,0.062260548944048484,0.04869864856901,30.0,,,-0.01800137755588449,0.0,-0.06755915133290058,0.0,,
4b,causal-robust,GNSS2,1,3,M3,,,,,,2022-01-04 18:00:00,190.0,2022-01-02 17:45:00,True,0.06351540056092773,0.04866123839173993,30.0,,,-0.03851903594915207,-0.020154843446801962,-0.06673905512343259,0.000768197442215679,,
4c,causal-robust,GNSS2,1,3,M1,148.0,,,,,,125.0,,,0.07358813013358048,,,13.0,0.060845362067723514,0.0,0.9983266455414559,,,0.0,0.999545455046021
4c,causal-robust,GNSS2,1,3,M2,148.0,,,,,,125.0,,,43.976415013472966,,,13.0,133.85994396173484,-596.6020172498609,0.0,,,-2199.002422744119,0.0
4c,causal-robust,GNSS2,1,3,M3,148.0,,,,,,125.0,,,50.79804117544512,,,13.0,155.72993874043846,-689.3021055601527,-0.1551201060814582,,,-2558.43811406865,-0.16337967977153323
4a,causal-robust,GNSS2,1,6,M1,272.0,0.557215358450818,0.5522588139558645,-740.691791649062,-726.268583383878,,,,,,,,,,,,,,,
4a,causal-robust,GNSS2,1,6,M2,272.0,0.5636529459961341,0.5486639250570701,-732.6753930131338,-696.6173723501738,,,,,,,,,,,,,,,
4a,causal-robust,GNSS2,1,6,M3,272.0,0.5808736893181534,0.556315507051639,-731.6276335385219,-673.9348004777859,,,,,,,,,,,,,,,
4b,causal-robust,GNSS2,1,6,M1,,,,,,2022-01-04 21:00:00,187.0,2022-01-02 17:45:00,True,0.05479474530909197,0.04447780996955513,27.0,,,0.0,0.012109122896037494,0.0,-0.02713758264199373,,
4b,causal-robust,GNSS2,1,6,M2,,,,,,2022-01-04 21:00:00,187.0,2022-01-02 17:45:00,True,0.05546639469910354,0.043302679914748836,27.0,,,-0.012257551088573404,0.0,0.0264205916525716,0.0,,
4b,causal-robust,GNSS2,1,6,M3,,,,,,2022-01-04 21:00:00,187.0,2022-01-02 17:45:00,True,0.056522497326917914,0.04371954102291466,27.0,,,-0.03153134498718546,-0.019040405159620688,0.017048252761534433,-0.009626681512241442,,
4c,causal-robust,GNSS2,1,6,M1,148.0,,,,,,125.0,,,0.06763076897887571,,,13.0,0.06086931791016671,0.0,0.9974995480820052,,,0.0,0.9992643752928535
4c,causal-robust,GNSS2,1,6,M2,148.0,,,,,,125.0,,,27.047418305532727,,,13.0,82.74507003208163,-398.92770618918905,0.0,,,-1358.3888164510074,0.0
4c,causal-robust,GNSS2,1,6,M3,148.0,,,,,,125.0,,,17.325894437385386,,,13.0,52.89790423278075,-255.1836084223304,0.35942520496156705,,,-868.0405289385618,0.3607123154011307
4a,causal-robust,GNSS2,3,1,M1,276.0,0.16757834021056583,0.15839721896288828,-1574.0508625572884,-1559.5692590944197,,,,,,,,,,,,,,,
4a,causal-robust,GNSS2,3,1,M2,276.0,0.18631052244945379,0.15877967546466099,-1568.3327050980397,-1532.1286964408682,,,,,,,,,,,,,,,
4a,causal-robust,GNSS2,3,1,M3,276.0,0.27570540862635906,0.23391918220095664,-1588.4537540712413,-1530.527340219767,,,,,,,,,,,,,,,
4b,causal-robust,GNSS2,3,1,M1,,,,,,2022-01-04 16:00:00,196.0,2022-01-03 07:15:00,True,0.012682684430141936,0.011315047836573078,32.0,,,0.0,0.018769792322967827,0.0,0.06549866969545137,,
4b,causal-robust,GNSS2,3,1,M2,,,,,,2022-01-04 16:00:00,196.0,2022-01-03 07:15:00,True,0.012925289428427777,0.012108113139748628,32.0,,,-0.019128836613584888,0.0,-0.07008943440894377,0.0,,
4b,causal-robust,GNSS2,3,1,M3,,,,,,2022-01-04 16:00:00,196.0,2022-01-03 07:15:00,True,0.013061527508884504,0.012623495361618576,32.0,,,-0.029870890569681174,-0.010540427834218269,-0.11563782530518929,-0.0425650318857731,,
4c,causal-robust,GNSS2,3,1,M1,152.0,,,,,,125.0,,,0.017475709269742113,,,16.0,0.025297052542996808,0.0,0.9963347588736615,,,0.0,0.985443790917161
4c,causal-robust,GNSS2,3,1,M2,152.0,,,,,,125.0,,,4.767956231900171,,,16.0,1.7378874127894235,-271.8333458920338,0.0,,,-67.69920556300292,0.0
4c,causal-robust,GNSS2,3,1,M3,152.0,,,,,,125.0,,,6.842838076924203,,,16.0,1.4945627503188157,-390.56282422093545,-0.43517216687979765,,,-58.08050939051269,0.14001175259107013
4a,causal-robust,GNSS2,3,3,M1,276.0,0.3960265087238505,0.3893650363935989,-1300.6337234477728,-1286.1521199849042,,,,,,,,,,,,,,,
4a,causal-robust,GNSS2,3,3,M2,276.0,0.4580537503770037,0.4397172231341204,-1318.5420445546733,-1282.3380358975019,,,,,,,,,,,,,,,
4a,causal-robust,GNSS2,3,3,M3,276.0,0.5660030098456118,0.5409647219520894,-1367.8497112443301,-1309.9232973928558,,,,,,,,,,,,,,,
4b,causal-robust,GNSS2,3,3,M1,,,,,,2022-01-04 18:00:00,194.0,2022-01-03 07:15:00,True,0.019754730720331577,0.017952371339207542,30.0,,,0.0,0.02419839861597073,0.0,0.10146886629946994,,
4b,causal-robust,GNSS2,3,3,M2,,,,,,2022-01-04 18:00:00,194.0,2022-01-03 07:15:00,True,0.020244618057925334,0.01997968758775459,30.0,,,-0.024798482172655678,0.0,-0.11292749076103603,0.0,,
4b,causal-robust,GNSS2,3,3,M3,,,,,,2022-01-04 18:00:00,194.0,2022-01-03 07:15:00,True,0.022375173982536956,0.020690801013993686,30.0,,,-0.13264889809449132,-0.10524060856646078,-0.1525386046803454,-0.035591819097057886,,
4c,causal-robust,GNSS2,3,3,M1,152.0,,,,,,125.0,,,0.03291463643739424,,,16.0,0.048261239680730886,0.0,0.9977087901450686,,,0.0,0.9905639077597198
4c,causal-robust,GNSS2,3,3,M2,152.0,,,,,,125.0,,,14.36561402987686,,,16.0,5.114536659011887,-435.4506367008241,0.0,,,-104.97607299039092,0.0
4c,causal-robust,GNSS2,3,3,M3,152.0,,,,,,125.0,,,9.33181440739824,,,16.0,2.5442705521167377,-282.51564584794824,0.35040615820594834,,,-51.71871524536451,0.5025413401556724
4a,causal-robust,GNSS2,3,6,M1,276.0,0.617487270179488,0.613268379777056,-1325.4301226128487,-1310.94851914998,,,,,,,,,,,,,,,
4a,causal-robust,GNSS2,3,6,M2,276.0,0.6378068976963271,0.6255522438589849,-1328.495425819895,-1292.2914171627235,,,,,,,,,,,,,,,
4a,causal-robust,GNSS2,3,6,M3,276.0,0.6997138892416828,0.6823896905440876,-1368.2293567358806,-1310.3029428844063,,,,,,,,,,,,,,,
4b,causal-robust,GNSS2,3,6,M1,,,,,,2022-01-04 21:00:00,191.0,2022-01-03 07:15:00,True,0.019220183602875935,0.02419477498865642,27.0,,,0.0,0.02366136081682535,0.0,-0.07894160998133559,,
4b,causal-robust,GNSS2,3,6,M2,,,,,,2022-01-04 21:00:00,191.0,2022-01-03 07:15:00,True,0.01968598069513662,0.022424545281069436,27.0,,,-0.024234788901339455,0.0,0.07316578510926208,0.0,,
4b,causal-robust,GNSS2,3,6,M3,,,,,,2022-01-04 21:00:00,191.0,2022-01-03 07:15:00,True,0.02927582448448675,0.02292678193662667,27.0,,,-0.5231813123838307,-0.4871407697620713,0.05240772243694114,-0.022396737559767343,,
4c,causal-robust,GNSS2,3,6,M1,152.0,,,,,,125.0,,,0.03132939055398023,,,16.0,0.04671482366389416,0.0,0.9980472848990027,,,0.0,0.9917778335345574
4c,causal-robust,GNSS2,3,6,M2,152.0,,,,,,125.0,,,16.04401509364078,,,16.0,5.681571135811243,-511.10747511979537,0.0,,,-120.62244637139717,0.0
4c,causal-robust,GNSS2,3,6,M3,152.0,,,,,,125.0,,,13.869793583429313,,,16.0,4.59749498138325,-441.7086942381403,0.1355160474184074,,,-97.41619042515299,0.19080569942968828
4a,causal-robust,GNSS2,6,1,M1,276.0,0.22630883254833722,0.21777547408379683,-2263.2708984673463,-2248.789295004478,,,,,,,,,,,,,,,
4a,causal-robust,GNSS2,6,1,M2,276.0,0.24681752698014592,0.22133390947195541,-2258.685709955066,-2222.4817012978947,,,,,,,,,,,,,,,
4a,causal-robust,GNSS2,6,1,M3,276.0,0.32756295195185525,0.2887685068721546,-2277.983841751166,-2220.0574278996914,,,,,,,,,,,,,,,
4b,causal-robust,GNSS2,6,1,M1,,,,,,2022-01-04 16:00:00,196.0,2022-01-02 21:30:00,True,0.0034929768562090868,0.0036854015227166734,32.0,,,0.0,0.02538821042232997,0.0,0.04283561894211396,,
4b,causal-robust,GNSS2,6,1,M2,,,,,,2022-01-04 16:00:00,196.0,2022-01-02 21:30:00,True,0.0035839673740481874,0.0038503329163204546,32.0,,,-0.02604956218858323,0.0,-0.044752625348188024,0.0,,
4b,causal-robust,GNSS2,6,1,M3,,,,,,2022-01-04 16:00:00,196.0,2022-01-02 21:30:00,True,0.0037216243718485595,0.003939128380815233,32.0,,,-0.06545921288686207,-0.03840911019368032,-0.0688464625996914,-0.023061762820144605,,
4c,causal-robust,GNSS2,6,1,M1,152.0,,,,,,125.0,,,0.005316971465138461,,,27.0,0.006760786336914495,0.0,0.9975086608213249,,,0.0,0.9985212347788259
4c,causal-robust,GNSS2,6,1,M2,152.0,,,,,,125.0,,,2.134182093971714,,,27.0,4.571913269333473,-400.39054872963044,0.0,,,-675.2398693729485,0.0
4c,causal-robust,GNSS2,6,1,M3,152.0,,,,,,125.0,,,4.261431796416072,,,27.0,9.127241602037307,-800.4772741130554,-0.996751733815527,,,-1349.0266311038044,-0.9963724297350773
4a,causal-robust,GNSS2,6,3,M1,276.0,0.30304776723835314,0.29536079408289384,-1848.6959358818558,-1834.2143324189872,,,,,,,,,,,,,,,
4a,causal-robust,GNSS2,6,3,M2,276.0,0.382169876104543,0.36126584935620054,-1869.9548567684974,-1833.750848111326,,,,,,,,,,,,,,,
4a,causal-robust,GNSS2,6,3,M3,276.0,0.4842494532818724,0.4544946140481343,-1907.7977870887898,-1849.8713732373155,,,,,,,,,,,,,,,
4b,causal-robust,GNSS2,6,3,M1,,,,,,2022-01-04 18:00:00,194.0,2022-01-02 21:30:00,True,0.007099480546162955,0.008714162630846175,30.0,,,0.0,0.023740688109297636,0.0,0.03513501535189267,,
4b,causal-robust,GNSS2,6,3,M2,,,,,,2022-01-04 18:00:00,194.0,2022-01-02 21:30:00,True,0.00727212581707777,0.009031483958374019,30.0,,,-0.02431801450714932,0.0,-0.036414437160559476,0.0,,
4b,causal-robust,GNSS2,6,3,M3,,,,,,2022-01-04 18:00:00,194.0,2022-01-02 21:30:00,True,0.008583183905322164,0.008980293450455484,30.0,,,-0.2089875941643511,-0.18028539676328492,-0.03054003360773483,0.005668006293813033,,
4c,causal-robust,GNSS2,6,3,M1,152.0,,,,,,125.0,,,0.013722989520563857,,,27.0,0.01693859638619271,0.0,0.9971032483128041,,,0.0,0.9983288056619363
4c,causal-robust,GNSS2,6,3,M2,152.0,,,,,,125.0,,,4.7373717192335025,,,27.0,10.135623368505717,-344.2142634179357,0.0,,,-597.374454259247,0.0
4c,causal-robust,GNSS2,6,3,M3,152.0,,,,,,125.0,,,3.364635268975835,,,27.0,7.195079023775095,-244.18238274057848,0.2897675191255149,,,-423.77421739856055,0.29011973292809357
4a,causal-robust,GNSS2,6,6,M1,276.0,0.349719926116139,0.3425477194188905,-1655.982292304032,-1641.5006888411633,,,,,,,,,,,,,,,
4a,causal-robust,GNSS2,6,6,M2,276.0,0.4019151326932652,0.3816791785362704,-1667.075347690387,-1630.8713390332155,,,,,,,,,,,,,,,
4a,causal-robust,GNSS2,6,6,M3,276.0,0.56125243936609,0.535940080098749,-1740.5824791999485,-1682.6560653484742,,,,,,,,,,,,,,,
4b,causal-robust,GNSS2,6,6,M1,,,,,,2022-01-04 21:00:00,191.0,2022-01-02 21:30:00,True,0.010489463640505424,0.015095869922679245,27.0,,,0.0,0.0021928233662538155,0.0,-0.06478445225542107,,
4b,causal-robust,GNSS2,6,6,M2,,,,,,2022-01-04 21:00:00,191.0,2022-01-02 21:30:00,True,0.010512515730637677,0.014177395143874658,27.0,,,-0.0021976424078764545,0.0,0.06084278570953494,0.0,,
4b,causal-robust,GNSS2,6,6,M3,,,,,,2022-01-04 21:00:00,191.0,2022-01-02 21:30:00,True,0.01609764017612241,0.01341317783980007,27.0,,,-0.5346485509479075,-0.5312833377464015,0.11146704969623422,0.05390392919991138,,
4c,causal-robust,GNSS2,6,6,M1,152.0,,,,,,125.0,,,0.022746820242660178,,,27.0,0.02571595120222001,0.0,0.997478489791875,,,0.0,0.9986673190046361
4c,causal-robust,GNSS2,6,6,M2,152.0,,,,,,125.0,,,9.021109718042762,,,27.0,19.296404234531806,-395.5877261879557,0.0,,,-749.3671197224073,0.0
4c,causal-robust,GNSS2,6,6,M3,152.0,,,,,,125.0,,,5.147622387872343,,,27.0,11.014024454213983,-225.30074590462158,0.4293803590952021,,,-427.29543296314716,0.4292188160888608
4a,causal-robust,GNSS2,12,1,M1,276.0,0.31721653492876034,0.30968583494635704,-3020.426384818818,-3005.9447813559495,,,,,,,,,,,,,,,
4a,causal-robust,GNSS2,12,1,M2,276.0,0.3295401269226538,0.30685539437492404,-3013.453426630305,-2977.2494179731334,,,,,,,,,,,,,,,
4a,causal-robust,GNSS2,12,1,M3,276.0,0.3962734521159317,0.3614430743533893,-3030.3899551219542,-2972.4635412704797,,,,,,,,,,,,,,,
4b,causal-robust,GNSS2,12,1,M1,,,,,,2022-01-04 16:00:00,196.0,2022-01-02 10:45:00,True,0.0009203331526924427,0.0010247692076575255,32.0,,,0.0,0.018060134103135006,0.0,0.03605577248332814,,
4b,causal-robust,GNSS2,12,1,M2,,,,,,2022-01-04 16:00:00,196.0,2022-01-02 10:45:00,True,0.0009372601975497216,0.001063100103101973,32.0,,,-0.018392301535328448,0.0,-0.03740441765621183,0.0,,
4b,causal-robust,GNSS2,12,1,M3,,,,,,2022-01-04 16:00:00,196.0,2022-01-02 10:45:00,True,0.0010438184787534429,0.0010540849145258134,32.0,,,-0.13417459286318523,-0.11369124761970739,-0.02860713090247846,0.00848009378407022,,
4c,causal-robust,GNSS2,12,1,M1,152.0,,,,,,125.0,,,0.001384181159397525,,,63.0,0.0017280196488870397,0.0,0.9965496644502144,,,0.0,0.9969400736013757
4c,causal-robust,GNSS2,12,1,M2,152.0,,,,,,125.0,,,0.4011729118588332,,,63.0,0.5647258867611702,-288.8268836670531,0.0,,,-325.8052461815995,0.0
4c,causal-robust,GNSS2,12,1,M3,152.0,,,,,,125.0,,,0.5604835354198854,,,63.0,0.7892688547917228,-403.92065046156233,-0.39711211512982514,,,-455.74761586192886,-0.39761408728464165
4a,causal-robust,GNSS2,12,3,M1,276.0,0.2594920719623893,0.2513247051090334,-2501.0868597842195,-2486.605256321351,,,,,,,,,,,,,,,
4a,causal-robust,GNSS2,12,3,M2,276.0,0.31974643946079584,0.2967303415478153,-2512.511180758719,-2476.3071721015476,,,,,,,,,,,,,,,
4a,causal-robust,GNSS2,12,3,M3,276.0,0.4557418098493988,0.42434229887917185,-2562.0707350302764,-2504.144321178802,,,,,,,,,,,,,,,
4b,causal-robust,GNSS2,12,3,M1,,,,,,2022-01-04 18:00:00,194.0,2022-01-02 10:45:00,True,0.002296924919608238,0.0028362195869876938,30.0,,,0.0,0.027236028030471093,0.0,0.0750014899325675,,
4b,causal-robust,GNSS2,12,3,M2,,,,,,2022-01-04 18:00:00,194.0,2022-01-02 10:45:00,True,0.002361235598557085,0.003066188276109691,30.0,,,-0.027998598648063755,0.0,-0.0810828224221678,0.0,,
4b,causal-robust,GNSS2,12,3,M3,,,,,,2022-01-04 18:00:00,194.0,2022-01-02 10:45:00,True,0.0032667071955463415,0.0030543781251640466,30.0,,,-0.42220895757598753,-0.3834736345422609,-0.07691877567493144,0.003851737037044889,,
4c,causal-robust,GNSS2,12,3,M1,152.0,,,,,,125.0,,,0.004421601341932474,,,63.0,0.00568998100377776,0.0,0.9973449271793794,,,0.0,0.9975720188238901
4c,causal-robust,GNSS2,12,3,M2,152.0,,,,,,125.0,,,1.6653408929473403,,,63.0,2.3435029314742173,-375.63750396355226,0.0,,,-410.8648076185651,0.0
4c,causal-robust,GNSS2,12,3,M3,152.0,,,,,,125.0,,,1.9697070877146616,,,63.0,2.771770790156221,-444.4736950242093,-0.18276509996019508,,,-486.13181789463863,-0.1827468841323765
4a,causal-robust,GNSS2,12,6,M1,276.0,0.15521504989807366,0.1458975688307731,-2181.3109670098697,-2166.8293635470013,,,,,,,,,,,,,,,
4a,causal-robust,GNSS2,12,6,M2,276.0,0.24335561523154836,0.21775486537096167,-2199.72305486571,-2163.5190462085384,,,,,,,,,,,,,,,
4a,causal-robust,GNSS2,12,6,M3,276.0,0.4736484012594163,0.44328196287053645,-2287.890063914453,-2229.9636500629786,,,,,,,,,,,,,,,
4b,causal-robust,GNSS2,12,6,M1,,,,,,2022-01-04 21:00:00,191.0,2022-01-02 10:45:00,True,0.004035078731964132,0.005657931200480301,27.0,,,0.0,-4.941291585169871e-05,0.0,0.07967905484509097,,
4b,causal-robust,GNSS2,12,6,M2,,,,,,2022-01-04 21:00:00,191.0,2022-01-02 10:45:00,True,0.004034879356810002,0.0061477805435884705,27.0,,,4.941047433615342e-05,0.0,-0.08657746546415868,0.0,,
4b,causal-robust,GNSS2,12,6,M3,,,,,,2022-01-04 21:00:00,191.0,2022-01-02 10:45:00,True,0.006957293984988625,0.005783311360362612,27.0,,,-0.7242027844155754,-0.7242879823026731,-0.022160071488968924,0.059284676907662814,,
4c,causal-robust,GNSS2,12,6,M1,152.0,,,,,,125.0,,,0.009094361018013758,,,63.0,0.01178888172909406,0.0,0.9969544521859991,,,0.0,0.9971960621229582
4c,causal-robust,GNSS2,12,6,M2,152.0,,,,,,125.0,,,2.9861166441732663,,,63.0,4.20440189692481,-327.3481531312076,0.0,,,-355.6412823150704,0.0
4c,causal-robust,GNSS2,12,6,M3,152.0,,,,,,125.0,,,1.6942153932634954,,,63.0,2.3860423697674182,-185.2929555916748,0.4326358963339979,,,-201.39768492026244,0.432489465026495
