period,series,proc,h,ref,rule,onset,lo,hi,before_S,near_gap
II,tpos,centred,1,R,T2,2022-01-02 00:00:00,,,False,False
II,tpos,centred,1,R,T3,2022-01-02 00:00:00,,,False,False
II,tpos,centred,1,R,T5,2022-01-02 00:45:00,,,False,False
II,tpos,centred,1,R,CP,2022-01-01 15:00:00,2022-01-01 11:30:00,2022-01-01 16:45:00,True,False
II,tpos,centred,1,R,peak,2022-01-02 16:00:00,,,False,False
II,tpos,centred,1,R',T2,2022-01-02 00:00:00,,,False,False
II,tpos,centred,1,R',T3,2022-01-02 00:00:00,,,False,False
II,tpos,centred,1,R',T5,,,,False,False
II,tpos,centred,1,R',CP,2022-01-01 16:30:00,2022-01-01 14:15:00,2022-01-01 18:15:00,True,False
II,tpos,centred,1,R',peak,2022-01-02 16:00:00,,,False,False
II,tpos,centred,3,R,T2,2022-01-02 00:00:00,,,False,False
II,tpos,centred,3,R,T3,2022-01-02 00:00:00,,,False,False
II,tpos,centred,3,R,T5,2022-01-02 04:15:00,,,False,False
II,tpos,centred,3,R,CP,2022-01-01 16:00:00,2022-01-01 15:15:00,2022-01-01 16:45:00,True,False
II,tpos,centred,3,R,peak,2022-01-02 10:45:00,,,False,False
II,tpos,centred,3,R',T2,2022-01-02 00:00:00,,,False,False
II,tpos,centred,3,R',T3,2022-01-02 00:30:00,,,False,False
II,tpos,centred,3,R',T5,2022-01-02 07:45:00,,,False,False
II,tpos,centred,3,R',CP,2022-01-01 17:15:00,2022-01-01 16:30:00,2022-01-01 18:00:00,True,False
II,tpos,centred,3,R',peak,2022-01-02 10:45:00,,,False,False
II,tpos,centred,6,R,T2,2022-01-02 00:00:00,,,False,False
II,tpos,centred,6,R,T3,2022-01-02 02:00:00,,,False,False
II,tpos,centred,6,R,T5,,,,False,False
II,tpos,centred,6,R,CP,2022-01-01 11:15:00,2022-01-01 10:45:00,2022-01-01 12:00:00,True,False
II,tpos,centred,6,R,peak,2022-01-02 09:00:00,,,False,False
II,tpos,centred,6,R',T2,2022-01-02 00:00:00,,,False,False
II,tpos,centred,6,R',T3,2022-01-02 02:30:00,,,False,False
II,tpos,centred,6,R',T5,,,,False,False
II,tpos,centred,6,R',CP,2022-01-01 15:00:00,2022-01-01 14:30:00,2022-01-01 15:30:00,True,False
II,tpos,centred,6,R',peak,2022-01-02 09:00:00,,,False,False
II,tpos,centred,12,R,T2,2022-01-02 01:15:00,,,False,False
II,tpos,centred,12,R,T3,,,,False,False
II,tpos,centred,12,R,T5,,,,False,False
II,tpos,centred,12,R,CP,2022-01-01 02:45:00,2022-01-01 02:00:00,2022-01-01 03:30:00,True,False
II,tpos,centred,12,R,peak,2022-01-02 09:45:00,,,False,False
II,tpos,centred,12,R',T2,2022-01-02 01:45:00,,,False,False
II,tpos,centred,12,R',T3,,,,False,False
II,tpos,centred,12,R',T5,,,,False,False
II,tpos,centred,12,R',CP,2022-01-01 13:00:00,2022-01-01 13:00:00,2022-01-01 13:15:00,True,False
II,tpos,centred,12,R',peak,2022-01-02 09:45:00,,,False,False
II,tpos,causal,1,R,T2,2022-01-02 00:00:00,,,False,False
II,tpos,causal,1,R,T3,2022-01-02 00:00:00,,,False,False
II,tpos,causal,1,R,T5,,,,False,False
II,tpos,causal,1,R,CP,2022-01-01 15:30:00,2022-01-01 03:15:00,2022-01-01 18:00:00,True,False
II,tpos,causal,1,R,peak,2022-01-02 16:00:00,,,False,False
II,tpos,causal,1,R',T2,2022-01-02 00:00:00,,,False,False
II,tpos,causal,1,R',T3,2022-01-02 00:00:00,,,False,False
II,tpos,causal,1,R',T5,,,,False,False
II,tpos,causal,1,R',CP,2022-01-01 16:45:00,2022-01-01 13:00:00,2022-01-01 20:00:00,True,False
II,tpos,causal,1,R',peak,2022-01-02 16:00:00,,,False,False
II,tpos,causal,3,R,T2,2022-01-02 00:00:00,,,False,False
II,tpos,causal,3,R,T3,2022-01-02 00:00:00,,,False,False
II,tpos,causal,3,R,T5,2022-01-02 00:45:00,,,False,False
II,tpos,causal,3,R,CP,2022-01-01 23:00:00,2022-01-01 22:45:00,2022-01-01 23:15:00,True,False
II,tpos,causal,3,R,peak,2022-01-02 01:45:00,,,False,False
II,tpos,causal,3,R',T2,2022-01-02 00:00:00,,,False,False
II,tpos,causal,3,R',T3,2022-01-02 00:00:00,,,False,False
II,tpos,causal,3,R',T5,2022-01-02 00:30:00,,,False,False
II,tpos,causal,3,R',CP,2022-01-01 23:00:00,2022-01-01 22:45:00,2022-01-01 23:00:00,True,False
II,tpos,causal,3,R',peak,2022-01-02 01:45:00,,,False,False
II,tpos,causal,6,R,T2,2022-01-02 00:15:00,,,False,False
II,tpos,causal,6,R,T3,2022-01-02 00:30:00,,,False,False
II,tpos,causal,6,R,T5,2022-01-02 01:30:00,,,False,False
II,tpos,causal,6,R,CP,2022-01-01 19:30:00,2022-01-01 18:15:00,2022-01-01 20:30:00,True,False
II,tpos,causal,6,R,peak,2022-01-02 13:15:00,,,False,False
II,tpos,causal,6,R',T2,2022-01-02 00:15:00,,,False,False
II,tpos,causal,6,R',T3,2022-01-02 00:30:00,,,False,False
II,tpos,causal,6,R',T5,2022-01-02 01:15:00,,,False,False
II,tpos,causal,6,R',CP,2022-01-01 20:30:00,2022-01-01 19:30:00,2022-01-01 21:30:00,True,False
II,tpos,causal,6,R',peak,2022-01-02 13:15:00,,,False,False
II,tpos,causal,12,R,T2,2022-01-02 00:30:00,,,False,False
II,tpos,causal,12,R,T3,2022-01-02 01:15:00,,,False,False
II,tpos,causal,12,R,T5,2022-01-02 02:30:00,,,False,False
II,tpos,causal,12,R,CP,2022-01-01 20:30:00,2022-01-01 19:30:00,2022-01-01 21:00:00,True,False
II,tpos,causal,12,R,peak,2022-01-02 13:15:00,,,False,False
II,tpos,causal,12,R',T2,2022-01-02 00:00:00,,,False,False
II,tpos,causal,12,R',T3,2022-01-02 00:30:00,,,False,False
II,tpos,causal,12,R',T5,2022-01-02 01:00:00,,,False,False
II,tpos,causal,12,R',CP,2022-01-01 21:45:00,2022-01-01 21:30:00,2022-01-01 22:15:00,True,False
II,tpos,causal,12,R',peak,2022-01-02 13:15:00,,,False,False
II,tpos,causal-robust,1,R,T2,2022-01-02 00:00:00,,,False,False
II,tpos,causal-robust,1,R,T3,2022-01-02 00:00:00,,,False,False
II,tpos,causal-robust,1,R,T5,,,,False,False
II,tpos,causal-robust,1,R,CP,2022-01-01 15:30:00,2022-01-01 03:15:00,2022-01-01 18:00:00,True,False
II,tpos,causal-robust,1,R,peak,2022-01-02 16:00:00,,,False,False
II,tpos,causal-robust,1,R',T2,2022-01-02 00:00:00,,,False,False
II,tpos,causal-robust,1,R',T3,2022-01-02 00:00:00,,,False,False
II,tpos,causal-robust,1,R',T5,,,,False,False
II,tpos,causal-robust,1,R',CP,2022-01-01 16:45:00,2022-01-01 13:00:00,2022-01-01 20:00:00,True,False
II,tpos,causal-robust,1,R',peak,2022-01-02 16:00:00,,,False,False
II,tpos,causal-robust,3,R,T2,2022-01-02 00:00:00,,,False,False
II,tpos,causal-robust,3,R,T3,2022-01-02 00:00:00,,,False,False
II,tpos,causal-robust,3,R,T5,2022-01-02 00:45:00,,,False,False
II,tpos,causal-robust,3,R,CP,2022-01-01 23:00:00,2022-01-01 22:45:00,2022-01-01 23:15:00,True,False
II,tpos,causal-robust,3,R,peak,2022-01-02 01:45:00,,,False,False
II,tpos,causal-robust,3,R',T2,2022-01-02 00:00:00,,,False,False
II,tpos,causal-robust,3,R',T3,2022-01-02 00:00:00,,,False,False
II,tpos,causal-robust,3,R',T5,2022-01-02 00:30:00,,,False,False
II,tpos,causal-robust,3,R',CP,2022-01-01 23:00:00,2022-01-01 22:45:00,2022-01-01 23:00:00,True,False
II,tpos,causal-robust,3,R',peak,2022-01-02 01:45:00,,,False,False
II,tpos,causal-robust,6,R,T2,2022-01-02 00:15:00,,,False,False
II,tpos,causal-robust,6,R,T3,2022-01-02 00:30:00,,,False,False
II,tpos,causal-robust,6,R,T5,2022-01-02 01:30:00,,,False,False
II,tpos,causal-robust,6,R,CP,2022-01-01 19:30:00,2022-01-01 18:15:00,2022-01-01 20:30:00,True,False
II,tpos,causal-robust,6,R,peak,2022-01-02 13:15:00,,,False,False
II,tpos,causal-robust,6,R',T2,2022-01-02 00:15:00,,,False,False
II,tpos,causal-robust,6,R',T3,2022-01-02 00:30:00,,,False,False
II,tpos,causal-robust,6,R',T5,2022-01-02 01:15:00,,,False,False
II,tpos,causal-robust,6,R',CP,2022-01-01 20:30:00,2022-01-01 19:30:00,2022-01-01 21:30:00,True,False
II,tpos,causal-robust,6,R',peak,2022-01-02 13:15:00,,,False,False
II,tpos,causal-robust,12,R,T2,2022-01-02 00:30:00,,,False,False
II,tpos,causal-robust,12,R,T3,2022-01-02 01:15:00,,,False,False
II,tpos,causal-robust,12,R,T5,2022-01-02 02:30:00,,,False,False
II,tpos,causal-robust,12,R,CP,2022-01-01 20:30:00,2022-01-01 19:30:00,2022-01-01 21:00:00,True,False
II,tpos,causal-robust,12,R,peak,2022-01-02 13:15:00,,,False,False
II,tpos,causal-robust,12,R',T2,2022-01-02 00:00:00,,,False,False
II,tpos,causal-robust,12,R',T3,2022-01-02 00:30:00,,,False,False
II,tpos,causal-robust,12,R',T5,2022-01-02 01:00:00,,,False,False
II,tpos,causal-robust,12,R',CP,2022-01-01 21:45:00,2022-01-01 21:30:00,2022-01-01 22:15:00,True,False
II,tpos,causal-robust,12,R',peak,2022-01-02 13:15:00,,,False,False
II,rain,centred,1,R,T2,2022-01-02 02:30:00,,,False,False
II,rain,centred,1,R,T3,2022-01-02 07:30:00,,,False,False
II,rain,centred,1,R,T5,2022-01-02 07:45:00,,,False,False
II,rain,centred,1,R,CP,2022-01-02 07:15:00,2022-01-02 07:00:00,2022-01-02 07:15:00,False,False
II,rain,centred,1,R,peak,2022-01-02 09:45:00,,,False,False
II,rain,centred,1,R',T2,2022-01-02 07:30:00,,,False,False
II,rain,centred,1,R',T3,2022-01-02 07:45:00,,,False,False
II,rain,centred,1,R',T5,2022-01-02 08:00:00,,,False,False
II,rain,centred,1,R',CP,2022-01-02 07:15:00,2022-01-02 07:15:00,2022-01-02 07:15:00,False,False
II,rain,centred,1,R',peak,2022-01-02 09:45:00,,,False,False
II,rain,centred,3,R,T2,2022-01-02 02:00:00,,,False,False
II,rain,centred,3,R,T3,2022-01-02 03:00:00,,,False,False
II,rain,centred,3,R,T5,2022-01-02 04:15:00,,,False,False
II,rain,centred,3,R,CP,2022-01-02 02:45:00,2022-01-02 02:30:00,2022-01-02 03:00:00,False,False
II,rain,centred,3,R,peak,2022-01-02 11:00:00,,,False,False
II,rain,centred,3,R',T2,2022-01-02 02:45:00,,,False,False
II,rain,centred,3,R',T3,2022-01-02 03:30:00,,,False,False
II,rain,centred,3,R',T5,2022-01-02 04:30:00,,,False,False
II,rain,centred,3,R',CP,2022-01-02 03:00:00,2022-01-02 03:00:00,2022-01-02 03:15:00,False,False
II,rain,centred,3,R',peak,2022-01-02 11:00:00,,,False,False
II,rain,centred,6,R,T2,2022-01-02 00:00:00,,,False,False
II,rain,centred,6,R,T3,2022-01-02 00:15:00,,,False,False
II,rain,centred,6,R,T5,2022-01-02 02:45:00,,,False,False
II,rain,centred,6,R,CP,2022-01-01 19:15:00,2022-01-01 19:00:00,2022-01-01 19:30:00,True,False
II,rain,centred,6,R,peak,2022-01-02 11:30:00,,,False,False
II,rain,centred,6,R',T2,2022-01-02 00:00:00,,,False,False
II,rain,centred,6,R',T3,2022-01-02 01:00:00,,,False,False
II,rain,centred,6,R',T5,2022-01-02 03:15:00,,,False,False
II,rain,centred,6,R',CP,2022-01-01 20:15:00,2022-01-01 20:00:00,2022-01-01 20:30:00,True,False
II,rain,centred,6,R',peak,2022-01-02 11:30:00,,,False,False
II,rain,centred,12,R,T2,2022-01-02 00:00:00,,,False,False
II,rain,centred,12,R,T3,2022-01-02 04:15:00,,,False,False
II,rain,centred,12,R,T5,,,,False,False
II,rain,centred,12,R,CP,2022-01-01 08:00:00,2022-01-01 07:45:00,2022-01-01 08:30:00,True,False
II,rain,centred,12,R,peak,2022-01-02 11:00:00,,,False,False
II,rain,centred,12,R',T2,2022-01-02 00:45:00,,,False,False
II,rain,centred,12,R',T3,2022-01-02 04:15:00,,,False,False
II,rain,centred,12,R',T5,,,,False,False
II,rain,centred,12,R',CP,2022-01-01 13:00:00,2022-01-01 13:00:00,2022-01-01 13:15:00,True,False
II,rain,centred,12,R',peak,2022-01-02 11:00:00,,,False,False
II,rain,causal,1,R,T2,2022-01-02 09:00:00,,,False,False
II,rain,causal,1,R,T3,2022-01-02 09:00:00,,,False,False
II,rain,causal,1,R,T5,2022-01-02 09:00:00,,,False,False
II,rain,causal,1,R,CP,2022-01-02 08:45:00,2022-01-02 08:45:00,2022-01-02 08:45:00,False,False
II,rain,causal,1,R,peak,2022-01-02 10:00:00,,,False,False
II,rain,causal,1,R',T2,2022-01-02 09:00:00,,,False,False
II,rain,causal,1,R',T3,2022-01-02 09:00:00,,,False,False
II,rain,causal,1,R',T5,2022-01-02 09:15:00,,,False,False
II,rain,causal,1,R',CP,2022-01-02 08:45:00,2022-01-02 08:45:00,2022-01-02 08:45:00,False,False
II,rain,causal,1,R',peak,2022-01-02 10:00:00,,,False,False
II,rain,causal,3,R,T2,2022-01-02 09:00:00,,,False,False
II,rain,causal,3,R,T3,2022-01-02 09:15:00,,,False,False
II,rain,causal,3,R,T5,2022-01-02 09:15:00,,,False,False
II,rain,causal,3,R,CP,2022-01-02 08:45:00,2022-01-02 08:45:00,2022-01-02 08:45:00,False,False
II,rain,causal,3,R,peak,2022-01-02 10:15:00,,,False,False
II,rain,causal,3,R',T2,2022-01-02 09:15:00,,,False,False
II,rain,causal,3,R',T3,2022-01-02 09:15:00,,,False,False
II,rain,causal,3,R',T5,2022-01-02 09:15:00,,,False,False
II,rain,causal,3,R',CP,2022-01-02 08:45:00,2022-01-02 08:45:00,2022-01-02 08:45:00,False,False
II,rain,causal,3,R',peak,2022-01-02 10:15:00,,,False,False
II,rain,causal,6,R,T2,2022-01-02 09:00:00,,,False,False
II,rain,causal,6,R,T3,2022-01-02 09:15:00,,,False,False
II,rain,causal,6,R,T5,2022-01-02 09:15:00,,,False,False
II,rain,causal,6,R,CP,2022-01-02 08:00:00,2022-01-02 07:45:00,2022-01-02 08:00:00,False,False
II,rain,causal,6,R,peak,2022-01-02 12:30:00,,,False,False
II,rain,causal,6,R',T2,2022-01-02 09:15:00,,,False,False
II,rain,causal,6,R',T3,2022-01-02 09:15:00,,,False,False
II,rain,causal,6,R',T5,2022-01-02 09:30:00,,,False,False
II,rain,causal,6,R',CP,2022-01-02 08:00:00,2022-01-02 07:45:00,2022-01-02 08:15:00,False,False
II,rain,causal,6,R',peak,2022-01-02 12:30:00,,,False,False
II,rain,causal,12,R,T2,2022-01-02 03:15:00,,,False,False
II,rain,causal,12,R,T3,2022-01-02 09:00:00,,,False,False
II,rain,causal,12,R,T5,2022-01-02 09:15:00,,,False,False
II,rain,causal,12,R,CP,2022-01-02 07:30:00,2022-01-02 07:30:00,2022-01-02 07:45:00,False,False
II,rain,causal,12,R,peak,2022-01-02 13:45:00,,,False,False
II,rain,causal,12,R',T2,2022-01-02 09:00:00,,,False,False
II,rain,causal,12,R',T3,2022-01-02 09:15:00,,,False,False
II,rain,causal,12,R',T5,2022-01-02 09:30:00,,,False,False
II,rain,causal,12,R',CP,2022-01-02 07:45:00,2022-01-02 07:30:00,2022-01-02 08:00:00,False,False
II,rain,causal,12,R',peak,2022-01-02 13:45:00,,,False,False
II,rain,causal-robust,1,R,T2,2022-01-02 09:00:00,,,False,False
II,rain,causal-robust,1,R,T3,2022-01-02 09:00:00,,,False,False
II,rain,causal-robust,1,R,T5,2022-01-02 09:00:00,,,False,False
II,rain,causal-robust,1,R,CP,2022-01-02 08:45:00,2022-01-02 08:45:00,2022-01-02 08:45:00,False,False
II,rain,causal-robust,1,R,peak,2022-01-02 10:00:00,,,False,False
II,rain,causal-robust,1,R',T2,2022-01-02 09:00:00,,,False,False
II,rain,causal-robust,1,R',T3,2022-01-02 09:00:00,,,False,False
II,rain,causal-robust,1,R',T5,2022-01-02 09:15:00,,,False,False
II,rain,causal-robust,1,R',CP,2022-01-02 08:45:00,2022-01-02 08:45:00,2022-01-02 08:45:00,False,False
II,rain,causal-robust,1,R',peak,2022-01-02 10:00:00,,,False,False
II,rain,causal-robust,3,R,T2,2022-01-02 09:00:00,,,False,False
II,rain,causal-robust,3,R,T3,2022-01-02 09:15:00,,,False,False
II,rain,causal-robust,3,R,T5,2022-01-02 09:15:00,,,False,False
II,rain,causal-robust,3,R,CP,2022-01-02 08:45:00,2022-01-02 08:45:00,2022-01-02 08:45:00,False,False
II,rain,causal-robust,3,R,peak,2022-01-02 10:15:00,,,False,False
II,rain,causal-robust,3,R',T2,2022-01-02 09:15:00,,,False,False
II,rain,causal-robust,3,R',T3,2022-01-02 09:15:00,,,False,False
II,rain,causal-robust,3,R',T5,2022-01-02 09:15:00,,,False,False
II,rain,causal-robust,3,R',CP,2022-01-02 08:45:00,2022-01-02 08:45:00,2022-01-02 08:45:00,False,False
II,rain,causal-robust,3,R',peak,2022-01-02 10:15:00,,,False,False
II,rain,causal-robust,6,R,T2,2022-01-02 09:00:00,,,False,False
II,rain,causal-robust,6,R,T3,2022-01-02 09:15:00,,,False,False
II,rain,causal-robust,6,R,T5,2022-01-02 09:15:00,,,False,False
II,rain,causal-robust,6,R,CP,2022-01-02 08:00:00,2022-01-02 07:45:00,2022-01-02 08:00:00,False,False
II,rain,causal-robust,6,R,peak,2022-01-02 12:30:00,,,False,False
II,rain,causal-robust,6,R',T2,2022-01-02 09:15:00,,,False,False
II,rain,causal-robust,6,R',T3,2022-01-02 09:15:00,,,False,False
II,rain,causal-robust,6,R',T5,2022-01-02 09:30:00,,,False,False
II,rain,causal-robust,6,R',CP,2022-01-02 08:00:00,2022-01-02 07:45:00,2022-01-02 08:15:00,False,False
II,rain,causal-robust,6,R',peak,2022-01-02 12:30:00,,,False,False
II,rain,causal-robust,12,R,T2,2022-01-02 03:15:00,,,False,False
II,rain,causal-robust,12,R,T3,2022-01-02 09:00:00,,,False,False
II,rain,causal-robust,12,R,T5,2022-01-02 09:15:00,,,False,False
II,rain,causal-robust,12,R,CP,2022-01-02 07:30:00,2022-01-02 07:30:00,2022-01-02 07:45:00,False,False
II,rain,causal-robust,12,R,peak,2022-01-02 13:45:00,,,False,False
II,rain,causal-robust,12,R',T2,2022-01-02 09:00:00,,,False,False
II,rain,causal-robust,12,R',T3,2022-01-02 09:15:00,,,False,False
II,rain,causal-robust,12,R',T5,2022-01-02 09:30:00,,,False,False
II,rain,causal-robust,12,R',CP,2022-01-02 07:45:00,2022-01-02 07:30:00,2022-01-02 08:00:00,False,False
II,rain,causal-robust,12,R',peak,2022-01-02 13:45:00,,,False,False
II,level,centred,1,R,T2,2022-01-03 03:15:00,,,False,False
II,level,centred,1,R,T3,2022-01-03 04:15:00,,,False,False
II,level,centred,1,R,T5,2022-01-03 07:45:00,,,False,False
II,level,centred,1,R,CP,2022-01-03 04:45:00,2022-01-03 04:00:00,2022-01-03 05:15:00,False,False
II,level,centred,1,R,peak,2022-01-03 21:45:00,,,False,False
II,level,centred,1,R',T2,2022-01-03 01:30:00,,,False,False
II,level,centred,1,R',T3,2022-01-03 02:00:00,,,False,False
II,level,centred,1,R',T5,2022-01-03 02:45:00,,,False,False
II,level,centred,1,R',CP,2022-01-03 04:00:00,2022-01-03 03:30:00,2022-01-03 04:30:00,False,False
II,level,centred,1,R',peak,2022-01-03 21:45:00,,,False,False
II,level,centred,3,R,T2,2022-01-03 03:30:00,,,False,False
II,level,centred,3,R,T3,2022-01-03 04:45:00,,,False,False
II,level,centred,3,R,T5,2022-01-03 06:45:00,,,False,False
II,level,centred,3,R,CP,2022-01-03 03:00:00,2022-01-03 02:30:00,2022-01-03 03:30:00,False,False
II,level,centred,3,R,peak,2022-01-03 21:15:00,,,False,False
II,level,centred,3,R',T2,2022-01-03 01:00:00,,,False,False
II,level,centred,3,R',T3,2022-01-03 01:45:00,,,False,False
II,level,centred,3,R',T5,2022-01-03 03:00:00,,,False,False
II,level,centred,3,R',CP,2022-01-03 02:30:00,2022-01-03 02:00:00,2022-01-03 02:45:00,False,False
II,level,centred,3,R',peak,2022-01-03 21:15:00,,,False,False
II,level,centred,6,R,T2,2022-01-03 02:15:00,,,False,False
II,level,centred,6,R,T3,2022-01-03 03:15:00,,,False,False
II,level,centred,6,R,T5,2022-01-03 05:30:00,,,False,False
II,level,centred,6,R,CP,2022-01-02 23:45:00,2022-01-02 23:15:00,2022-01-03 00:00:00,False,False
II,level,centred,6,R,peak,2022-01-03 23:15:00,,,False,False
II,level,centred,6,R',T2,2022-01-02 23:30:00,,,False,False
II,level,centred,6,R',T3,2022-01-03 00:15:00,,,False,False
II,level,centred,6,R',T5,2022-01-03 01:45:00,,,False,False
II,level,centred,6,R',CP,2022-01-02 22:45:00,2022-01-02 22:30:00,2022-01-02 23:15:00,False,False
II,level,centred,6,R',peak,2022-01-03 23:15:00,,,False,False
II,level,centred,12,R,T2,2022-01-02 21:15:00,,,False,False
II,level,centred,12,R,T3,2022-01-02 23:00:00,,,False,False
II,level,centred,12,R,T5,2022-01-03 01:45:00,,,False,False
II,level,centred,12,R,CP,2022-01-02 16:45:00,2022-01-02 16:15:00,2022-01-02 17:15:00,False,False
II,level,centred,12,R,peak,2022-01-04 04:30:00,,,False,False
II,level,centred,12,R',T2,2022-01-02 17:30:00,,,False,False
II,level,centred,12,R',T3,2022-01-02 18:30:00,,,False,False
II,level,centred,12,R',T5,2022-01-02 20:30:00,,,False,False
II,level,centred,12,R',CP,2022-01-02 15:45:00,2022-01-02 15:30:00,2022-01-02 16:00:00,False,False
II,level,centred,12,R',peak,2022-01-04 04:30:00,,,False,False
II,level,causal,1,R,T2,2022-01-03 02:45:00,,,False,False
II,level,causal,1,R,T3,2022-01-03 03:30:00,,,False,False
II,level,causal,1,R,T5,2022-01-03 06:00:00,,,False,False
II,level,causal,1,R,CP,2022-01-03 05:00:00,2022-01-03 04:15:00,2022-01-03 05:30:00,False,False
II,level,causal,1,R,peak,2022-01-03 23:00:00,,,False,False
II,level,causal,1,R',T2,2022-01-03 01:45:00,,,False,False
II,level,causal,1,R',T3,2022-01-03 02:15:00,,,False,False
II,level,causal,1,R',T5,2022-01-03 02:45:00,,,False,False
II,level,causal,1,R',CP,2022-01-03 04:30:00,2022-01-03 04:00:00,2022-01-03 05:00:00,False,False
II,level,causal,1,R',peak,2022-01-03 23:00:00,,,False,False
II,level,causal,3,R,T2,2022-01-03 03:15:00,,,False,False
II,level,causal,3,R,T3,2022-01-03 04:00:00,,,False,False
II,level,causal,3,R,T5,2022-01-03 06:00:00,,,False,False
II,level,causal,3,R,CP,2022-01-03 05:15:00,2022-01-03 04:45:00,2022-01-03 05:45:00,False,False
II,level,causal,3,R,peak,2022-01-03 23:15:00,,,False,False
II,level,causal,3,R',T2,2022-01-03 02:15:00,,,False,False
II,level,causal,3,R',T3,2022-01-03 02:45:00,,,False,False
II,level,causal,3,R',T5,2022-01-03 03:30:00,,,False,False
II,level,causal,3,R',CP,2022-01-03 04:45:00,2022-01-03 04:15:00,2022-01-03 05:30:00,False,False
II,level,causal,3,R',peak,2022-01-03 23:15:00,,,False,False
II,level,causal,6,R,T2,2022-01-03 04:00:00,,,False,False
II,level,causal,6,R,T3,2022-01-03 05:00:00,,,False,False
II,level,causal,6,R,T5,2022-01-03 07:00:00,,,False,False
II,level,causal,6,R,CP,2022-01-03 06:00:00,2022-01-03 05:15:00,2022-01-03 06:30:00,False,False
II,level,causal,6,R,peak,2022-01-03 23:15:00,,,False,False
II,level,causal,6,R',T2,2022-01-03 02:30:00,,,False,False
II,level,causal,6,R',T3,2022-01-03 02:45:00,,,False,False
II,level,causal,6,R',T5,2022-01-03 03:30:00,,,False,False
II,level,causal,6,R',CP,2022-01-03 05:30:00,2022-01-03 04:45:00,2022-01-03 06:00:00,False,False
II,level,causal,6,R',peak,2022-01-03 23:15:00,,,False,False
II,level,causal,12,R,T2,2022-01-03 05:45:00,,,False,False
II,level,causal,12,R,T3,2022-01-03 07:15:00,,,False,False
II,level,causal,12,R,T5,2022-01-03 09:30:00,,,False,False
II,level,causal,12,R,CP,2022-01-03 06:45:00,2022-01-03 06:15:00,2022-01-03 07:15:00,False,False
II,level,causal,12,R,peak,2022-01-04 00:00:00,,,False,False
II,level,causal,12,R',T2,2022-01-03 03:30:00,,,False,False
II,level,causal,12,R',T3,2022-01-03 03:45:00,,,False,False
II,level,causal,12,R',T5,2022-01-03 04:15:00,,,False,False
II,level,causal,12,R',CP,2022-01-03 06:15:00,2022-01-03 05:45:00,2022-01-03 07:00:00,False,False
II,level,causal,12,R',peak,2022-01-04 00:00:00,,,False,False
II,level,causal-robust,1,R,T2,2022-01-03 02:45:00,,,False,False
II,level,causal-robust,1,R,T3,2022-01-03 03:30:00,,,False,False
II,level,causal-robust,1,R,T5,2022-01-03 06:00:00,,,False,False
II,level,causal-robust,1,R,CP,2022-01-03 05:00:00,2022-01-03 04:15:00,2022-01-03 05:30:00,False,False
II,level,causal-robust,1,R,peak,2022-01-03 23:00:00,,,False,False
II,level,causal-robust,1,R',T2,2022-01-03 01:45:00,,,False,False
II,level,causal-robust,1,R',T3,2022-01-03 02:15:00,,,False,False
II,level,causal-robust,1,R',T5,2022-01-03 02:45:00,,,False,False
II,level,causal-robust,1,R',CP,2022-01-03 04:30:00,2022-01-03 04:00:00,2022-01-03 05:00:00,False,False
II,level,causal-robust,1,R',peak,2022-01-03 23:00:00,,,False,False
II,level,causal-robust,3,R,T2,2022-01-03 03:15:00,,,False,False
II,level,causal-robust,3,R,T3,2022-01-03 04:00:00,,,False,False
II,level,causal-robust,3,R,T5,2022-01-03 06:00:00,,,False,False
II,level,causal-robust,3,R,CP,2022-01-03 05:15:00,2022-01-03 04:45:00,2022-01-03 05:45:00,False,False
II,level,causal-robust,3,R,peak,2022-01-03 23:15:00,,,False,False
II,level,causal-robust,3,R',T2,2022-01-03 02:15:00,,,False,False
II,level,causal-robust,3,R',T3,2022-01-03 02:45:00,,,False,False
II,level,causal-robust,3,R',T5,2022-01-03 03:30:00,,,False,False
II,level,causal-robust,3,R',CP,2022-01-03 04:45:00,2022-01-03 04:15:00,2022-01-03 05:30:00,False,False
II,level,causal-robust,3,R',peak,2022-01-03 23:15:00,,,False,False
II,level,causal-robust,6,R,T2,2022-01-03 04:00:00,,,False,False
II,level,causal-robust,6,R,T3,2022-01-03 05:00:00,,,False,False
II,level,causal-robust,6,R,T5,2022-01-03 07:00:00,,,False,False
II,level,causal-robust,6,R,CP,2022-01-03 06:00:00,2022-01-03 05:15:00,2022-01-03 06:30:00,False,False
II,level,causal-robust,6,R,peak,2022-01-03 23:15:00,,,False,False
II,level,causal-robust,6,R',T2,2022-01-03 02:30:00,,,False,False
II,level,causal-robust,6,R',T3,2022-01-03 02:45:00,,,False,False
II,level,causal-robust,6,R',T5,2022-01-03 03:30:00,,,False,False
II,level,causal-robust,6,R',CP,2022-01-03 05:30:00,2022-01-03 04:45:00,2022-01-03 06:00:00,False,False
II,level,causal-robust,6,R',peak,2022-01-03 23:15:00,,,False,False
II,level,causal-robust,12,R,T2,2022-01-03 05:45:00,,,False,False
II,level,causal-robust,12,R,T3,2022-01-03 07:15:00,,,False,False
II,level,causal-robust,12,R,T5,2022-01-03 09:30:00,,,False,False
II,level,causal-robust,12,R,CP,2022-01-03 06:45:00,2022-01-03 06:15:00,2022-01-03 07:15:00,False,False
II,level,causal-robust,12,R,peak,2022-01-04 00:00:00,,,False,False
II,level,causal-robust,12,R',T2,2022-01-03 03:30:00,,,False,False
II,level,causal-robust,12,R',T3,2022-01-03 03:45:00,,,False,False
II,level,causal-robust,12,R',T5,2022-01-03 04:15:00,,,False,False
II,level,causal-robust,12,R',CP,2022-01-03 06:15:00,2022-01-03 05:45:00,2022-01-03 07:00:00,False,False
II,level,causal-robust,12,R',peak,2022-01-04 00:00:00,,,False,False
II,uplift_GNSS1,centred,1,R,T2,,,,False,False
II,uplift_GNSS1,centred,1,R,T3,,,,False,False
II,uplift_GNSS1,centred,1,R,T5,,,,False,False
II,uplift_GNSS1,centred,1,R,CP,2022-01-03 07:30:00,2022-01-03 05:30:00,2022-01-03 08:45:00,False,False
II,uplift_GNSS1,centred,1,R,peak,2022-01-03 10:00:00,,,False,False
II,uplift_GNSS1,centred,1,R',T2,2022-01-02 09:00:00,,,False,False
II,uplift_GNSS1,centred,1,R',T3,2022-01-03 09:30:00,,,False,False
II,uplift_GNSS1,centred,1,R',T5,,,,False,False
II,uplift_GNSS1,centred,1,R',CP,2022-01-03 07:15:00,2022-01-03 02:45:00,2022-01-03 08:15:00,False,False
II,uplift_GNSS1,centred,1,R',peak,2022-01-03 10:00:00,,,False,False
II,uplift_GNSS1,centred,3,R,T2,,,,False,False
II,uplift_GNSS1,centred,3,R,T3,,,,False,False
II,uplift_GNSS1,centred,3,R,T5,,,,False,False
II,uplift_GNSS1,centred,3,R,CP,2022-01-04 01:30:00,2022-01-03 23:30:00,2022-01-04 03:15:00,False,False
II,uplift_GNSS1,centred,3,R,peak,2022-01-04 08:00:00,,,False,False
II,uplift_GNSS1,centred,3,R',T2,2022-01-03 08:45:00,,,False,False
II,uplift_GNSS1,centred,3,R',T3,2022-01-04 05:30:00,,,False,False
II,uplift_GNSS1,centred,3,R',T5,,,,False,False
II,uplift_GNSS1,centred,3,R',CP,2022-01-04 00:45:00,2022-01-03 23:30:00,2022-01-04 02:00:00,False,False
II,uplift_GNSS1,centred,3,R',peak,2022-01-04 08:00:00,,,False,False
II,uplift_GNSS1,centred,6,R,T2,,,,False,False
II,uplift_GNSS1,centred,6,R,T3,,,,False,False
II,uplift_GNSS1,centred,6,R,T5,,,,False,False
II,uplift_GNSS1,centred,6,R,CP,2022-01-03 19:30:00,2022-01-03 16:30:00,2022-01-03 22:30:00,False,False
II,uplift_GNSS1,centred,6,R,peak,2022-01-05 12:00:00,,,False,False
II,uplift_GNSS1,centred,6,R',T2,2022-01-04 06:00:00,,,False,False
II,uplift_GNSS1,centred,6,R',T3,2022-01-04 08:30:00,,,False,False
II,uplift_GNSS1,centred,6,R',T5,,,,False,False
II,uplift_GNSS1,centred,6,R',CP,2022-01-03 16:45:00,2022-01-03 14:00:00,2022-01-03 19:00:00,False,False
II,uplift_GNSS1,centred,6,R',peak,2022-01-05 12:00:00,,,False,False
II,uplift_GNSS1,centred,12,R,T2,,,,False,False
II,uplift_GNSS1,centred,12,R,T3,,,,False,False
II,uplift_GNSS1,centred,12,R,T5,,,,False,False
II,uplift_GNSS1,centred,12,R,CP,2022-01-03 19:00:00,2022-01-03 15:30:00,2022-01-03 22:30:00,False,False
II,uplift_GNSS1,centred,12,R,peak,2022-01-05 08:15:00,,,False,False
II,uplift_GNSS1,centred,12,R',T2,2022-01-04 11:30:00,,,False,False
II,uplift_GNSS1,centred,12,R',T3,2022-01-04 16:30:00,,,False,False
II,uplift_GNSS1,centred,12,R',T5,,,,False,False
II,uplift_GNSS1,centred,12,R',CP,2022-01-03 15:00:00,2022-01-03 13:00:00,2022-01-03 17:00:00,False,False
II,uplift_GNSS1,centred,12,R',peak,2022-01-05 08:15:00,,,False,False
II,uplift_GNSS1,causal,1,R,T2,,,,False,False
II,uplift_GNSS1,causal,1,R,T3,,,,False,False
II,uplift_GNSS1,causal,1,R,T5,,,,False,False
II,uplift_GNSS1,causal,1,R,CP,2022-01-03 09:00:00,2022-01-03 07:30:00,2022-01-03 09:15:00,False,False
II,uplift_GNSS1,causal,1,R,peak,2022-01-03 10:15:00,,,False,False
II,uplift_GNSS1,causal,1,R',T2,,,,False,False
II,uplift_GNSS1,causal,1,R',T3,,,,False,False
II,uplift_GNSS1,causal,1,R',T5,,,,False,False
II,uplift_GNSS1,causal,1,R',CP,2022-01-03 08:45:00,2022-01-03 07:15:00,2022-01-03 09:15:00,False,False
II,uplift_GNSS1,causal,1,R',peak,2022-01-03 10:15:00,,,False,False
II,uplift_GNSS1,causal,3,R,T2,,,,False,False
II,uplift_GNSS1,causal,3,R,T3,,,,False,False
II,uplift_GNSS1,causal,3,R,T5,,,,False,False
II,uplift_GNSS1,causal,3,R,CP,2022-01-03 09:00:00,2022-01-03 02:45:00,2022-01-03 09:15:00,False,False
II,uplift_GNSS1,causal,3,R,peak,2022-01-03 10:15:00,,,False,False
II,uplift_GNSS1,causal,3,R',T2,2022-01-03 10:00:00,,,False,False
II,uplift_GNSS1,causal,3,R',T3,,,,False,False
II,uplift_GNSS1,causal,3,R',T5,,,,False,False
II,uplift_GNSS1,causal,3,R',CP,2022-01-03 04:00:00,2022-01-03 02:45:00,2022-01-03 05:45:00,False,False
II,uplift_GNSS1,causal,3,R',peak,2022-01-03 10:15:00,,,False,False
II,uplift_GNSS1,causal,6,R,T2,,,,False,False
II,uplift_GNSS1,causal,6,R,T3,,,,False,False
II,uplift_GNSS1,causal,6,R,T5,,,,False,False
II,uplift_GNSS1,causal,6,R,CP,2022-01-03 08:00:00,2022-01-03 06:00:00,2022-01-03 09:30:00,False,False
II,uplift_GNSS1,causal,6,R,peak,2022-01-03 12:30:00,,,False,False
II,uplift_GNSS1,causal,6,R',T2,2022-01-03 10:00:00,,,False,False
II,uplift_GNSS1,causal,6,R',T3,2022-01-04 09:15:00,,,False,False
II,uplift_GNSS1,causal,6,R',T5,,,,False,False
II,uplift_GNSS1,causal,6,R',CP,2022-01-03 07:30:00,2022-01-03 05:45:00,2022-01-03 08:45:00,False,False
II,uplift_GNSS1,causal,6,R',peak,2022-01-03 12:30:00,,,False,False
II,uplift_GNSS1,causal,12,R,T2,,,,False,False
II,uplift_GNSS1,causal,12,R,T3,,,,False,False
II,uplift_GNSS1,causal,12,R,T5,,,,False,False
II,uplift_GNSS1,causal,12,R,CP,2022-01-04 03:30:00,2022-01-04 01:45:00,2022-01-04 05:30:00,False,False
II,uplift_GNSS1,causal,12,R,peak,2022-01-04 18:45:00,,,False,False
II,uplift_GNSS1,causal,12,R',T2,,,,False,False
II,uplift_GNSS1,causal,12,R',T3,,,,False,False
II,uplift_GNSS1,causal,12,R',T5,,,,False,False
II,uplift_GNSS1,causal,12,R',CP,2022-01-04 03:00:00,2022-01-04 01:30:00,2022-01-04 04:30:00,False,False
II,uplift_GNSS1,causal,12,R',peak,2022-01-04 18:45:00,,,False,False
II,uplift_GNSS1,causal-robust,1,R,T2,,,,False,False
II,uplift_GNSS1,causal-robust,1,R,T3,,,,False,False
II,uplift_GNSS1,causal-robust,1,R,T5,,,,False,False
II,uplift_GNSS1,causal-robust,1,R,CP,2022-01-03 22:15:00,2022-01-03 16:00:00,2022-01-05 02:45:00,False,False
II,uplift_GNSS1,causal-robust,1,R,peak,2022-01-05 03:45:00,,,False,False
II,uplift_GNSS1,causal-robust,1,R',T2,,,,False,False
II,uplift_GNSS1,causal-robust,1,R',T3,,,,False,False
II,uplift_GNSS1,causal-robust,1,R',T5,,,,False,False
II,uplift_GNSS1,causal-robust,1,R',CP,2022-01-03 22:00:00,2022-01-03 15:45:00,2022-01-04 01:45:00,False,False
II,uplift_GNSS1,causal-robust,1,R',peak,2022-01-05 03:45:00,,,False,False
II,uplift_GNSS1,causal-robust,3,R,T2,,,,False,False
II,uplift_GNSS1,causal-robust,3,R,T3,,,,False,False
II,uplift_GNSS1,causal-robust,3,R,T5,,,,False,False
II,uplift_GNSS1,causal-robust,3,R,CP,2022-01-03 07:45:00,2022-01-03 03:30:00,2022-01-03 09:00:00,False,False
II,uplift_GNSS1,causal-robust,3,R,peak,2022-01-03 13:00:00,,,False,False
II,uplift_GNSS1,causal-robust,3,R',T2,2022-01-02 05:15:00,,,False,False
II,uplift_GNSS1,causal-robust,3,R',T3,2022-01-03 12:15:00,,,False,False
II,uplift_GNSS1,causal-robust,3,R',T5,,,,False,False
II,uplift_GNSS1,causal-robust,3,R',CP,2022-01-03 04:15:00,2022-01-03 03:15:00,2022-01-03 07:30:00,False,False
II,uplift_GNSS1,causal-robust,3,R',peak,2022-01-03 13:00:00,,,False,False
II,uplift_GNSS1,causal-robust,6,R,T2,2022-01-03 12:15:00,,,False,False
II,uplift_GNSS1,causal-robust,6,R,T3,,,,False,False
II,uplift_GNSS1,causal-robust,6,R,T5,,,,False,False
II,uplift_GNSS1,causal-robust,6,R,CP,2022-01-03 08:00:00,2022-01-03 06:30:00,2022-01-03 09:15:00,False,False
II,uplift_GNSS1,causal-robust,6,R,peak,2022-01-03 13:00:00,,,False,False
II,uplift_GNSS1,causal-robust,6,R',T2,2022-01-03 10:00:00,,,False,False
II,uplift_GNSS1,causal-robust,6,R',T3,2022-01-03 12:15:00,,,False,False
II,uplift_GNSS1,causal-robust,6,R',T5,,,,False,False
II,uplift_GNSS1,causal-robust,6,R',CP,2022-01-03 07:30:00,2022-01-03 06:15:00,2022-01-03 08:30:00,False,False
II,uplift_GNSS1,causal-robust,6,R',peak,2022-01-03 13:00:00,,,False,False
II,uplift_GNSS1,causal-robust,12,R,T2,,,,False,False
II,uplift_GNSS1,causal-robust,12,R,T3,,,,False,False
II,uplift_GNSS1,causal-robust,12,R,T5,,,,False,False
II,uplift_GNSS1,causal-robust,12,R,CP,2022-01-04 04:15:00,2022-01-04 02:45:00,2022-01-04 06:00:00,False,False
II,uplift_GNSS1,causal-robust,12,R,peak,2022-01-04 11:15:00,,,False,False
II,uplift_GNSS1,causal-robust,12,R',T2,2022-01-04 09:30:00,,,False,False
II,uplift_GNSS1,causal-robust,12,R',T3,,,,False,False
II,uplift_GNSS1,causal-robust,12,R',T5,,,,False,False
II,uplift_GNSS1,causal-robust,12,R',CP,2022-01-04 03:45:00,2022-01-04 02:30:00,2022-01-04 05:00:00,False,False
II,uplift_GNSS1,causal-robust,12,R',peak,2022-01-04 11:15:00,,,False,False
II,speed_GNSS1,centred,1,R,T2,2022-01-03 08:30:00,,,False,False
II,speed_GNSS1,centred,1,R,T3,2022-01-03 09:00:00,,,False,False
II,speed_GNSS1,centred,1,R,T5,,,,False,False
II,speed_GNSS1,centred,1,R,CP,2022-01-03 07:30:00,2022-01-03 06:45:00,2022-01-03 08:00:00,False,False
II,speed_GNSS1,centred,1,R,peak,2022-01-03 10:00:00,,,False,False
II,speed_GNSS1,centred,1,R',T2,2022-01-03 08:45:00,,,False,False
II,speed_GNSS1,centred,1,R',T3,2022-01-03 09:15:00,,,False,False
II,speed_GNSS1,centred,1,R',T5,,,,False,False
II,speed_GNSS1,centred,1,R',CP,2022-01-03 07:30:00,2022-01-03 06:45:00,2022-01-03 08:00:00,False,False
II,speed_GNSS1,centred,1,R',peak,2022-01-03 10:00:00,,,False,False
II,speed_GNSS1,centred,3,R,T2,2022-01-02 19:15:00,,,False,False
II,speed_GNSS1,centred,3,R,T3,2022-01-03 07:00:00,,,False,False
II,speed_GNSS1,centred,3,R,T5,2022-01-03 18:00:00,,,False,False
II,speed_GNSS1,centred,3,R,CP,2022-01-02 13:45:00,2022-01-02 04:45:00,2022-01-02 16:45:00,False,False
II,speed_GNSS1,centred,3,R,peak,2022-01-03 20:15:00,,,False,False
II,speed_GNSS1,centred,3,R',T2,2022-01-02 08:45:00,,,False,False
II,speed_GNSS1,centred,3,R',T3,2022-01-02 18:00:00,,,False,False
II,speed_GNSS1,centred,3,R',T5,2022-01-02 19:15:00,,,False,False
II,speed_GNSS1,centred,3,R',CP,2022-01-02 04:45:00,2022-01-02 02:00:00,2022-01-02 09:30:00,False,False
II,speed_GNSS1,centred,3,R',peak,2022-01-03 20:15:00,,,False,False
II,speed_GNSS1,centred,6,R,T2,2022-01-02 17:45:00,,,False,False
II,speed_GNSS1,centred,6,R,T3,2022-01-03 00:15:00,,,False,False
II,speed_GNSS1,centred,6,R,T5,2022-01-03 07:30:00,,,False,False
II,speed_GNSS1,centred,6,R,CP,2022-01-02 10:30:00,2022-01-02 09:15:00,2022-01-02 11:30:00,False,False
II,speed_GNSS1,centred,6,R,peak,2022-01-03 20:00:00,,,False,False
II,speed_GNSS1,centred,6,R',T2,2022-01-02 16:45:00,,,False,False
II,speed_GNSS1,centred,6,R',T3,2022-01-02 21:15:00,,,False,False
II,speed_GNSS1,centred,6,R',T5,2022-01-03 06:30:00,,,False,False
II,speed_GNSS1,centred,6,R',CP,2022-01-02 08:45:00,2022-01-02 07:45:00,2022-01-02 09:45:00,False,False
II,speed_GNSS1,centred,6,R',peak,2022-01-03 20:00:00,,,False,False
II,speed_GNSS1,centred,12,R,T2,2022-01-02 06:15:00,,,False,False
II,speed_GNSS1,centred,12,R,T3,2022-01-02 07:30:00,,,False,False
II,speed_GNSS1,centred,12,R,T5,2022-01-02 09:30:00,,,False,False
II,speed_GNSS1,centred,12,R,CP,2022-01-02 06:15:00,2022-01-02 06:00:00,2022-01-02 06:30:00,False,False
II,speed_GNSS1,centred,12,R,peak,2022-01-03 21:30:00,,,False,False
II,speed_GNSS1,centred,12,R',T2,2022-01-02 05:15:00,,,False,False
II,speed_GNSS1,centred,12,R',T3,2022-01-02 06:00:00,,,False,False
II,speed_GNSS1,centred,12,R',T5,2022-01-02 07:30:00,,,False,False
II,speed_GNSS1,centred,12,R',CP,2022-01-02 06:30:00,2022-01-02 06:15:00,2022-01-02 06:45:00,False,False
II,speed_GNSS1,centred,12,R',peak,2022-01-03 21:30:00,,,False,False
II,speed_GNSS1,causal,1,R,T2,,,,False,False
II,speed_GNSS1,causal,1,R,T3,,,,False,False
II,speed_GNSS1,causal,1,R,T5,,,,False,False
II,speed_GNSS1,causal,1,R,CP,2022-01-03 10:00:00,2022-01-03 10:00:00,2022-01-03 10:00:00,False,False
II,speed_GNSS1,causal,1,R,peak,2022-01-03 11:00:00,,,False,False
II,speed_GNSS1,causal,1,R',T2,,,,False,False
II,speed_GNSS1,causal,1,R',T3,,,,False,False
II,speed_GNSS1,causal,1,R',T5,,,,False,False
II,speed_GNSS1,causal,1,R',CP,2022-01-03 10:00:00,2022-01-03 10:00:00,2022-01-03 10:00:00,False,False
II,speed_GNSS1,causal,1,R',peak,2022-01-03 11:00:00,,,False,False
II,speed_GNSS1,causal,3,R,T2,,,,False,False
II,speed_GNSS1,causal,3,R,T3,,,,False,False
II,speed_GNSS1,causal,3,R,T5,,,,False,False
II,speed_GNSS1,causal,3,R,CP,2022-01-03 10:00:00,2022-01-03 10:00:00,2022-01-03 10:00:00,False,False
II,speed_GNSS1,causal,3,R,peak,2022-01-03 11:00:00,,,False,False
II,speed_GNSS1,causal,3,R',T2,,,,False,False
II,speed_GNSS1,causal,3,R',T3,,,,False,False
II,speed_GNSS1,causal,3,R',T5,,,,False,False
II,speed_GNSS1,causal,3,R',CP,2022-01-03 10:00:00,2022-01-03 10:00:00,2022-01-03 10:00:00,False,False
II,speed_GNSS1,causal,3,R',peak,2022-01-03 11:00:00,,,False,False
II,speed_GNSS1,causal,6,R,T2,,,,False,False
II,speed_GNSS1,causal,6,R,T3,,,,False,False
II,speed_GNSS1,causal,6,R,T5,,,,False,False
II,speed_GNSS1,causal,6,R,CP,2022-01-03 10:00:00,2022-01-03 10:00:00,2022-01-03 10:00:00,False,False
II,speed_GNSS1,causal,6,R,peak,2022-01-03 11:00:00,,,False,False
II,speed_GNSS1,causal,6,R',T2,,,,False,False
II,speed_GNSS1,causal,6,R',T3,,,,False,False
II,speed_GNSS1,causal,6,R',T5,,,,False,False
II,speed_GNSS1,causal,6,R',CP,2022-01-03 10:00:00,2022-01-03 10:00:00,2022-01-03 10:00:00,False,False
II,speed_GNSS1,causal,6,R',peak,2022-01-03 11:00:00,,,False,False
II,speed_GNSS1,causal,12,R,T2,,,,False,False
II,speed_GNSS1,causal,12,R,T3,,,,False,False
II,speed_GNSS1,causal,12,R,T5,,,,False,False
II,speed_GNSS1,causal,12,R,CP,2022-01-03 10:00:00,2022-01-03 10:00:00,2022-01-03 10:00:00,False,False
II,speed_GNSS1,causal,12,R,peak,2022-01-03 11:00:00,,,False,False
II,speed_GNSS1,causal,12,R',T2,,,,False,False
II,speed_GNSS1,causal,12,R',T3,,,,False,False
II,speed_GNSS1,causal,12,R',T5,,,,False,False
II,speed_GNSS1,causal,12,R',CP,2022-01-03 10:00:00,2022-01-03 10:00:00,2022-01-03 10:00:00,False,False
II,speed_GNSS1,causal,12,R',peak,2022-01-03 11:00:00,,,False,False
II,speed_GNSS1,causal-robust,1,R,T2,2022-01-03 21:15:00,,,False,False
II,speed_GNSS1,causal-robust,1,R,T3,,,,False,False
II,speed_GNSS1,causal-robust,1,R,T5,,,,False,False
II,speed_GNSS1,causal-robust,1,R,CP,2022-01-03 10:00:00,2022-01-03 09:45:00,2022-01-03 10:00:00,False,False
II,speed_GNSS1,causal-robust,1,R,peak,2022-01-03 11:00:00,,,False,False
II,speed_GNSS1,causal-robust,1,R',T2,2022-01-03 21:15:00,,,False,False
II,speed_GNSS1,causal-robust,1,R',T3,,,,False,False
II,speed_GNSS1,causal-robust,1,R',T5,,,,False,False
II,speed_GNSS1,causal-robust,1,R',CP,2022-01-03 10:00:00,2022-01-03 09:45:00,2022-01-03 10:00:00,False,False
II,speed_GNSS1,causal-robust,1,R',peak,2022-01-03 11:00:00,,,False,False
II,speed_GNSS1,causal-robust,3,R,T2,2022-01-02 22:15:00,,,False,False
II,speed_GNSS1,causal-robust,3,R,T3,2022-01-03 11:15:00,,,False,False
II,speed_GNSS1,causal-robust,3,R,T5,,,,False,False
II,speed_GNSS1,causal-robust,3,R,CP,2022-01-03 17:15:00,2022-01-03 16:00:00,2022-01-03 18:30:00,False,False
II,speed_GNSS1,causal-robust,3,R,peak,2022-01-04 00:15:00,,,False,False
II,speed_GNSS1,causal-robust,3,R',T2,2022-01-02 22:15:00,,,False,False
II,speed_GNSS1,causal-robust,3,R',T3,2022-01-03 11:15:00,,,False,False
II,speed_GNSS1,causal-robust,3,R',T5,,,,False,False
II,speed_GNSS1,causal-robust,3,R',CP,2022-01-03 17:15:00,2022-01-03 16:00:00,2022-01-03 18:45:00,False,False
II,speed_GNSS1,causal-robust,3,R',peak,2022-01-04 00:15:00,,,False,False
II,speed_GNSS1,causal-robust,6,R,T2,2022-01-02 23:00:00,,,False,False
II,speed_GNSS1,causal-robust,6,R,T3,2022-01-03 00:00:00,,,False,False
II,speed_GNSS1,causal-robust,6,R,T5,2022-01-03 21:15:00,,,False,False
II,speed_GNSS1,causal-robust,6,R,CP,2022-01-02 19:30:00,2022-01-02 17:15:00,2022-01-03 09:00:00,False,False
II,speed_GNSS1,causal-robust,6,R,peak,2022-01-04 00:30:00,,,False,False
II,speed_GNSS1,causal-robust,6,R',T2,2022-01-03 00:00:00,,,False,False
II,speed_GNSS1,causal-robust,6,R',T3,2022-01-03 11:45:00,,,False,False
II,speed_GNSS1,causal-robust,6,R',T5,2022-01-03 21:30:00,,,False,False
II,speed_GNSS1,causal-robust,6,R',CP,2022-01-03 08:15:00,2022-01-02 18:00:00,2022-01-03 09:45:00,False,False
II,speed_GNSS1,causal-robust,6,R',peak,2022-01-04 00:30:00,,,False,False
II,speed_GNSS1,causal-robust,12,R,T2,2022-01-03 00:45:00,,,False,False
II,speed_GNSS1,causal-robust,12,R,T3,2022-01-03 03:00:00,,,False,False
II,speed_GNSS1,causal-robust,12,R,T5,2022-01-03 19:45:00,,,False,False
II,speed_GNSS1,causal-robust,12,R,CP,2022-01-02 21:30:00,2022-01-02 20:15:00,2022-01-02 22:30:00,False,False
II,speed_GNSS1,causal-robust,12,R,peak,2022-01-04 03:30:00,,,False,False
II,speed_GNSS1,causal-robust,12,R',T2,2022-01-03 00:15:00,,,False,False
II,speed_GNSS1,causal-robust,12,R',T3,2022-01-03 00:45:00,,,False,False
II,speed_GNSS1,causal-robust,12,R',T5,2022-01-03 02:45:00,,,False,False
II,speed_GNSS1,causal-robust,12,R',CP,2022-01-02 22:15:00,2022-01-02 21:00:00,2022-01-02 23:30:00,False,False
II,speed_GNSS1,causal-robust,12,R',peak,2022-01-04 03:30:00,,,False,False
II,speed_GNSS2,centred,1,R,T2,2022-01-02 17:15:00,,,False,False
II,speed_GNSS2,centred,1,R,T3,2022-01-03 08:45:00,,,False,False
II,speed_GNSS2,centred,1,R,T5,,,,False,False
II,speed_GNSS2,centred,1,R,CP,2022-01-03 04:00:00,2022-01-03 02:45:00,2022-01-03 05:15:00,False,False
II,speed_GNSS2,centred,1,R,peak,2022-01-03 10:00:00,,,False,False
II,speed_GNSS2,centred,1,R',T2,2022-01-02 17:15:00,,,False,False
II,speed_GNSS2,centred,1,R',T3,2022-01-03 09:15:00,,,False,False
II,speed_GNSS2,centred,1,R',T5,,,,False,False
II,speed_GNSS2,centred,1,R',CP,2022-01-03 04:00:00,2022-01-03 02:30:00,2022-01-03 05:15:00,False,False
II,speed_GNSS2,centred,1,R',peak,2022-01-03 10:00:00,,,False,False
II,speed_GNSS2,centred,3,R,T2,2022-01-02 06:45:00,,,False,False
II,speed_GNSS2,centred,3,R,T3,2022-01-03 05:30:00,,,False,False
II,speed_GNSS2,centred,3,R,T5,,,,False,False
II,speed_GNSS2,centred,3,R,CP,2022-01-03 00:45:00,2022-01-02 23:15:00,2022-01-03 02:00:00,False,False
II,speed_GNSS2,centred,3,R,peak,2022-01-03 08:15:00,,,False,False
II,speed_GNSS2,centred,3,R',T2,2022-01-02 03:30:00,,,False,False
II,speed_GNSS2,centred,3,R',T3,2022-01-02 03:45:00,,,False,False
II,speed_GNSS2,centred,3,R',T5,2022-01-02 04:30:00,,,False,False
II,speed_GNSS2,centred,3,R',CP,2022-01-01 21:45:00,2022-01-01 17:00:00,2022-01-02 00:30:00,True,False
II,speed_GNSS2,centred,3,R',peak,2022-01-03 08:15:00,,,False,False
II,speed_GNSS2,centred,6,R,T2,2022-01-02 19:15:00,,,False,False
II,speed_GNSS2,centred,6,R,T3,2022-01-02 23:00:00,,,False,False
II,speed_GNSS2,centred,6,R,T5,2022-01-03 04:00:00,,,False,False
II,speed_GNSS2,centred,6,R,CP,2022-01-02 00:45:00,2022-01-01 23:30:00,2022-01-02 02:00:00,False,False
II,speed_GNSS2,centred,6,R,peak,2022-01-03 21:30:00,,,False,False
II,speed_GNSS2,centred,6,R',T2,2022-01-02 02:30:00,,,False,False
II,speed_GNSS2,centred,6,R',T3,2022-01-02 03:45:00,,,False,False
II,speed_GNSS2,centred,6,R',T5,2022-01-02 06:15:00,,,False,False
II,speed_GNSS2,centred,6,R',CP,2022-01-01 21:00:00,2022-01-01 20:00:00,2022-01-01 22:00:00,True,False
II,speed_GNSS2,centred,6,R',peak,2022-01-03 21:30:00,,,False,False
II,speed_GNSS2,centred,12,R,T2,2022-01-02 00:00:00,,,False,False
II,speed_GNSS2,centred,12,R,T3,2022-01-02 00:15:00,,,False,False
II,speed_GNSS2,centred,12,R,T5,2022-01-02 02:45:00,,,False,False
II,speed_GNSS2,centred,12,R,CP,2022-01-01 23:00:00,2022-01-01 22:45:00,2022-01-01 23:15:00,True,False
II,speed_GNSS2,centred,12,R,peak,2022-01-03 18:00:00,,,False,False
II,speed_GNSS2,centred,12,R',T2,2022-01-02 00:00:00,,,False,False
II,speed_GNSS2,centred,12,R',T3,2022-01-02 00:45:00,,,False,False
II,speed_GNSS2,centred,12,R',T5,2022-01-02 03:00:00,,,False,False
II,speed_GNSS2,centred,12,R',CP,2022-01-01 23:30:00,2022-01-01 23:15:00,2022-01-02 00:00:00,True,False
II,speed_GNSS2,centred,12,R',peak,2022-01-03 18:00:00,,,False,False
II,speed_GNSS2,causal,1,R,T2,,,,False,False
II,speed_GNSS2,causal,1,R,T3,,,,False,False
II,speed_GNSS2,causal,1,R,T5,,,,False,False
II,speed_GNSS2,causal,1,R,CP,2022-01-02 17:45:00,2022-01-02 17:45:00,2022-01-02 17:45:00,False,False
II,speed_GNSS2,causal,1,R,peak,2022-01-02 18:45:00,,,False,False
II,speed_GNSS2,causal,1,R',T2,,,,False,False
II,speed_GNSS2,causal,1,R',T3,,,,False,False
II,speed_GNSS2,causal,1,R',T5,,,,False,False
II,speed_GNSS2,causal,1,R',CP,2022-01-02 17:45:00,2022-01-02 17:45:00,2022-01-02 17:45:00,False,False
II,speed_GNSS2,causal,1,R',peak,2022-01-02 18:45:00,,,False,False
II,speed_GNSS2,causal,3,R,T2,2022-01-03 10:30:00,,,False,False
II,speed_GNSS2,causal,3,R,T3,,,,False,False
II,speed_GNSS2,causal,3,R,T5,,,,False,False
II,speed_GNSS2,causal,3,R,CP,2022-01-02 17:45:00,2022-01-02 17:45:00,2022-01-02 17:45:00,False,False
II,speed_GNSS2,causal,3,R,peak,2022-01-02 18:45:00,,,False,False
II,speed_GNSS2,causal,3,R',T2,2022-01-03 10:30:00,,,False,False
II,speed_GNSS2,causal,3,R',T3,,,,False,False
II,speed_GNSS2,causal,3,R',T5,,,,False,False
II,speed_GNSS2,causal,3,R',CP,2022-01-02 17:45:00,2022-01-02 17:45:00,2022-01-02 17:45:00,False,False
II,speed_GNSS2,causal,3,R',peak,2022-01-02 18:45:00,,,False,False
II,speed_GNSS2,causal,6,R,T2,2022-01-03 10:30:00,,,False,False
II,speed_GNSS2,causal,6,R,T3,,,,False,False
II,speed_GNSS2,causal,6,R,T5,,,,False,False
II,speed_GNSS2,causal,6,R,CP,2022-01-02 17:45:00,2022-01-02 17:45:00,2022-01-02 17:45:00,False,False
II,speed_GNSS2,causal,6,R,peak,2022-01-02 18:45:00,,,False,False
II,speed_GNSS2,causal,6,R',T2,2022-01-03 10:30:00,,,False,False
II,speed_GNSS2,causal,6,R',T3,,,,False,False
II,speed_GNSS2,causal,6,R',T5,,,,False,False
II,speed_GNSS2,causal,6,R',CP,2022-01-02 17:45:00,2022-01-02 17:45:00,2022-01-02 17:45:00,False,False
II,speed_GNSS2,causal,6,R',peak,2022-01-02 18:45:00,,,False,False
II,speed_GNSS2,causal,12,R,T2,2022-01-03 10:30:00,,,False,False
II,speed_GNSS2,causal,12,R,T3,,,,False,False
II,speed_GNSS2,causal,12,R,T5,,,,False,False
II,speed_GNSS2,causal,12,R,CP,2022-01-02 17:45:00,2022-01-02 17:45:00,2022-01-02 17:45:00,False,False
II,speed_GNSS2,causal,12,R,peak,2022-01-02 18:45:00,,,False,False
II,speed_GNSS2,causal,12,R',T2,2022-01-03 10:30:00,,,False,False
II,speed_GNSS2,causal,12,R',T3,2022-01-03 10:30:00,,,False,False
II,speed_GNSS2,causal,12,R',T5,,,,False,False
II,speed_GNSS2,causal,12,R',CP,2022-01-02 17:45:00,2022-01-02 17:45:00,2022-01-02 17:45:00,False,False
II,speed_GNSS2,causal,12,R',peak,2022-01-02 18:45:00,,,False,False
II,speed_GNSS2,causal-robust,1,R,T2,2022-01-03 21:15:00,,,False,False
II,speed_GNSS2,causal-robust,1,R,T3,,,,False,False
II,speed_GNSS2,causal-robust,1,R,T5,,,,False,False
II,speed_GNSS2,causal-robust,1,R,CP,2022-01-02 17:45:00,2022-01-02 17:30:00,2022-01-02 17:45:00,False,False
II,speed_GNSS2,causal-robust,1,R,peak,2022-01-02 18:45:00,,,False,False
II,speed_GNSS2,causal-robust,1,R',T2,2022-01-02 05:45:00,,,False,False
II,speed_GNSS2,causal-robust,1,R',T3,,,,False,False
II,speed_GNSS2,causal-robust,1,R',T5,,,,False,False
II,speed_GNSS2,causal-robust,1,R',CP,2022-01-02 17:45:00,2022-01-02 17:30:00,2022-01-02 17:45:00,False,False
II,speed_GNSS2,causal-robust,1,R',peak,2022-01-02 18:45:00,,,False,False
II,speed_GNSS2,causal-robust,3,R,T2,2022-01-02 22:15:00,,,False,False
II,speed_GNSS2,causal-robust,3,R,T3,2022-01-03 10:30:00,,,False,False
II,speed_GNSS2,causal-robust,3,R,T5,2022-01-03 11:15:00,,,False,False
II,speed_GNSS2,causal-robust,3,R,CP,2022-01-03 07:15:00,2022-01-03 04:45:00,2022-01-03 08:15:00,False,False
II,speed_GNSS2,causal-robust,3,R,peak,2022-01-03 11:45:00,,,False,False
II,speed_GNSS2,causal-robust,3,R',T2,2022-01-02 07:00:00,,,False,False
II,speed_GNSS2,causal-robust,3,R',T3,2022-01-02 08:45:00,,,False,False
II,speed_GNSS2,causal-robust,3,R',T5,2022-01-03 10:45:00,,,False,False
II,speed_GNSS2,causal-robust,3,R',CP,2022-01-03 05:45:00,2022-01-03 04:30:00,2022-01-03 08:15:00,False,False
II,speed_GNSS2,causal-robust,3,R',peak,2022-01-03 11:45:00,,,False,False
II,speed_GNSS2,causal-robust,6,R,T2,2022-01-02 12:30:00,,,False,False
II,speed_GNSS2,causal-robust,6,R,T3,2022-01-03 10:00:00,,,False,False
II,speed_GNSS2,causal-robust,6,R,T5,2022-01-03 11:30:00,,,False,False
II,speed_GNSS2,causal-robust,6,R,CP,2022-01-02 21:30:00,2022-01-02 04:15:00,2022-01-03 01:00:00,False,False
II,speed_GNSS2,causal-robust,6,R,peak,2022-01-03 12:30:00,,,False,False
II,speed_GNSS2,causal-robust,6,R',T2,2022-01-02 12:15:00,,,False,False
II,speed_GNSS2,causal-robust,6,R',T3,2022-01-03 09:45:00,,,False,False
II,speed_GNSS2,causal-robust,6,R',T5,2022-01-03 11:30:00,,,False,False
II,speed_GNSS2,causal-robust,6,R',CP,2022-01-02 21:45:00,2022-01-02 02:45:00,2022-01-03 05:00:00,False,False
II,speed_GNSS2,causal-robust,6,R',peak,2022-01-03 12:30:00,,,False,False
II,speed_GNSS2,causal-robust,12,R,T2,2022-01-03 02:30:00,,,False,False
II,speed_GNSS2,causal-robust,12,R,T3,2022-01-03 08:45:00,,,False,False
II,speed_GNSS2,causal-robust,12,R,T5,2022-01-03 11:30:00,,,False,False
II,speed_GNSS2,causal-robust,12,R,CP,2022-01-02 10:45:00,2022-01-02 09:30:00,2022-01-02 12:00:00,False,False
II,speed_GNSS2,causal-robust,12,R,peak,2022-01-04 13:45:00,,,False,False
II,speed_GNSS2,causal-robust,12,R',T2,2022-01-02 15:00:00,,,False,False
II,speed_GNSS2,causal-robust,12,R',T3,2022-01-03 02:30:00,,,False,False
II,speed_GNSS2,causal-robust,12,R',T5,2022-01-03 08:15:00,,,False,False
II,speed_GNSS2,causal-robust,12,R',CP,2022-01-02 12:15:00,2022-01-02 11:00:00,2022-01-02 14:00:00,False,False
II,speed_GNSS2,causal-robust,12,R',peak,2022-01-04 13:45:00,,,False,False
II,accel_GNSS1,centred,1,R,T2,2022-01-05 03:45:00,,,False,False
II,accel_GNSS1,centred,1,R,T3,,,,False,False
II,accel_GNSS1,centred,1,R,T5,,,,False,False
II,accel_GNSS1,centred,1,R,CP,2022-01-05 03:00:00,2022-01-05 02:45:00,2022-01-05 03:00:00,False,False
II,accel_GNSS1,centred,1,R,peak,2022-01-05 04:00:00,,,False,False
II,accel_GNSS1,centred,1,R',T2,,,,False,False
II,accel_GNSS1,centred,1,R',T3,,,,False,False
II,accel_GNSS1,centred,1,R',T5,,,,False,False
II,accel_GNSS1,centred,1,R',CP,2022-01-05 03:00:00,2022-01-05 02:30:00,2022-01-05 03:00:00,False,False
II,accel_GNSS1,centred,1,R',peak,2022-01-05 04:00:00,,,False,False
II,accel_GNSS1,centred,3,R,T2,2022-01-02 18:45:00,,,False,False
II,accel_GNSS1,centred,3,R,T3,2022-01-03 06:45:00,,,False,False
II,accel_GNSS1,centred,3,R,T5,,,,False,False
II,accel_GNSS1,centred,3,R,CP,2022-01-03 15:00:00,2022-01-03 14:00:00,2022-01-03 15:45:00,False,False
II,accel_GNSS1,centred,3,R,peak,2022-01-03 18:15:00,,,False,False
II,accel_GNSS1,centred,3,R',T2,2022-01-02 05:00:00,,,False,False
II,accel_GNSS1,centred,3,R',T3,2022-01-02 05:30:00,,,False,False
II,accel_GNSS1,centred,3,R',T5,2022-01-03 06:15:00,,,False,False
II,accel_GNSS1,centred,3,R',CP,2022-01-03 15:00:00,2022-01-03 14:00:00,2022-01-03 15:45:00,False,False
II,accel_GNSS1,centred,3,R',peak,2022-01-03 18:15:00,,,False,False
II,accel_GNSS1,centred,6,R,T2,,,,False,False
II,accel_GNSS1,centred,6,R,T3,,,,False,False
II,accel_GNSS1,centred,6,R,T5,,,,False,False
II,accel_GNSS1,centred,6,R,CP,2022-01-02 00:15:00,2022-01-01 21:30:00,2022-01-02 03:00:00,False,False
II,accel_GNSS1,centred,6,R,peak,2022-01-03 17:00:00,,,False,False
II,accel_GNSS1,centred,6,R',T2,2022-01-02 06:00:00,,,False,False
II,accel_GNSS1,centred,6,R',T3,2022-01-02 07:45:00,,,False,False
II,accel_GNSS1,centred,6,R',T5,,,,False,False
II,accel_GNSS1,centred,6,R',CP,2022-01-01 19:45:00,2022-01-01 17:15:00,2022-01-01 21:45:00,True,False
II,accel_GNSS1,centred,6,R',peak,2022-01-03 17:00:00,,,False,False
II,accel_GNSS1,centred,12,R,T2,2022-01-02 11:30:00,,,False,False
II,accel_GNSS1,centred,12,R,T3,2022-01-02 13:45:00,,,False,False
II,accel_GNSS1,centred,12,R,T5,2022-01-02 18:00:00,,,False,False
II,accel_GNSS1,centred,12,R,CP,2022-01-02 05:00:00,2022-01-02 04:15:00,2022-01-02 05:45:00,False,False
II,accel_GNSS1,centred,12,R,peak,2022-01-03 07:00:00,,,False,False
II,accel_GNSS1,centred,12,R',T2,2022-01-02 08:30:00,,,False,False
II,accel_GNSS1,centred,12,R',T3,2022-01-02 10:00:00,,,False,False
II,accel_GNSS1,centred,12,R',T5,2022-01-02 13:00:00,,,False,False
II,accel_GNSS1,centred,12,R',CP,2022-01-02 03:15:00,2022-01-02 02:45:00,2022-01-02 03:45:00,False,False
II,accel_GNSS1,centred,12,R',peak,2022-01-03 07:00:00,,,False,False
II,accel_GNSS1,causal,1,R,T2,,,,False,False
II,accel_GNSS1,causal,1,R,T3,,,,False,False
II,accel_GNSS1,causal,1,R,T5,,,,False,False
II,accel_GNSS1,causal,1,R,CP,2022-01-03 10:00:00,2022-01-03 10:00:00,2022-01-03 10:00:00,False,False
II,accel_GNSS1,causal,1,R,peak,2022-01-03 11:00:00,,,False,False
II,accel_GNSS1,causal,1,R',T2,,,,False,False
II,accel_GNSS1,causal,1,R',T3,,,,False,False
II,accel_GNSS1,causal,1,R',T5,,,,False,False
II,accel_GNSS1,causal,1,R',CP,2022-01-03 10:00:00,2022-01-03 10:00:00,2022-01-03 10:00:00,False,False
II,accel_GNSS1,causal,1,R',peak,2022-01-03 11:00:00,,,False,False
II,accel_GNSS1,causal,3,R,T2,,,,False,False
II,accel_GNSS1,causal,3,R,T3,,,,False,False
II,accel_GNSS1,causal,3,R,T5,,,,False,False
II,accel_GNSS1,causal,3,R,CP,2022-01-03 10:00:00,2022-01-03 10:00:00,2022-01-03 10:00:00,False,False
II,accel_GNSS1,causal,3,R,peak,2022-01-03 11:00:00,,,False,False
II,accel_GNSS1,causal,3,R',T2,,,,False,False
II,accel_GNSS1,causal,3,R',T3,,,,False,False
II,accel_GNSS1,causal,3,R',T5,,,,False,False
II,accel_GNSS1,causal,3,R',CP,2022-01-03 10:00:00,2022-01-03 10:00:00,2022-01-03 10:00:00,False,False
II,accel_GNSS1,causal,3,R',peak,2022-01-03 11:00:00,,,False,False
II,accel_GNSS1,causal,6,R,T2,2022-01-03 10:15:00,,,False,False
II,accel_GNSS1,causal,6,R,T3,,,,False,False
II,accel_GNSS1,causal,6,R,T5,,,,False,False
II,accel_GNSS1,causal,6,R,CP,2022-01-03 10:00:00,2022-01-03 09:30:00,2022-01-03 10:00:00,False,False
II,accel_GNSS1,causal,6,R,peak,2022-01-03 11:00:00,,,False,False
II,accel_GNSS1,causal,6,R',T2,2022-01-03 10:15:00,,,False,False
II,accel_GNSS1,causal,6,R',T3,,,,False,False
II,accel_GNSS1,causal,6,R',T5,,,,False,False
II,accel_GNSS1,causal,6,R',CP,2022-01-03 10:00:00,2022-01-03 09:30:00,2022-01-03 10:00:00,False,False
II,accel_GNSS1,causal,6,R',peak,2022-01-03 11:00:00,,,False,False
II,accel_GNSS1,causal,12,R,T2,,,,False,False
II,accel_GNSS1,causal,12,R,T3,,,,False,False
II,accel_GNSS1,causal,12,R,T5,,,,False,False
II,accel_GNSS1,causal,12,R,CP,2022-01-03 10:00:00,2022-01-03 10:00:00,2022-01-03 10:00:00,False,False
II,accel_GNSS1,causal,12,R,peak,2022-01-03 11:00:00,,,False,False
II,accel_GNSS1,causal,12,R',T2,,,,False,False
II,accel_GNSS1,causal,12,R',T3,,,,False,False
II,accel_GNSS1,causal,12,R',T5,,,,False,False
II,accel_GNSS1,causal,12,R',CP,2022-01-03 10:00:00,2022-01-03 10:00:00,2022-01-03 10:00:00,False,False
II,accel_GNSS1,causal,12,R',peak,2022-01-03 11:00:00,,,False,False
II,accel_GNSS1,causal-robust,1,R,T2,,,,False,False
II,accel_GNSS1,causal-robust,1,R,T3,,,,False,False
II,accel_GNSS1,causal-robust,1,R,T5,,,,False,False
II,accel_GNSS1,causal-robust,1,R,CP,2022-01-03 10:00:00,2022-01-03 09:45:00,2022-01-03 10:00:00,False,False
II,accel_GNSS1,causal-robust,1,R,peak,2022-01-03 11:00:00,,,False,False
II,accel_GNSS1,causal-robust,1,R',T2,,,,False,False
II,accel_GNSS1,causal-robust,1,R',T3,,,,False,False
II,accel_GNSS1,causal-robust,1,R',T5,,,,False,False
II,accel_GNSS1,causal-robust,1,R',CP,2022-01-03 10:00:00,2022-01-03 09:45:00,2022-01-03 10:00:00,False,False
II,accel_GNSS1,causal-robust,1,R',peak,2022-01-03 11:00:00,,,False,False
II,accel_GNSS1,causal-robust,3,R,T2,2022-01-02 07:30:00,,,False,False
II,accel_GNSS1,causal-robust,3,R,T3,,,,False,False
II,accel_GNSS1,causal-robust,3,R,T5,,,,False,False
II,accel_GNSS1,causal-robust,3,R,CP,2022-01-03 07:00:00,2022-01-03 05:15:00,2022-01-03 09:45:00,False,False
II,accel_GNSS1,causal-robust,3,R,peak,2022-01-03 11:30:00,,,False,False
II,accel_GNSS1,causal-robust,3,R',T2,2022-01-02 07:15:00,,,False,False
II,accel_GNSS1,causal-robust,3,R',T3,,,,False,False
II,accel_GNSS1,causal-robust,3,R',T5,,,,False,False
II,accel_GNSS1,causal-robust,3,R',CP,2022-01-03 07:00:00,2022-01-03 05:15:00,2022-01-03 09:45:00,False,False
II,accel_GNSS1,causal-robust,3,R',peak,2022-01-03 11:30:00,,,False,False
II,accel_GNSS1,causal-robust,6,R,T2,2022-01-03 00:00:00,,,False,False
II,accel_GNSS1,causal-robust,6,R,T3,2022-01-03 23:00:00,,,False,False
II,accel_GNSS1,causal-robust,6,R,T5,,,,False,False
II,accel_GNSS1,causal-robust,6,R,CP,2022-01-03 20:30:00,2022-01-03 19:30:00,2022-01-03 21:30:00,False,False
II,accel_GNSS1,causal-robust,6,R,peak,2022-01-04 00:15:00,,,False,False
II,accel_GNSS1,causal-robust,6,R',T2,2022-01-03 00:00:00,,,False,False
II,accel_GNSS1,causal-robust,6,R',T3,2022-01-03 23:00:00,,,False,False
II,accel_GNSS1,causal-robust,6,R',T5,,,,False,False
II,accel_GNSS1,causal-robust,6,R',CP,2022-01-03 20:30:00,2022-01-03 19:15:00,2022-01-03 21:30:00,False,False
II,accel_GNSS1,causal-robust,6,R',peak,2022-01-04 00:15:00,,,False,False
II,accel_GNSS1,causal-robust,12,R,T2,2022-01-03 20:45:00,,,False,False
II,accel_GNSS1,causal-robust,12,R,T3,2022-01-03 23:00:00,,,False,False
II,accel_GNSS1,causal-robust,12,R,T5,,,,False,False
II,accel_GNSS1,causal-robust,12,R,CP,2022-01-02 14:30:00,2022-01-02 12:15:00,2022-01-02 17:00:00,False,False
II,accel_GNSS1,causal-robust,12,R,peak,2022-01-04 02:30:00,,,False,False
II,accel_GNSS1,causal-robust,12,R',T2,2022-01-03 06:00:00,,,False,False
II,accel_GNSS1,causal-robust,12,R',T3,2022-01-03 21:30:00,,,False,False
II,accel_GNSS1,causal-robust,12,R',T5,2022-01-03 23:00:00,,,False,False
II,accel_GNSS1,causal-robust,12,R',CP,2022-01-02 14:45:00,2022-01-02 12:30:00,2022-01-02 17:45:00,False,False
II,accel_GNSS1,causal-robust,12,R',peak,2022-01-04 02:30:00,,,False,False
I,tpos,centred,1,R,T2,2021-12-21 07:30:00,,,False,False
I,tpos,centred,1,R,T3,2021-12-21 08:45:00,,,False,False
I,tpos,centred,1,R,T5,,,,False,False
I,tpos,centred,1,R,CP,2021-12-21 03:30:00,2021-12-21 02:15:00,2021-12-21 04:45:00,False,False
I,tpos,centred,1,R,peak,2021-12-21 09:45:00,,,False,False
I,tpos,centred,3,R,T2,2021-12-21 05:45:00,,,False,False
I,tpos,centred,3,R,T3,2021-12-21 07:30:00,,,False,False
I,tpos,centred,3,R,T5,,,,False,False
I,tpos,centred,3,R,CP,2021-12-21 02:00:00,2021-12-21 00:45:00,2021-12-21 03:00:00,False,False
I,tpos,centred,3,R,peak,2021-12-21 10:00:00,,,False,False
I,tpos,centred,6,R,T2,2021-12-21 03:15:00,,,False,False
I,tpos,centred,6,R,T3,2021-12-21 04:45:00,,,False,False
I,tpos,centred,6,R,T5,2021-12-21 08:30:00,,,False,False
I,tpos,centred,6,R,CP,2021-12-20 23:45:00,2021-12-20 23:00:00,2021-12-21 00:30:00,True,False
I,tpos,centred,6,R,peak,2021-12-21 10:00:00,,,False,False
I,tpos,centred,12,R,T2,2021-12-21 00:00:00,,,False,False
I,tpos,centred,12,R,T3,2021-12-21 00:45:00,,,False,False
I,tpos,centred,12,R,T5,2021-12-21 04:45:00,,,False,False
I,tpos,centred,12,R,CP,2021-12-20 17:00:00,2021-12-20 16:30:00,2021-12-20 17:30:00,True,False
I,tpos,centred,12,R,peak,2021-12-21 10:00:00,,,False,False
I,tpos,causal,1,R,T2,2021-12-21 08:45:00,,,False,False
I,tpos,causal,1,R,T3,2021-12-21 09:30:00,,,False,False
I,tpos,causal,1,R,T5,,,,False,False
I,tpos,causal,1,R,CP,2021-12-21 04:45:00,2021-12-21 03:00:00,2021-12-21 06:15:00,False,False
I,tpos,causal,1,R,peak,2021-12-21 10:30:00,,,False,False
I,tpos,causal,3,R,T2,2021-12-21 09:00:00,,,False,False
I,tpos,causal,3,R,T3,2021-12-21 09:45:00,,,False,False
I,tpos,causal,3,R,T5,,,,False,False
I,tpos,causal,3,R,CP,2021-12-21 04:30:00,2021-12-21 03:00:00,2021-12-21 06:00:00,False,False
I,tpos,causal,3,R,peak,2021-12-21 10:45:00,,,False,False
I,tpos,causal,6,R,T2,2021-12-21 09:00:00,,,False,False
I,tpos,causal,6,R,T3,2021-12-21 10:15:00,,,False,False
I,tpos,causal,6,R,T5,,,,False,False
I,tpos,causal,6,R,CP,2021-12-21 05:00:00,2021-12-21 03:30:00,2021-12-21 06:30:00,False,False
I,tpos,causal,6,R,peak,2021-12-21 10:45:00,,,False,False
I,tpos,causal,12,R,T2,2021-12-21 10:00:00,,,False,False
I,tpos,causal,12,R,T3,2021-12-21 12:00:00,,,False,False
I,tpos,causal,12,R,T5,,,,False,False
I,tpos,causal,12,R,CP,2021-12-21 06:15:00,2021-12-21 05:15:00,2021-12-21 07:15:00,False,False
I,tpos,causal,12,R,peak,2021-12-21 13:15:00,,,False,False
I,tpos,causal-robust,1,R,T2,2021-12-21 08:45:00,,,False,False
I,tpos,causal-robust,1,R,T3,2021-12-21 09:30:00,,,False,False
I,tpos,causal-robust,1,R,T5,,,,False,False
I,tpos,causal-robust,1,R,CP,2021-12-21 04:45:00,2021-12-21 03:00:00,2021-12-21 06:15:00,False,False
I,tpos,causal-robust,1,R,peak,2021-12-21 10:30:00,,,False,False
I,tpos,causal-robust,3,R,T2,2021-12-21 09:00:00,,,False,False
I,tpos,causal-robust,3,R,T3,2021-12-21 09:45:00,,,False,False
I,tpos,causal-robust,3,R,T5,,,,False,False
I,tpos,causal-robust,3,R,CP,2021-12-21 04:30:00,2021-12-21 03:00:00,2021-12-21 06:00:00,False,False
I,tpos,causal-robust,3,R,peak,2021-12-21 10:45:00,,,False,False
I,tpos,causal-robust,6,R,T2,2021-12-21 09:00:00,,,False,False
I,tpos,causal-robust,6,R,T3,2021-12-21 10:15:00,,,False,False
I,tpos,causal-robust,6,R,T5,,,,False,False
I,tpos,causal-robust,6,R,CP,2021-12-21 05:00:00,2021-12-21 03:30:00,2021-12-21 06:30:00,False,False
I,tpos,causal-robust,6,R,peak,2021-12-21 10:45:00,,,False,False
I,tpos,causal-robust,12,R,T2,2021-12-21 10:00:00,,,False,False
I,tpos,causal-robust,12,R,T3,2021-12-21 12:00:00,,,False,False
I,tpos,causal-robust,12,R,T5,,,,False,False
I,tpos,causal-robust,12,R,CP,2021-12-21 06:15:00,2021-12-21 05:15:00,2021-12-21 07:15:00,False,False
I,tpos,causal-robust,12,R,peak,2021-12-21 13:15:00,,,False,False
I,rain,centred,1,R,T2,,,,False,False
I,rain,centred,1,R,T3,,,,False,False
I,rain,centred,1,R,T5,,,,False,False
I,rain,centred,1,R,CP,,,,False,False
I,rain,centred,1,R,peak,2021-12-21 00:00:00,,,False,False
I,rain,centred,3,R,T2,,,,False,False
I,rain,centred,3,R,T3,,,,False,False
I,rain,centred,3,R,T5,,,,False,False
I,rain,centred,3,R,CP,,,,False,False
I,rain,centred,3,R,peak,2021-12-21 00:00:00,,,False,False
I,rain,centred,6,R,T2,,,,False,False
I,rain,centred,6,R,T3,,,,False,False
I,rain,centred,6,R,T5,,,,False,False
I,rain,centred,6,R,CP,,,,False,False
I,rain,centred,6,R,peak,2021-12-21 00:00:00,,,False,False
I,rain,centred,12,R,T2,,,,False,False
I,rain,centred,12,R,T3,,,,False,False
I,rain,centred,12,R,T5,,,,False,False
I,rain,centred,12,R,CP,,,,False,False
I,rain,centred,12,R,peak,2021-12-21 00:00:00,,,False,False
I,rain,causal,1,R,T2,,,,False,False
I,rain,causal,1,R,T3,,,,False,False
I,rain,causal,1,R,T5,,,,False,False
I,rain,causal,1,R,CP,,,,False,False
I,rain,causal,1,R,peak,2021-12-21 00:00:00,,,False,False
I,rain,causal,3,R,T2,,,,False,False
I,rain,causal,3,R,T3,,,,False,False
I,rain,causal,3,R,T5,,,,False,False
I,rain,causal,3,R,CP,,,,False,False
I,rain,causal,3,R,peak,2021-12-21 00:00:00,,,False,False
I,rain,causal,6,R,T2,,,,False,False
I,rain,causal,6,R,T3,,,,False,False
I,rain,causal,6,R,T5,,,,False,False
I,rain,causal,6,R,CP,,,,False,False
I,rain,causal,6,R,peak,2021-12-21 00:00:00,,,False,False
I,rain,causal,12,R,T2,,,,False,False
I,rain,causal,12,R,T3,,,,False,False
I,rain,causal,12,R,T5,,,,False,False
I,rain,causal,12,R,CP,,,,False,False
I,rain,causal,12,R,peak,2021-12-21 00:00:00,,,False,False
I,rain,causal-robust,1,R,T2,,,,False,False
I,rain,causal-robust,1,R,T3,,,,False,False
I,rain,causal-robust,1,R,T5,,,,False,False
I,rain,causal-robust,1,R,CP,,,,False,False
I,rain,causal-robust,1,R,peak,2021-12-21 00:00:00,,,False,False
I,rain,causal-robust,3,R,T2,,,,False,False
I,rain,causal-robust,3,R,T3,,,,False,False
I,rain,causal-robust,3,R,T5,,,,False,False
I,rain,causal-robust,3,R,CP,,,,False,False
I,rain,causal-robust,3,R,peak,2021-12-21 00:00:00,,,False,False
I,rain,causal-robust,6,R,T2,,,,False,False
I,rain,causal-robust,6,R,T3,,,,False,False
I,rain,causal-robust,6,R,T5,,,,False,False
I,rain,causal-robust,6,R,CP,,,,False,False
I,rain,causal-robust,6,R,peak,2021-12-21 00:00:00,,,False,False
I,rain,causal-robust,12,R,T2,,,,False,False
I,rain,causal-robust,12,R,T3,,,,False,False
I,rain,causal-robust,12,R,T5,,,,False,False
I,rain,causal-robust,12,R,CP,,,,False,False
I,rain,causal-robust,12,R,peak,2021-12-21 00:00:00,,,False,False
I,uplift_GNSS1,centred,1,R,T2,2021-12-22 06:45:00,,,False,False
I,uplift_GNSS1,centred,1,R,T3,2021-12-22 07:45:00,,,False,False
I,uplift_GNSS1,centred,1,R,T5,2021-12-23 03:45:00,,,False,False
I,uplift_GNSS1,centred,1,R,CP,2021-12-21 09:00:00,2021-12-21 06:15:00,2021-12-21 11:30:00,False,False
I,uplift_GNSS1,centred,1,R,peak,2021-12-25 16:30:00,,,False,False
I,uplift_GNSS1,centred,3,R,T2,2021-12-22 05:45:00,,,False,False
I,uplift_GNSS1,centred,3,R,T3,2021-12-22 07:30:00,,,False,False
I,uplift_GNSS1,centred,3,R,T5,2021-12-22 12:45:00,,,False,False
I,uplift_GNSS1,centred,3,R,CP,2021-12-21 07:30:00,2021-12-21 05:30:00,2021-12-21 09:30:00,False,False
I,uplift_GNSS1,centred,3,R,peak,2021-12-25 15:00:00,,,False,False
I,uplift_GNSS1,centred,6,R,T2,2021-12-21 23:15:00,,,False,False
I,uplift_GNSS1,centred,6,R,T3,2021-12-22 04:45:00,,,False,False
I,uplift_GNSS1,centred,6,R,T5,2021-12-22 10:00:00,,,False,False
I,uplift_GNSS1,centred,6,R,CP,2021-12-21 10:00:00,2021-12-21 08:45:00,2021-12-21 11:00:00,False,False
I,uplift_GNSS1,centred,6,R,peak,2021-12-25 12:30:00,,,False,True
I,uplift_GNSS1,centred,12,R,T2,2021-12-21 14:00:00,,,False,False
I,uplift_GNSS1,centred,12,R,T3,2021-12-21 17:45:00,,,False,False
I,uplift_GNSS1,centred,12,R,T5,2021-12-22 00:00:00,,,False,False
I,uplift_GNSS1,centred,12,R,CP,2021-12-21 09:45:00,2021-12-21 09:30:00,2021-12-21 10:15:00,False,False
I,uplift_GNSS1,centred,12,R,peak,2021-12-25 12:30:00,,,False,True
I,uplift_GNSS1,causal,1,R,T2,2021-12-22 07:45:00,,,False,False
I,uplift_GNSS1,causal,1,R,T3,2021-12-22 10:30:00,,,False,False
I,uplift_GNSS1,causal,1,R,T5,2021-12-23 17:00:00,,,False,False
I,uplift_GNSS1,causal,1,R,CP,2021-12-21 10:00:00,2021-12-21 06:15:00,2021-12-21 13:45:00,False,False
I,uplift_GNSS1,causal,1,R,peak,2021-12-25 16:45:00,,,False,False
I,uplift_GNSS1,causal,3,R,T2,2021-12-22 07:45:00,,,False,False
I,uplift_GNSS1,causal,3,R,T3,2021-12-22 08:45:00,,,False,False
I,uplift_GNSS1,causal,3,R,T5,2021-12-23 11:30:00,,,False,False
I,uplift_GNSS1,causal,3,R,CP,2021-12-21 08:15:00,2021-12-21 02:45:00,2021-12-21 11:00:00,False,False
I,uplift_GNSS1,causal,3,R,peak,2021-12-25 16:45:00,,,False,False
I,uplift_GNSS1,causal,6,R,T2,2021-12-22 08:30:00,,,False,False
I,uplift_GNSS1,causal,6,R,T3,2021-12-22 10:00:00,,,False,False
I,uplift_GNSS1,causal,6,R,T5,2021-12-23 06:15:00,,,False,False
I,uplift_GNSS1,causal,6,R,CP,2021-12-21 04:00:00,2021-12-21 01:45:00,2021-12-21 07:15:00,False,False
I,uplift_GNSS1,causal,6,R,peak,2021-12-25 16:45:00,,,False,False
I,uplift_GNSS1,causal,12,R,T2,2021-12-22 09:45:00,,,False,False
I,uplift_GNSS1,causal,12,R,T3,2021-12-22 11:45:00,,,False,False
I,uplift_GNSS1,causal,12,R,T5,2021-12-22 19:45:00,,,False,False
I,uplift_GNSS1,causal,12,R,CP,2021-12-21 07:00:00,2021-12-21 05:15:00,2021-12-21 09:00:00,False,False
I,uplift_GNSS1,causal,12,R,peak,2021-12-25 16:45:00,,,False,False
I,uplift_GNSS1,causal-robust,1,R,T2,2021-12-22 07:45:00,,,False,False
I,uplift_GNSS1,causal-robust,1,R,T3,2021-12-22 10:30:00,,,False,False
I,uplift_GNSS1,causal-robust,1,R,T5,2021-12-23 16:45:00,,,False,False
I,uplift_GNSS1,causal-robust,1,R,CP,2021-12-21 10:30:00,2021-12-21 06:45:00,2021-12-21 14:30:00,False,False
I,uplift_GNSS1,causal-robust,1,R,peak,2021-12-25 16:45:00,,,False,False
I,uplift_GNSS1,causal-robust,3,R,T2,2021-12-22 07:45:00,,,False,False
I,uplift_GNSS1,causal-robust,3,R,T3,2021-12-22 08:15:00,,,False,False
I,uplift_GNSS1,causal-robust,3,R,T5,2021-12-23 05:15:00,,,False,False
I,uplift_GNSS1,causal-robust,3,R,CP,2021-12-21 09:15:00,2021-12-21 06:00:00,2021-12-21 12:15:00,False,False
I,uplift_GNSS1,causal-robust,3,R,peak,2021-12-25 16:45:00,,,False,False
I,uplift_GNSS1,causal-robust,6,R,T2,2021-12-22 08:00:00,,,False,False
I,uplift_GNSS1,causal-robust,6,R,T3,2021-12-22 09:00:00,,,False,False
I,uplift_GNSS1,causal-robust,6,R,T5,2021-12-22 14:45:00,,,False,False
I,uplift_GNSS1,causal-robust,6,R,CP,2021-12-21 05:00:00,2021-12-21 02:30:00,2021-12-21 08:45:00,False,False
I,uplift_GNSS1,causal-robust,6,R,peak,2021-12-25 16:45:00,,,False,False
I,uplift_GNSS1,causal-robust,12,R,T2,2021-12-22 07:45:00,,,False,False
I,uplift_GNSS1,causal-robust,12,R,T3,2021-12-22 09:00:00,,,False,False
I,uplift_GNSS1,causal-robust,12,R,T5,2021-12-22 15:00:00,,,False,False
I,uplift_GNSS1,causal-robust,12,R,CP,2021-12-21 05:30:00,2021-12-21 04:00:00,2021-12-21 07:15:00,False,False
I,uplift_GNSS1,causal-robust,12,R,peak,2021-12-25 16:45:00,,,False,False
I,speed_GNSS1,centred,1,R,T2,2021-12-23 20:15:00,,,False,False
I,speed_GNSS1,centred,1,R,T3,,,,False,False
I,speed_GNSS1,centred,1,R,T5,,,,False,False
I,speed_GNSS1,centred,1,R,CP,2021-12-21 20:15:00,2021-12-21 20:15:00,2021-12-21 20:15:00,False,False
I,speed_GNSS1,centred,1,R,peak,2021-12-21 21:15:00,,,False,False
I,speed_GNSS1,centred,3,R,T2,2021-12-21 17:45:00,,,False,False
I,speed_GNSS1,centred,3,R,T3,2021-12-21 19:00:00,,,False,False
I,speed_GNSS1,centred,3,R,T5,,,,False,False
I,speed_GNSS1,centred,3,R,CP,2021-12-22 12:30:00,2021-12-22 11:15:00,2021-12-22 13:30:00,False,False
I,speed_GNSS1,centred,3,R,peak,2021-12-22 20:30:00,,,False,False
I,speed_GNSS1,centred,6,R,T2,2021-12-21 09:00:00,,,False,False
I,speed_GNSS1,centred,6,R,T3,2021-12-21 15:45:00,,,False,False
I,speed_GNSS1,centred,6,R,T5,2021-12-22 17:15:00,,,False,False
I,speed_GNSS1,centred,6,R,CP,2021-12-20 01:00:00,2021-12-20 01:00:00,2021-12-20 02:30:00,True,False
I,speed_GNSS1,centred,6,R,peak,2021-12-22 21:15:00,,,False,False
I,speed_GNSS1,centred,12,R,T2,2021-12-21 04:15:00,,,False,False
I,speed_GNSS1,centred,12,R,T3,2021-12-21 16:00:00,,,False,False
I,speed_GNSS1,centred,12,R,T5,2021-12-22 17:45:00,,,False,False
I,speed_GNSS1,centred,12,R,CP,2021-12-20 01:00:00,2021-12-20 01:00:00,2021-12-20 01:15:00,True,False
I,speed_GNSS1,centred,12,R,peak,2021-12-23 00:30:00,,,False,False
I,speed_GNSS1,causal,1,R,T2,,,,False,False
I,speed_GNSS1,causal,1,R,T3,,,,False,False
I,speed_GNSS1,causal,1,R,T5,,,,False,False
I,speed_GNSS1,causal,1,R,CP,2021-12-21 23:00:00,2021-12-21 23:00:00,2021-12-21 23:00:00,False,False
I,speed_GNSS1,causal,1,R,peak,2021-12-22 00:00:00,,,False,False
I,speed_GNSS1,causal,3,R,T2,,,,False,False
I,speed_GNSS1,causal,3,R,T3,,,,False,False
I,speed_GNSS1,causal,3,R,T5,,,,False,False
I,speed_GNSS1,causal,3,R,CP,2021-12-23 15:15:00,2021-12-23 10:45:00,2021-12-23 20:00:00,False,False
I,speed_GNSS1,causal,3,R,peak,2021-12-25 14:15:00,,,False,False
I,speed_GNSS1,causal,6,R,T2,,,,False,False
I,speed_GNSS1,causal,6,R,T3,,,,False,False
I,speed_GNSS1,causal,6,R,T5,,,,False,False
I,speed_GNSS1,causal,6,R,CP,2021-12-23 19:30:00,2021-12-23 15:30:00,2021-12-23 22:30:00,False,False
I,speed_GNSS1,causal,6,R,peak,2021-12-25 14:15:00,,,False,False
I,speed_GNSS1,causal,12,R,T2,,,,False,False
I,speed_GNSS1,causal,12,R,T3,,,,False,False
I,speed_GNSS1,causal,12,R,T5,,,,False,False
I,speed_GNSS1,causal,12,R,CP,2021-12-23 22:30:00,2021-12-23 18:45:00,2021-12-23 22:30:00,False,True
I,speed_GNSS1,causal,12,R,peak,2021-12-25 14:15:00,,,False,False
I,speed_GNSS1,causal-robust,1,R,T2,,,,False,False
I,speed_GNSS1,causal-robust,1,R,T3,,,,False,False
I,speed_GNSS1,causal-robust,1,R,T5,,,,False,False
I,speed_GNSS1,causal-robust,1,R,CP,2021-12-21 23:45:00,2021-12-21 21:00:00,2021-12-21 23:45:00,False,False
I,speed_GNSS1,causal-robust,1,R,peak,2021-12-22 00:45:00,,,False,False
I,speed_GNSS1,causal-robust,3,R,T2,2021-12-22 21:30:00,,,False,False
I,speed_GNSS1,causal-robust,3,R,T3,2021-12-25 14:30:00,,,False,False
I,speed_GNSS1,causal-robust,3,R,T5,,,,False,False
I,speed_GNSS1,causal-robust,3,R,CP,2021-12-25 13:45:00,2021-12-25 13:45:00,2021-12-25 13:45:00,False,False
I,speed_GNSS1,causal-robust,3,R,peak,2021-12-25 14:45:00,,,False,False
I,speed_GNSS1,causal-robust,6,R,T2,2021-12-22 00:45:00,,,False,False
I,speed_GNSS1,causal-robust,6,R,T3,2021-12-22 22:00:00,,,False,False
I,speed_GNSS1,causal-robust,6,R,T5,2021-12-25 14:15:00,,,False,False
I,speed_GNSS1,causal-robust,6,R,CP,2021-12-20 01:00:00,2021-12-20 01:00:00,2021-12-20 10:00:00,True,False
I,speed_GNSS1,causal-robust,6,R,peak,2021-12-25 14:45:00,,,False,False
I,speed_GNSS1,causal-robust,12,R,T2,2021-12-22 00:00:00,,,False,False
I,speed_GNSS1,causal-robust,12,R,T3,2021-12-22 23:15:00,,,False,False
I,speed_GNSS1,causal-robust,12,R,T5,2021-12-25 14:15:00,,,False,False
I,speed_GNSS1,causal-robust,12,R,CP,2021-12-20 01:00:00,2021-12-20 01:00:00,2021-12-20 07:15:00,True,False
I,speed_GNSS1,causal-robust,12,R,peak,2021-12-25 14:45:00,,,False,False
I,speed_GNSS2,centred,1,R,T2,,,,False,False
I,speed_GNSS2,centred,1,R,T3,,,,False,False
I,speed_GNSS2,centred,1,R,T5,,,,False,False
I,speed_GNSS2,centred,1,R,CP,2021-12-25 04:45:00,2021-12-25 03:45:00,2021-12-25 05:30:00,False,False
I,speed_GNSS2,centred,1,R,peak,2021-12-25 10:00:00,,,False,False
I,speed_GNSS2,centred,3,R,T2,,,,False,False
I,speed_GNSS2,centred,3,R,T3,,,,False,False
I,speed_GNSS2,centred,3,R,T5,,,,False,False
I,speed_GNSS2,centred,3,R,CP,2021-12-23 16:15:00,2021-12-23 16:15:00,2021-12-23 17:30:00,False,False
I,speed_GNSS2,centred,3,R,peak,2021-12-25 08:15:00,,,False,False
I,speed_GNSS2,centred,6,R,T2,,,,False,False
I,speed_GNSS2,centred,6,R,T3,,,,False,False
I,speed_GNSS2,centred,6,R,T5,,,,False,False
I,speed_GNSS2,centred,6,R,CP,2021-12-23 16:15:00,2021-12-23 16:15:00,2021-12-23 16:30:00,False,False
I,speed_GNSS2,centred,6,R,peak,2021-12-25 05:15:00,,,False,False
I,speed_GNSS2,centred,12,R,T2,,,,False,False
I,speed_GNSS2,centred,12,R,T3,,,,False,False
I,speed_GNSS2,centred,12,R,T5,,,,False,False
I,speed_GNSS2,centred,12,R,CP,2021-12-23 16:00:00,2021-12-23 16:00:00,2021-12-23 16:15:00,False,False
I,speed_GNSS2,centred,12,R,peak,2021-12-24 22:45:00,,,False,False
I,speed_GNSS2,causal,1,R,T2,,,,False,False
I,speed_GNSS2,causal,1,R,T3,,,,False,False
I,speed_GNSS2,causal,1,R,T5,,,,False,False
I,speed_GNSS2,causal,1,R,CP,,,,False,False
I,speed_GNSS2,causal,1,R,peak,2021-12-24 00:45:00,,,False,False
I,speed_GNSS2,causal,3,R,T2,,,,False,False
I,speed_GNSS2,causal,3,R,T3,,,,False,False
I,speed_GNSS2,causal,3,R,T5,,,,False,False
I,speed_GNSS2,causal,3,R,CP,,,,False,False
I,speed_GNSS2,causal,3,R,peak,2021-12-24 00:45:00,,,False,False
I,speed_GNSS2,causal,6,R,T2,,,,False,False
I,speed_GNSS2,causal,6,R,T3,,,,False,False
I,speed_GNSS2,causal,6,R,T5,,,,False,False
I,speed_GNSS2,causal,6,R,CP,,,,False,False
I,speed_GNSS2,causal,6,R,peak,2021-12-24 00:45:00,,,False,False
I,speed_GNSS2,causal,12,R,T2,,,,False,False
I,speed_GNSS2,causal,12,R,T3,,,,False,False
I,speed_GNSS2,causal,12,R,T5,,,,False,False
I,speed_GNSS2,causal,12,R,CP,,,,False,False
I,speed_GNSS2,causal,12,R,peak,2021-12-24 00:45:00,,,False,False
I,speed_GNSS2,causal-robust,1,R,T2,,,,False,False
I,speed_GNSS2,causal-robust,1,R,T3,,,,False,False
I,speed_GNSS2,causal-robust,1,R,T5,,,,False,False
I,speed_GNSS2,causal-robust,1,R,CP,2021-12-24 20:15:00,2021-12-24 19:15:00,2021-12-24 20:15:00,False,False
I,speed_GNSS2,causal-robust,1,R,peak,2021-12-24 21:15:00,,,False,False
I,speed_GNSS2,causal-robust,3,R,T2,,,,False,False
I,speed_GNSS2,causal-robust,3,R,T3,,,,False,False
I,speed_GNSS2,causal-robust,3,R,T5,,,,False,False
I,speed_GNSS2,causal-robust,3,R,CP,2021-12-23 19:30:00,2021-12-23 17:00:00,2021-12-23 23:45:00,False,False
I,speed_GNSS2,causal-robust,3,R,peak,2021-12-25 12:00:00,,,False,False
I,speed_GNSS2,causal-robust,6,R,T2,,,,False,False
I,speed_GNSS2,causal-robust,6,R,T3,,,,False,False
I,speed_GNSS2,causal-robust,6,R,T5,,,,False,False
I,speed_GNSS2,causal-robust,6,R,CP,,,,False,False
I,speed_GNSS2,causal-robust,6,R,peak,2021-12-23 16:00:00,,,False,False
I,speed_GNSS2,causal-robust,12,R,T2,,,,False,False
I,speed_GNSS2,causal-robust,12,R,T3,,,,False,False
I,speed_GNSS2,causal-robust,12,R,T5,,,,False,False
I,speed_GNSS2,causal-robust,12,R,CP,,,,False,False
I,speed_GNSS2,causal-robust,12,R,peak,2021-12-23 16:00:00,,,False,False
II,rain,raw,0,-,first>0,2022-01-02 01:50:00,,,,
