series,h,peak_centred,peak_causal,peak_causal-robust,causal_minus_centred_h,causal-robust_minus_centred_h
tpos,1,2022-01-02 16:00:00,2022-01-02 16:00:00,2022-01-02 16:00:00,0.0,0.0
tpos,3,2022-01-02 10:45:00,2022-01-02 01:45:00,2022-01-02 01:45:00,-9.0,-9.0
tpos,6,2022-01-02 09:00:00,2022-01-02 13:15:00,2022-01-02 13:15:00,4.25,4.25
tpos,12,2022-01-02 09:45:00,2022-01-02 13:15:00,2022-01-02 13:15:00,3.5,3.5
rain,1,2022-01-02 09:45:00,2022-01-02 10:00:00,2022-01-02 10:00:00,0.25,0.25
rain,3,2022-01-02 11:00:00,2022-01-02 10:15:00,2022-01-02 10:15:00,-0.75,-0.75
rain,6,2022-01-02 11:30:00,2022-01-02 12:30:00,2022-01-02 12:30:00,1.0,1.0
rain,12,2022-01-02 11:00:00,2022-01-02 13:45:00,2022-01-02 13:45:00,2.75,2.75
level,1,2022-01-03 21:45:00,2022-01-03 23:00:00,2022-01-03 23:00:00,1.25,1.25
level,3,2022-01-03 21:15:00,2022-01-03 23:15:00,2022-01-03 23:15:00,2.0,2.0
level,6,2022-01-03 23:15:00,2022-01-03 23:15:00,2022-01-03 23:15:00,0.0,0.0
level,12,2022-01-04 04:30:00,2022-01-04 00:00:00,2022-01-04 00:00:00,-4.5,-4.5
uplift_GNSS1,1,2022-01-03 10:00:00,2022-01-03 10:15:00,2022-01-05 03:45:00,0.25,41.75
uplift_GNSS1,3,2022-01-04 08:00:00,2022-01-03 10:15:00,2022-01-03 13:00:00,-21.75,-19.0
uplift_GNSS1,6,2022-01-05 12:00:00,2022-01-03 12:30:00,2022-01-03 13:00:00,-47.5,-47.0
uplift_GNSS1,12,2022-01-05 08:15:00,2022-01-04 18:45:00,2022-01-04 11:15:00,-13.5,-21.0
speed_GNSS1,1,2022-01-03 10:00:00,2022-01-03 11:00:00,2022-01-03 11:00:00,1.0,1.0
speed_GNSS1,3,2022-01-03 20:15:00,2022-01-03 11:00:00,2022-01-04 00:15:00,-9.25,4.0
speed_GNSS1,6,2022-01-03 20:00:00,2022-01-03 11:00:00,2022-01-04 00:30:00,-9.0,4.5
speed_GNSS1,12,2022-01-03 21:30:00,2022-01-03 11:00:00,2022-01-04 03:30:00,-10.5,6.0
speed_GNSS2,1,2022-01-03 10:00:00,2022-01-02 18:45:00,2022-01-02 18:45:00,-15.25,-15.25
speed_GNSS2,3,2022-01-03 08:15:00,2022-01-02 18:45:00,2022-01-03 11:45:00,-13.5,3.5
speed_GNSS2,6,2022-01-03 21:30:00,2022-01-02 18:45:00,2022-01-03 12:30:00,-26.75,-9.0
speed_GNSS2,12,2022-01-03 18:00:00,2022-01-02 18:45:00,2022-01-04 13:45:00,-23.25,19.75
accel_GNSS1,1,2022-01-05 04:00:00,2022-01-03 11:00:00,2022-01-03 11:00:00,-41.0,-41.0
accel_GNSS1,3,2022-01-03 18:15:00,2022-01-03 11:00:00,2022-01-03 11:30:00,-7.25,-6.75
accel_GNSS1,6,2022-01-03 17:00:00,2022-01-03 11:00:00,2022-01-04 00:15:00,-6.0,7.25
accel_GNSS1,12,2022-01-03 07:00:00,2022-01-03 11:00:00,2022-01-04 02:30:00,4.0,19.5
