X,Y,proc,h,window,lag_star_h,r_star,r0
level,speed_GNSS1,centred,0.25,W1,-0.5,0.13215581734326298,0.1239880093708684
level,speed_GNSS1,centred,0.25,W1-7,-0.5,0.08251496083256309,0.07947808939652412
level,speed_GNSS1,centred,0.5,W1,-24.0,0.12617806287207453,0.10400283962476523
level,speed_GNSS1,centred,0.5,W1-7,-12.0,0.1318926247452175,0.09612597699554619
level,speed_GNSS1,centred,1.0,W1,-1.0,0.2447572914128053,0.22974716820414856
level,speed_GNSS1,centred,1.0,W1-7,-11.25,0.23274548435016315,0.2288337954620612
level,speed_GNSS1,centred,3.0,W1,-3.0,0.6504054845201349,0.6016438005211956
level,speed_GNSS1,centred,3.0,W1-7,-2.0,0.6607292575739685,0.6500977778655949
level,speed_GNSS1,causal,0.25,W1,-0.25,0.19427708585628883,0.18312715661326992
level,speed_GNSS1,causal,0.25,W1-7,-0.25,0.06808601296899855,0.06392294742242714
level,speed_GNSS1,causal,0.5,W1,-0.25,0.16116298191919395,0.15326277879456296
level,speed_GNSS1,causal,0.5,W1-7,-0.25,0.06275214520894862,0.06070581640875476
level,speed_GNSS1,causal,1.0,W1,-0.25,0.10728635132974808,0.10380724859633933
level,speed_GNSS1,causal,1.0,W1-7,-2.0,0.05842948955944201,0.05556699162292428
level,speed_GNSS1,causal,3.0,W1,-0.25,0.1419904313797733,0.14011574906612187
level,speed_GNSS1,causal,3.0,W1-7,0.0,0.1071805330183867,0.1071805330183867
level,speed_GNSS1,causal-robust,0.25,W1,-0.25,0.16452455199443616,0.15040980545364258
level,speed_GNSS1,causal-robust,0.25,W1-7,-0.25,0.06154470972561873,0.057229624697460485
level,speed_GNSS1,causal-robust,0.5,W1,0.5,0.12313513541817117,0.12202978026181517
level,speed_GNSS1,causal-robust,0.5,W1-7,0.0,0.08463794465529326,0.08463794465529326
level,speed_GNSS1,causal-robust,1.0,W1,0.75,0.16951096282099407,0.1538987211068817
level,speed_GNSS1,causal-robust,1.0,W1-7,0.75,0.15917590655566183,0.15251350076163903
level,speed_GNSS1,causal-robust,3.0,W1,1.5,0.4143671284410396,0.3856895747428353
level,speed_GNSS1,causal-robust,3.0,W1-7,1.5,0.4227291795914918,0.4081063751716579
level,speed_GNSS2,centred,0.25,W1,-21.5,0.070525922231481,0.03779406485260581
level,speed_GNSS2,centred,0.25,W1-7,-20.25,0.10165490189033498,0.03283288160511012
level,speed_GNSS2,centred,0.5,W1,-12.0,0.1233975643199338,0.10217391662171092
level,speed_GNSS2,centred,0.5,W1-7,-12.0,0.17046191112810302,0.09975822370472907
level,speed_GNSS2,centred,1.0,W1,-11.5,0.22778667024954874,0.20824768343334651
level,speed_GNSS2,centred,1.0,W1-7,-11.75,0.30858460080478656,0.22678850609433157
level,speed_GNSS2,centred,3.0,W1,-3.25,0.4956049202785175,0.47632261569670514
level,speed_GNSS2,centred,3.0,W1-7,-11.75,0.636067115628688,0.532704181085635
level,speed_GNSS2,causal,0.25,W1,-0.25,0.08718587239191096,0.07743260831717207
level,speed_GNSS2,causal,0.25,W1-7,-13.25,0.05395659721824433,0.03546009818553524
level,speed_GNSS2,causal,0.5,W1,-21.25,0.09408620970413596,0.04979691937560596
level,speed_GNSS2,causal,0.5,W1-7,-20.0,0.09016648991301138,0.025373739607837342
level,speed_GNSS2,causal,1.0,W1,-21.25,0.07779992077126262,0.03782431326188813
level,speed_GNSS2,causal,1.0,W1-7,-20.75,0.09483614201603668,0.02969194301474995
level,speed_GNSS2,causal,3.0,W1,-11.75,0.12406682034210573,0.1112761441183492
level,speed_GNSS2,causal,3.0,W1-7,-11.75,0.16168059352971237,0.10841306703774786
level,speed_GNSS2,causal-robust,0.25,W1,-0.25,0.09102406612896988,0.07814777343965199
level,speed_GNSS2,causal-robust,0.25,W1-7,-10.5,0.05320021702606546,0.03771755943432681
level,speed_GNSS2,causal-robust,0.5,W1,-10.75,0.07389408450840516,0.04724284735935112
level,speed_GNSS2,causal-robust,0.5,W1-7,-20.0,0.10684243889020424,0.041803563527999514
level,speed_GNSS2,causal-robust,1.0,W1,0.75,0.12772818995698024,0.12176042090096784
level,speed_GNSS2,causal-robust,1.0,W1-7,-11.25,0.19297418733481092,0.1371306655360854
level,speed_GNSS2,causal-robust,3.0,W1,-9.75,0.34749439312531255,0.3065979662042343
level,speed_GNSS2,causal-robust,3.0,W1-7,-10.0,0.46446572589828233,0.3556893016710553
level,accel_GNSS1,centred,0.25,W1,-1.75,0.03274922142795073,0.006331518455866943
level,accel_GNSS1,centred,0.25,W1-7,22.5,0.02063842917171246,0.002359967479896293
level,accel_GNSS1,centred,0.5,W1,-12.75,0.0460210819788887,0.0016687245234717697
level,accel_GNSS1,centred,0.5,W1-7,-12.5,0.019762085809033256,-0.0008851914680604524
level,accel_GNSS1,centred,1.0,W1,-13.25,0.06705105073508147,-0.015197279550582745
level,accel_GNSS1,centred,1.0,W1-7,-13.0,0.034858890994276956,-0.0006186788806251158
level,accel_GNSS1,centred,3.0,W1,-11.5,0.10961600143984673,-0.05564002354241214
level,accel_GNSS1,centred,3.0,W1-7,-13.75,0.11466259024508428,-0.005251670281690735
level,accel_GNSS1,causal,0.25,W1,-1.25,0.03689533218274205,0.006323596731231393
level,accel_GNSS1,causal,0.25,W1-7,22.25,0.023517453897578908,0.0028904782764596635
level,accel_GNSS1,causal,0.5,W1,-21.25,0.039958901509794115,0.009350594750996581
level,accel_GNSS1,causal,0.5,W1-7,22.25,0.02830302282094355,0.005166622559828704
level,accel_GNSS1,causal,1.0,W1,-2.25,0.03377171100765389,0.005193208101323519
level,accel_GNSS1,causal,1.0,W1-7,22.0,0.022452582809488142,-0.0003786950775921564
level,accel_GNSS1,causal,3.0,W1,-11.75,0.1114867214474247,0.04547332358287942
level,accel_GNSS1,causal,3.0,W1-7,-11.75,0.042786081468363824,0.01528531719847935
level,accel_GNSS1,causal-robust,0.25,W1,-0.75,0.0401699744787828,0.006510430146967202
level,accel_GNSS1,causal-robust,0.25,W1-7,22.75,0.02275387501627636,0.0030737222269267665
level,accel_GNSS1,causal-robust,0.5,W1,-21.0,0.040225722569704116,0.01517110567814149
level,accel_GNSS1,causal-robust,0.5,W1-7,-2.25,0.018932380492470636,0.006281430313894202
level,accel_GNSS1,causal-robust,1.0,W1,-12.0,0.06255758411936217,0.024602356870915047
level,accel_GNSS1,causal-robust,1.0,W1-7,-12.0,0.03151549747709593,0.009328066889637106
level,accel_GNSS1,causal-robust,3.0,W1,-10.5,0.12110696341336874,0.07102508728528076
level,accel_GNSS1,causal-robust,3.0,W1-7,-10.75,0.09467236493914125,0.049871681793036526
uplift_GNSS1,speed_GNSS1,centred,0.25,W1,-11.75,0.21447216993375545,-0.08682975238730266
uplift_GNSS1,speed_GNSS1,centred,0.25,W1-7,-11.75,0.2400459510145691,-0.1563785784804562
uplift_GNSS1,speed_GNSS1,centred,0.5,W1,0.75,0.2789242661592076,0.025327724287834846
uplift_GNSS1,speed_GNSS1,centred,0.5,W1-7,-11.75,0.24109037776390124,-0.07804454228271641
uplift_GNSS1,speed_GNSS1,centred,1.0,W1,-23.0,0.34711387247778575,0.10051898051411824
uplift_GNSS1,speed_GNSS1,centred,1.0,W1-7,-22.75,0.2712019374683059,0.008790624909088787
uplift_GNSS1,speed_GNSS1,centred,3.0,W1,-19.5,0.40792900205246724,-0.19975854356534328
uplift_GNSS1,speed_GNSS1,centred,3.0,W1-7,-15.0,0.46348326879582324,-0.054188435640721136
uplift_GNSS1,speed_GNSS1,causal,0.25,W1,-9.5,0.1916395064586821,-0.06940937678523468
uplift_GNSS1,speed_GNSS1,causal,0.25,W1-7,0.25,0.20394909662700478,-0.2416885592133361
uplift_GNSS1,speed_GNSS1,causal,0.5,W1,-9.75,0.1916328484391151,-0.10322891731043628
uplift_GNSS1,speed_GNSS1,causal,0.5,W1-7,18.0,0.20619883692757265,-0.1986210468837987
uplift_GNSS1,speed_GNSS1,causal,1.0,W1,-10.75,0.1810143741695654,-0.12603736420467082
uplift_GNSS1,speed_GNSS1,causal,1.0,W1-7,-11.5,0.2034512373764815,-0.18754576309534024
uplift_GNSS1,speed_GNSS1,causal,3.0,W1,-11.75,0.2062700384357192,-0.03153235364503235
uplift_GNSS1,speed_GNSS1,causal,3.0,W1-7,-11.75,0.20163802044470527,-0.09621845353441084
uplift_GNSS1,speed_GNSS1,causal-robust,0.25,W1,17.0,0.16606751369489794,-0.13147885354652236
uplift_GNSS1,speed_GNSS1,causal-robust,0.25,W1-7,0.25,0.19869092856720147,-0.2082617863529185
uplift_GNSS1,speed_GNSS1,causal-robust,0.5,W1,-11.5,0.20393867561053913,-0.27873434545231424
uplift_GNSS1,speed_GNSS1,causal-robust,0.5,W1-7,-11.5,0.1712243795497027,-0.2587833882053011
uplift_GNSS1,speed_GNSS1,causal-robust,1.0,W1,1.25,0.26939501653342957,-0.26406251089490235
uplift_GNSS1,speed_GNSS1,causal-robust,1.0,W1-7,1.5,0.1995205240494182,-0.2543150712294257
uplift_GNSS1,speed_GNSS1,causal-robust,3.0,W1,-22.0,0.3288212079092597,-0.17338809638423008
uplift_GNSS1,speed_GNSS1,causal-robust,3.0,W1-7,-21.75,0.3362336455809765,-0.15466724529321835
uplift_GNSS1,speed_GNSS2,centred,0.25,W1,-23.5,0.21667248515230472,-0.012446489646807555
uplift_GNSS1,speed_GNSS2,centred,0.25,W1-7,-11.75,0.16461454594174388,-0.08322571851413764
uplift_GNSS1,speed_GNSS2,centred,0.5,W1,24.0,0.3028535104076739,0.09699732439708167
uplift_GNSS1,speed_GNSS2,centred,0.5,W1-7,-23.5,0.19330164555066134,0.028320704308849483
uplift_GNSS1,speed_GNSS2,centred,1.0,W1,-23.25,0.3473602951454319,0.22244590025069233
uplift_GNSS1,speed_GNSS2,centred,1.0,W1-7,-23.5,0.2896542807483373,0.15962074666433343
uplift_GNSS1,speed_GNSS2,centred,3.0,W1,-24.0,0.44744400397526807,0.11891186568468888
uplift_GNSS1,speed_GNSS2,centred,3.0,W1-7,-24.0,0.5023068066850119,0.1823804774698732
uplift_GNSS1,speed_GNSS2,causal,0.25,W1,-9.5,0.16207097343544857,-0.0604585073834582
uplift_GNSS1,speed_GNSS2,causal,0.25,W1-7,0.25,0.2258450335254817,-0.21934966887097737
uplift_GNSS1,speed_GNSS2,causal,0.5,W1,-10.5,0.1636301420434964,-0.047416109169793885
uplift_GNSS1,speed_GNSS2,causal,0.5,W1-7,18.0,0.16808662737883626,-0.17279842874487322
uplift_GNSS1,speed_GNSS2,causal,1.0,W1,-10.75,0.17572386468907747,-0.056681349779216135
uplift_GNSS1,speed_GNSS2,causal,1.0,W1-7,-11.5,0.1638602774617726,-0.1407175977010301
uplift_GNSS1,speed_GNSS2,causal,3.0,W1,24.0,0.2413978419754503,0.09852357481798185
uplift_GNSS1,speed_GNSS2,causal,3.0,W1-7,-23.5,0.15964600294236517,0.025682633249123128
uplift_GNSS1,speed_GNSS2,causal-robust,0.25,W1,-10.5,0.1593412622098328,-0.07730667446915457
uplift_GNSS1,speed_GNSS2,causal-robust,0.25,W1-7,0.25,0.21475050416421085,-0.1819872488305307
uplift_GNSS1,speed_GNSS2,causal-robust,0.5,W1,21.5,0.1588622016121131,-0.19891412067061848
uplift_GNSS1,speed_GNSS2,causal-robust,0.5,W1-7,0.5,0.13981649051431294,-0.18800129002847826
uplift_GNSS1,speed_GNSS2,causal-robust,1.0,W1,1.25,0.2782916104829456,-0.07271963266647709
uplift_GNSS1,speed_GNSS2,causal-robust,1.0,W1-7,-23.0,0.21296314776297176,-0.07608437255040983
uplift_GNSS1,speed_GNSS2,causal-robust,3.0,W1,-22.5,0.4378369577969334,0.18858440757325687
uplift_GNSS1,speed_GNSS2,causal-robust,3.0,W1-7,-22.75,0.41155316148942506,0.18230991720761797
uplift_GNSS1,accel_GNSS1,centred,0.25,W1,0.5,0.20820869985115592,-0.04584837260706863
uplift_GNSS1,accel_GNSS1,centred,0.25,W1-7,0.75,0.2309576978473807,-0.10803858875619575
uplift_GNSS1,accel_GNSS1,centred,0.5,W1,0.5,0.29243434312809435,0.15955344153883214
uplift_GNSS1,accel_GNSS1,centred,0.5,W1-7,0.5,0.2682675083698901,0.1150666872160147
uplift_GNSS1,accel_GNSS1,centred,1.0,W1,-24.0,0.23517488904062012,0.2042440104556146
uplift_GNSS1,accel_GNSS1,centred,1.0,W1-7,0.5,0.19237752905752306,0.17482824941821287
uplift_GNSS1,accel_GNSS1,centred,3.0,W1,-24.0,0.21204681163420885,0.07534210567376617
uplift_GNSS1,accel_GNSS1,centred,3.0,W1-7,2.25,0.17731523980916059,0.12206549160396936
uplift_GNSS1,accel_GNSS1,causal,0.25,W1,-10.0,0.1423653744017286,-0.022579985381276632
uplift_GNSS1,accel_GNSS1,causal,0.25,W1-7,0.25,0.1521524247112816,-0.15477900917824855
uplift_GNSS1,accel_GNSS1,causal,0.5,W1,-14.25,0.15817810955964315,-0.061228137654959304
uplift_GNSS1,accel_GNSS1,causal,0.5,W1-7,0.75,0.16979386055361934,-0.1570203195118763
uplift_GNSS1,accel_GNSS1,causal,1.0,W1,-11.75,0.1639957271814055,-0.08788260339932752
uplift_GNSS1,accel_GNSS1,causal,1.0,W1-7,0.75,0.19808256168648006,-0.10634601442463498
uplift_GNSS1,accel_GNSS1,causal,3.0,W1,-23.25,0.21608407732780946,0.09451864687205938
uplift_GNSS1,accel_GNSS1,causal,3.0,W1-7,-22.25,0.15961089412429919,0.01735350874547932
uplift_GNSS1,accel_GNSS1,causal-robust,0.25,W1,-19.25,0.12463251004394515,-0.0654926318679024
uplift_GNSS1,accel_GNSS1,causal-robust,0.25,W1-7,0.75,0.17071343463967714,-0.12648465702146433
uplift_GNSS1,accel_GNSS1,causal-robust,0.5,W1,1.0,0.1931012511244541,-0.1921874423501135
uplift_GNSS1,accel_GNSS1,causal-robust,0.5,W1-7,1.0,0.16879686827075585,-0.17417965415002754
uplift_GNSS1,accel_GNSS1,causal-robust,1.0,W1,1.0,0.3452964958841036,-0.12427920322146364
uplift_GNSS1,accel_GNSS1,causal-robust,1.0,W1-7,1.0,0.2821643000268831,-0.11779478074345069
uplift_GNSS1,accel_GNSS1,causal-robust,3.0,W1,1.75,0.3073408991927392,0.07203389705334477
uplift_GNSS1,accel_GNSS1,causal-robust,3.0,W1-7,-22.0,0.25907260271216154,0.0552798571853176
