pair,component,n,r_bandpassed_6_18h
GNSS1-GNSS2,E,2016,0.9746466496551653
GNSS1-GNSS2,N,2016,0.7165167467874286
GNSS1-GNSS2,U,2016,0.8448745427326626
GNSS1-LG1,E,2016,0.17343465290006874
GNSS1-LG1,N,2016,0.2302767248753699
GNSS1-LG1,U,2016,0.000696006100916243
GNSS1-LGLK,E,757,0.6600601697122648
GNSS1-LGLK,N,757,0.5020786249813979
GNSS1-LGLK,U,757,0.1895762402940943
GNSS2-LG1,E,2016,0.16806718680810198
GNSS2-LG1,N,2016,0.7647682336368743
GNSS2-LG1,U,2016,0.33175058114623646
GNSS2-LGLK,E,757,0.6365446633160106
GNSS2-LGLK,N,757,0.8794844620880148
GNSS2-LGLK,U,757,0.44079628229713014
LG1-LGLK,E,757,0.782692860903861
LG1-LGLK,N,757,0.8602558065697644
LG1-LGLK,U,757,0.8061336180325951
