logged,set_to,step_s
2021-12-31 00:02:02.003,2021-12-31 00:02:02,-0.0030000000000000027
2021-12-31 17:46:33.003,2021-12-31 17:46:33,-0.0030000000000000027
2021-12-31 17:52:34.003,2021-12-31 17:52:34,-0.0030000000000000027
2022-01-01 00:02:02.003,2022-01-01 00:02:02,-0.0030000000000000027
2022-01-01 06:21:00.003,2022-01-01 06:21:00,-0.0030000000000000027
2022-01-01 06:36:05.004,2022-01-01 06:36:05,-0.0040000000000000036
2022-01-01 15:55:15.003,2022-01-01 15:55:15,-0.0030000000000000027
2022-01-01 15:57:03.003,2022-01-01 15:57:03,-0.0030000000000000027
2022-01-01 16:04:20.004,2022-01-01 16:04:20,-0.0040000000000000036
2022-01-02 00:02:02.006,2022-01-02 00:02:02,-0.006000000000000005
2022-01-03 00:02:00.006,2022-01-03 00:02:00,-0.006000000000000005
2022-01-03 06:32:38.006,2022-01-03 06:32:38,-0.006000000000000005
2022-01-03 06:44:55.006,2022-01-03 06:44:55,-0.006000000000000005
2022-01-04 00:02:01.006,2022-01-04 00:02:01,-0.006000000000000005
2022-01-04 06:53:52.006,2022-01-04 06:53:52,-0.006000000000000005
2022-01-04 07:04:47.007,2022-01-04 07:04:47,-0.007000000000000006
2022-01-04 12:58:14.006,2022-01-04 12:58:14,-0.006000000000000005
2022-01-04 13:02:29.007,2022-01-04 13:02:29,-0.007000000000000006
2022-01-05 00:02:01.007,2022-01-05 00:02:01,-0.007000000000000006
2022-01-05 13:53:50.006,2022-01-05 13:53:50,-0.006000000000000005
2022-01-05 14:01:57.007,2022-01-05 14:01:57,-0.007000000000000006
2022-01-06 00:02:01.007,2022-01-06 00:02:01,-0.007000000000000006
