series,proc,h,ref,rule,onset,lo,hi
tpos,centred,0.25,R,T2,2022-01-02 00:00:00,,
tpos,centred,0.25,R,T3,2022-01-02 00:00:00,,
tpos,centred,0.25,R,T5,,,
tpos,centred,0.25,R,CP,2022-01-01 17:30:00,2022-01-01 15:45:00,2022-01-01 20:00:00
tpos,centred,0.25,R,peak,2022-01-02 08:45:00,,
tpos,centred,0.25,R',T2,2022-01-02 00:00:00,,
tpos,centred,0.25,R',T3,2022-01-02 00:30:00,,
tpos,centred,0.25,R',T5,,,
tpos,centred,0.25,R',CP,2022-01-01 19:15:00,2022-01-01 16:15:00,2022-01-01 20:45:00
tpos,centred,0.25,R',peak,2022-01-02 08:45:00,,
tpos,centred,0.5,R,T2,2022-01-02 00:00:00,,
tpos,centred,0.5,R,T3,2022-01-02 00:00:00,,
tpos,centred,0.5,R,T5,2022-01-02 15:15:00,,
tpos,centred,0.5,R,CP,2022-01-01 15:30:00,2022-01-01 11:00:00,2022-01-01 17:15:00
tpos,centred,0.5,R,peak,2022-01-02 15:45:00,,
tpos,centred,0.5,R',T2,2022-01-02 00:00:00,,
tpos,centred,0.5,R',T3,2022-01-02 00:00:00,,
tpos,centred,0.5,R',T5,,,
tpos,centred,0.5,R',CP,2022-01-01 16:45:00,2022-01-01 13:45:00,2022-01-01 19:00:00
tpos,centred,0.5,R',peak,2022-01-02 15:45:00,,
tpos,centred,1.0,R,T2,2022-01-02 00:00:00,,
tpos,centred,1.0,R,T3,2022-01-02 00:00:00,,
tpos,centred,1.0,R,T5,2022-01-02 00:45:00,,
tpos,centred,1.0,R,CP,2022-01-01 15:00:00,2022-01-01 11:30:00,2022-01-01 16:45:00
tpos,centred,1.0,R,peak,2022-01-02 16:00:00,,
tpos,centred,1.0,R',T2,2022-01-02 00:00:00,,
tpos,centred,1.0,R',T3,2022-01-02 00:00:00,,
tpos,centred,1.0,R',T5,,,
tpos,centred,1.0,R',CP,2022-01-01 16:30:00,2022-01-01 14:15:00,2022-01-01 18:15:00
tpos,centred,1.0,R',peak,2022-01-02 16:00:00,,
tpos,centred,3.0,R,T2,2022-01-02 00:00:00,,
tpos,centred,3.0,R,T3,2022-01-02 00:00:00,,
tpos,centred,3.0,R,T5,2022-01-02 04:15:00,,
tpos,centred,3.0,R,CP,2022-01-01 16:00:00,2022-01-01 15:15:00,2022-01-01 16:45:00
tpos,centred,3.0,R,peak,2022-01-02 10:45:00,,
tpos,centred,3.0,R',T2,2022-01-02 00:00:00,,
tpos,centred,3.0,R',T3,2022-01-02 00:30:00,,
tpos,centred,3.0,R',T5,2022-01-02 07:45:00,,
tpos,centred,3.0,R',CP,2022-01-01 17:15:00,2022-01-01 16:30:00,2022-01-01 18:00:00
tpos,centred,3.0,R',peak,2022-01-02 10:45:00,,
tpos,causal,0.25,R,T2,2022-01-02 00:00:00,,
tpos,causal,0.25,R,T3,2022-01-02 15:15:00,,
tpos,causal,0.25,R,T5,,,
tpos,causal,0.25,R,CP,2022-01-01 17:15:00,2022-01-01 14:30:00,2022-01-01 20:30:00
tpos,causal,0.25,R,peak,2022-01-02 08:45:00,,
tpos,causal,0.25,R',T2,2022-01-02 00:00:00,,
tpos,causal,0.25,R',T3,,,
tpos,causal,0.25,R',T5,,,
tpos,causal,0.25,R',CP,2022-01-01 19:15:00,2022-01-01 14:45:00,2022-01-01 21:30:00
tpos,causal,0.25,R',peak,2022-01-02 08:45:00,,
tpos,causal,0.5,R,T2,2022-01-02 00:00:00,,
tpos,causal,0.5,R,T3,2022-01-02 00:00:00,,
tpos,causal,0.5,R,T5,,,
tpos,causal,0.5,R,CP,2022-01-01 17:30:00,2022-01-01 15:00:00,2022-01-01 20:30:00
tpos,causal,0.5,R,peak,2022-01-02 09:00:00,,
tpos,causal,0.5,R',T2,2022-01-02 00:00:00,,
tpos,causal,0.5,R',T3,2022-01-02 11:00:00,,
tpos,causal,0.5,R',T5,,,
tpos,causal,0.5,R',CP,2022-01-01 19:30:00,2022-01-01 15:15:00,2022-01-01 21:30:00
tpos,causal,0.5,R',peak,2022-01-02 09:00:00,,
tpos,causal,1.0,R,T2,2022-01-02 00:00:00,,
tpos,causal,1.0,R,T3,2022-01-02 00:00:00,,
tpos,causal,1.0,R,T5,,,
tpos,causal,1.0,R,CP,2022-01-01 15:30:00,2022-01-01 03:15:00,2022-01-01 18:00:00
tpos,causal,1.0,R,peak,2022-01-02 16:00:00,,
tpos,causal,1.0,R',T2,2022-01-02 00:00:00,,
tpos,causal,1.0,R',T3,2022-01-02 00:00:00,,
tpos,causal,1.0,R',T5,,,
tpos,causal,1.0,R',CP,2022-01-01 16:45:00,2022-01-01 13:00:00,2022-01-01 20:00:00
tpos,causal,1.0,R',peak,2022-01-02 16:00:00,,
tpos,causal,3.0,R,T2,2022-01-02 00:00:00,,
tpos,causal,3.0,R,T3,2022-01-02 00:00:00,,
tpos,causal,3.0,R,T5,2022-01-02 00:45:00,,
tpos,causal,3.0,R,CP,2022-01-01 23:00:00,2022-01-01 22:45:00,2022-01-01 23:15:00
tpos,causal,3.0,R,peak,2022-01-02 01:45:00,,
tpos,causal,3.0,R',T2,2022-01-02 00:00:00,,
tpos,causal,3.0,R',T3,2022-01-02 00:00:00,,
tpos,causal,3.0,R',T5,2022-01-02 00:30:00,,
tpos,causal,3.0,R',CP,2022-01-01 23:00:00,2022-01-01 22:45:00,2022-01-01 23:00:00
tpos,causal,3.0,R',peak,2022-01-02 01:45:00,,
tpos,causal-robust,0.25,R,T2,2022-01-02 00:00:00,,
tpos,causal-robust,0.25,R,T3,2022-01-02 15:15:00,,
tpos,causal-robust,0.25,R,T5,,,
tpos,causal-robust,0.25,R,CP,2022-01-01 17:15:00,2022-01-01 14:30:00,2022-01-01 20:30:00
tpos,causal-robust,0.25,R,peak,2022-01-02 08:45:00,,
tpos,causal-robust,0.25,R',T2,2022-01-02 00:00:00,,
tpos,causal-robust,0.25,R',T3,,,
tpos,causal-robust,0.25,R',T5,,,
tpos,causal-robust,0.25,R',CP,2022-01-01 19:15:00,2022-01-01 14:45:00,2022-01-01 21:30:00
tpos,causal-robust,0.25,R',peak,2022-01-02 08:45:00,,
tpos,causal-robust,0.5,R,T2,2022-01-02 00:00:00,,
tpos,causal-robust,0.5,R,T3,2022-01-02 00:00:00,,
tpos,causal-robust,0.5,R,T5,,,
tpos,causal-robust,0.5,R,CP,2022-01-01 17:30:00,2022-01-01 15:00:00,2022-01-01 20:30:00
tpos,causal-robust,0.5,R,peak,2022-01-02 09:00:00,,
tpos,causal-robust,0.5,R',T2,2022-01-02 00:00:00,,
tpos,causal-robust,0.5,R',T3,2022-01-02 11:00:00,,
tpos,causal-robust,0.5,R',T5,,,
tpos,causal-robust,0.5,R',CP,2022-01-01 19:30:00,2022-01-01 15:15:00,2022-01-01 21:30:00
tpos,causal-robust,0.5,R',peak,2022-01-02 09:00:00,,
tpos,causal-robust,1.0,R,T2,2022-01-02 00:00:00,,
tpos,causal-robust,1.0,R,T3,2022-01-02 00:00:00,,
tpos,causal-robust,1.0,R,T5,,,
tpos,causal-robust,1.0,R,CP,2022-01-01 15:30:00,2022-01-01 03:15:00,2022-01-01 18:00:00
tpos,causal-robust,1.0,R,peak,2022-01-02 16:00:00,,
tpos,causal-robust,1.0,R',T2,2022-01-02 00:00:00,,
tpos,causal-robust,1.0,R',T3,2022-01-02 00:00:00,,
tpos,causal-robust,1.0,R',T5,,,
tpos,causal-robust,1.0,R',CP,2022-01-01 16:45:00,2022-01-01 13:00:00,2022-01-01 20:00:00
tpos,causal-robust,1.0,R',peak,2022-01-02 16:00:00,,
tpos,causal-robust,3.0,R,T2,2022-01-02 00:00:00,,
tpos,causal-robust,3.0,R,T3,2022-01-02 00:00:00,,
tpos,causal-robust,3.0,R,T5,2022-01-02 00:45:00,,
tpos,causal-robust,3.0,R,CP,2022-01-01 23:00:00,2022-01-01 22:45:00,2022-01-01 23:15:00
tpos,causal-robust,3.0,R,peak,2022-01-02 01:45:00,,
tpos,causal-robust,3.0,R',T2,2022-01-02 00:00:00,,
tpos,causal-robust,3.0,R',T3,2022-01-02 00:00:00,,
tpos,causal-robust,3.0,R',T5,2022-01-02 00:30:00,,
tpos,causal-robust,3.0,R',CP,2022-01-01 23:00:00,2022-01-01 22:45:00,2022-01-01 23:00:00
tpos,causal-robust,3.0,R',peak,2022-01-02 01:45:00,,
rain,centred,0.25,R,T2,2022-01-02 08:30:00,,
rain,centred,0.25,R,T3,2022-01-02 08:30:00,,
rain,centred,0.25,R,T5,2022-01-02 08:45:00,,
rain,centred,0.25,R,CP,2022-01-02 08:30:00,2022-01-02 08:30:00,2022-01-02 08:30:00
rain,centred,0.25,R,peak,2022-01-02 09:30:00,,
rain,centred,0.25,R',T2,2022-01-02 08:30:00,,
rain,centred,0.25,R',T3,2022-01-02 08:45:00,,
rain,centred,0.25,R',T5,2022-01-02 08:45:00,,
rain,centred,0.25,R',CP,2022-01-02 08:30:00,2022-01-02 08:30:00,2022-01-02 08:30:00
rain,centred,0.25,R',peak,2022-01-02 09:30:00,,
rain,centred,0.5,R,T2,2022-01-02 02:45:00,,
rain,centred,0.5,R,T3,2022-01-02 08:15:00,,
rain,centred,0.5,R,T5,2022-01-02 08:30:00,,
rain,centred,0.5,R,CP,2022-01-02 08:00:00,2022-01-02 08:00:00,2022-01-02 08:00:00
rain,centred,0.5,R,peak,2022-01-02 09:30:00,,
rain,centred,0.5,R',T2,2022-01-02 08:15:00,,
rain,centred,0.5,R',T3,2022-01-02 08:30:00,,
rain,centred,0.5,R',T5,2022-01-02 08:30:00,,
rain,centred,0.5,R',CP,2022-01-02 08:00:00,2022-01-02 08:00:00,2022-01-02 08:00:00
rain,centred,0.5,R',peak,2022-01-02 09:30:00,,
rain,centred,1.0,R,T2,2022-01-02 02:30:00,,
rain,centred,1.0,R,T3,2022-01-02 07:30:00,,
rain,centred,1.0,R,T5,2022-01-02 07:45:00,,
rain,centred,1.0,R,CP,2022-01-02 07:15:00,2022-01-02 07:00:00,2022-01-02 07:15:00
rain,centred,1.0,R,peak,2022-01-02 09:45:00,,
rain,centred,1.0,R',T2,2022-01-02 07:30:00,,
rain,centred,1.0,R',T3,2022-01-02 07:45:00,,
rain,centred,1.0,R',T5,2022-01-02 08:00:00,,
rain,centred,1.0,R',CP,2022-01-02 07:15:00,2022-01-02 07:15:00,2022-01-02 07:15:00
rain,centred,1.0,R',peak,2022-01-02 09:45:00,,
rain,centred,3.0,R,T2,2022-01-02 02:00:00,,
rain,centred,3.0,R,T3,2022-01-02 03:00:00,,
rain,centred,3.0,R,T5,2022-01-02 04:15:00,,
rain,centred,3.0,R,CP,2022-01-02 02:45:00,2022-01-02 02:30:00,2022-01-02 03:00:00
rain,centred,3.0,R,peak,2022-01-02 11:00:00,,
rain,centred,3.0,R',T2,2022-01-02 02:45:00,,
rain,centred,3.0,R',T3,2022-01-02 03:30:00,,
rain,centred,3.0,R',T5,2022-01-02 04:30:00,,
rain,centred,3.0,R',CP,2022-01-02 03:00:00,2022-01-02 03:00:00,2022-01-02 03:15:00
rain,centred,3.0,R',peak,2022-01-02 11:00:00,,
rain,causal,0.25,R,T2,2022-01-02 09:00:00,,
rain,causal,0.25,R,T3,2022-01-02 09:00:00,,
rain,causal,0.25,R,T5,2022-01-02 09:00:00,,
rain,causal,0.25,R,CP,2022-01-02 08:30:00,2022-01-02 08:30:00,2022-01-02 08:30:00
rain,causal,0.25,R,peak,2022-01-02 09:30:00,,
rain,causal,0.25,R',T2,2022-01-02 09:00:00,,
rain,causal,0.25,R',T3,2022-01-02 09:00:00,,
rain,causal,0.25,R',T5,2022-01-02 09:00:00,,
rain,causal,0.25,R',CP,2022-01-02 08:30:00,2022-01-02 08:30:00,2022-01-02 08:30:00
rain,causal,0.25,R',peak,2022-01-02 09:30:00,,
rain,causal,0.5,R,T2,2022-01-02 08:30:00,,
rain,causal,0.5,R,T3,2022-01-02 09:00:00,,
rain,causal,0.5,R,T5,2022-01-02 09:00:00,,
rain,causal,0.5,R,CP,2022-01-02 08:30:00,2022-01-02 08:30:00,2022-01-02 08:30:00
rain,causal,0.5,R,peak,2022-01-02 09:30:00,,
rain,causal,0.5,R',T2,2022-01-02 09:00:00,,
rain,causal,0.5,R',T3,2022-01-02 09:00:00,,
rain,causal,0.5,R',T5,2022-01-02 09:00:00,,
rain,causal,0.5,R',CP,2022-01-02 08:30:00,2022-01-02 08:30:00,2022-01-02 08:30:00
rain,causal,0.5,R',peak,2022-01-02 09:30:00,,
rain,causal,1.0,R,T2,2022-01-02 09:00:00,,
rain,causal,1.0,R,T3,2022-01-02 09:00:00,,
rain,causal,1.0,R,T5,2022-01-02 09:00:00,,
rain,causal,1.0,R,CP,2022-01-02 08:45:00,2022-01-02 08:45:00,2022-01-02 08:45:00
rain,causal,1.0,R,peak,2022-01-02 10:00:00,,
rain,causal,1.0,R',T2,2022-01-02 09:00:00,,
rain,causal,1.0,R',T3,2022-01-02 09:00:00,,
rain,causal,1.0,R',T5,2022-01-02 09:15:00,,
rain,causal,1.0,R',CP,2022-01-02 08:45:00,2022-01-02 08:45:00,2022-01-02 08:45:00
rain,causal,1.0,R',peak,2022-01-02 10:00:00,,
rain,causal,3.0,R,T2,2022-01-02 09:00:00,,
rain,causal,3.0,R,T3,2022-01-02 09:15:00,,
rain,causal,3.0,R,T5,2022-01-02 09:15:00,,
rain,causal,3.0,R,CP,2022-01-02 08:45:00,2022-01-02 08:45:00,2022-01-02 08:45:00
rain,causal,3.0,R,peak,2022-01-02 10:15:00,,
rain,causal,3.0,R',T2,2022-01-02 09:15:00,,
rain,causal,3.0,R',T3,2022-01-02 09:15:00,,
rain,causal,3.0,R',T5,2022-01-02 09:15:00,,
rain,causal,3.0,R',CP,2022-01-02 08:45:00,2022-01-02 08:45:00,2022-01-02 08:45:00
rain,causal,3.0,R',peak,2022-01-02 10:15:00,,
rain,causal-robust,0.25,R,T2,2022-01-02 09:00:00,,
rain,causal-robust,0.25,R,T3,2022-01-02 09:00:00,,
rain,causal-robust,0.25,R,T5,2022-01-02 09:00:00,,
rain,causal-robust,0.25,R,CP,2022-01-02 08:30:00,2022-01-02 08:30:00,2022-01-02 08:30:00
rain,causal-robust,0.25,R,peak,2022-01-02 09:30:00,,
rain,causal-robust,0.25,R',T2,2022-01-02 09:00:00,,
rain,causal-robust,0.25,R',T3,2022-01-02 09:00:00,,
rain,causal-robust,0.25,R',T5,2022-01-02 09:00:00,,
rain,causal-robust,0.25,R',CP,2022-01-02 08:30:00,2022-01-02 08:30:00,2022-01-02 08:30:00
rain,causal-robust,0.25,R',peak,2022-01-02 09:30:00,,
rain,causal-robust,0.5,R,T2,2022-01-02 08:30:00,,
rain,causal-robust,0.5,R,T3,2022-01-02 09:00:00,,
rain,causal-robust,0.5,R,T5,2022-01-02 09:00:00,,
rain,causal-robust,0.5,R,CP,2022-01-02 08:30:00,2022-01-02 08:30:00,2022-01-02 08:30:00
rain,causal-robust,0.5,R,peak,2022-01-02 09:30:00,,
rain,causal-robust,0.5,R',T2,2022-01-02 09:00:00,,
rain,causal-robust,0.5,R',T3,2022-01-02 09:00:00,,
rain,causal-robust,0.5,R',T5,2022-01-02 09:00:00,,
rain,causal-robust,0.5,R',CP,2022-01-02 08:30:00,2022-01-02 08:30:00,2022-01-02 08:30:00
rain,causal-robust,0.5,R',peak,2022-01-02 09:30:00,,
rain,causal-robust,1.0,R,T2,2022-01-02 09:00:00,,
rain,causal-robust,1.0,R,T3,2022-01-02 09:00:00,,
rain,causal-robust,1.0,R,T5,2022-01-02 09:00:00,,
rain,causal-robust,1.0,R,CP,2022-01-02 08:45:00,2022-01-02 08:45:00,2022-01-02 08:45:00
rain,causal-robust,1.0,R,peak,2022-01-02 10:00:00,,
rain,causal-robust,1.0,R',T2,2022-01-02 09:00:00,,
rain,causal-robust,1.0,R',T3,2022-01-02 09:00:00,,
rain,causal-robust,1.0,R',T5,2022-01-02 09:15:00,,
rain,causal-robust,1.0,R',CP,2022-01-02 08:45:00,2022-01-02 08:45:00,2022-01-02 08:45:00
rain,causal-robust,1.0,R',peak,2022-01-02 10:00:00,,
rain,causal-robust,3.0,R,T2,2022-01-02 09:00:00,,
rain,causal-robust,3.0,R,T3,2022-01-02 09:15:00,,
rain,causal-robust,3.0,R,T5,2022-01-02 09:15:00,,
rain,causal-robust,3.0,R,CP,2022-01-02 08:45:00,2022-01-02 08:45:00,2022-01-02 08:45:00
rain,causal-robust,3.0,R,peak,2022-01-02 10:15:00,,
rain,causal-robust,3.0,R',T2,2022-01-02 09:15:00,,
rain,causal-robust,3.0,R',T3,2022-01-02 09:15:00,,
rain,causal-robust,3.0,R',T5,2022-01-02 09:15:00,,
rain,causal-robust,3.0,R',CP,2022-01-02 08:45:00,2022-01-02 08:45:00,2022-01-02 08:45:00
rain,causal-robust,3.0,R',peak,2022-01-02 10:15:00,,
level,centred,0.25,R,T2,2022-01-03 03:15:00,,
level,centred,0.25,R,T3,2022-01-03 04:15:00,,
level,centred,0.25,R,T5,2022-01-03 08:15:00,,
level,centred,0.25,R,CP,2022-01-03 04:45:00,2022-01-03 04:15:00,2022-01-03 05:30:00
level,centred,0.25,R,peak,2022-01-03 22:45:00,,
level,centred,0.25,R',T2,2022-01-03 01:45:00,,
level,centred,0.25,R',T3,2022-01-03 02:00:00,,
level,centred,0.25,R',T5,2022-01-03 02:45:00,,
level,centred,0.25,R',CP,2022-01-03 04:15:00,2022-01-03 03:45:00,2022-01-03 04:45:00
level,centred,0.25,R',peak,2022-01-03 22:45:00,,
level,centred,0.5,R,T2,2022-01-03 03:15:00,,
level,centred,0.5,R,T3,2022-01-03 04:15:00,,
level,centred,0.5,R,T5,2022-01-03 08:15:00,,
level,centred,0.5,R,CP,2022-01-03 04:45:00,2022-01-03 04:15:00,2022-01-03 05:30:00
level,centred,0.5,R,peak,2022-01-03 22:15:00,,
level,centred,0.5,R',T2,2022-01-03 01:45:00,,
level,centred,0.5,R',T3,2022-01-03 02:00:00,,
level,centred,0.5,R',T5,2022-01-03 02:45:00,,
level,centred,0.5,R',CP,2022-01-03 04:15:00,2022-01-03 03:45:00,2022-01-03 04:45:00
level,centred,0.5,R',peak,2022-01-03 22:15:00,,
level,centred,1.0,R,T2,2022-01-03 03:15:00,,
level,centred,1.0,R,T3,2022-01-03 04:30:00,,
level,centred,1.0,R,T5,2022-01-03 08:00:00,,
level,centred,1.0,R,CP,2022-01-03 04:45:00,2022-01-03 04:00:00,2022-01-03 05:15:00
level,centred,1.0,R,peak,2022-01-03 21:45:00,,
level,centred,1.0,R',T2,2022-01-03 01:45:00,,
level,centred,1.0,R',T3,2022-01-03 02:00:00,,
level,centred,1.0,R',T5,2022-01-03 03:00:00,,
level,centred,1.0,R',CP,2022-01-03 04:00:00,2022-01-03 03:30:00,2022-01-03 04:30:00
level,centred,1.0,R',peak,2022-01-03 21:45:00,,
level,centred,3.0,R,T2,2022-01-03 03:30:00,,
level,centred,3.0,R,T3,2022-01-03 04:45:00,,
level,centred,3.0,R,T5,2022-01-03 07:00:00,,
level,centred,3.0,R,CP,2022-01-03 03:00:00,2022-01-03 02:30:00,2022-01-03 03:30:00
level,centred,3.0,R,peak,2022-01-03 21:15:00,,
level,centred,3.0,R',T2,2022-01-03 01:15:00,,
level,centred,3.0,R',T3,2022-01-03 01:45:00,,
level,centred,3.0,R',T5,2022-01-03 03:00:00,,
level,centred,3.0,R',CP,2022-01-03 02:15:00,2022-01-03 02:00:00,2022-01-03 02:45:00
level,centred,3.0,R',peak,2022-01-03 21:15:00,,
level,causal,0.25,R,T2,2022-01-03 02:45:00,,
level,causal,0.25,R,T3,2022-01-03 03:45:00,,
level,causal,0.25,R,T5,2022-01-03 08:00:00,,
level,causal,0.25,R,CP,2022-01-03 04:45:00,2022-01-03 04:15:00,2022-01-03 05:15:00
level,causal,0.25,R,peak,2022-01-03 23:00:00,,
level,causal,0.25,R',T2,2022-01-03 01:30:00,,
level,causal,0.25,R',T3,2022-01-03 02:15:00,,
level,causal,0.25,R',T5,2022-01-03 03:00:00,,
level,causal,0.25,R',CP,2022-01-03 04:15:00,2022-01-03 03:45:00,2022-01-03 04:45:00
level,causal,0.25,R',peak,2022-01-03 23:00:00,,
level,causal,0.5,R,T2,2022-01-03 02:45:00,,
level,causal,0.5,R,T3,2022-01-03 03:45:00,,
level,causal,0.5,R,T5,2022-01-03 08:15:00,,
level,causal,0.5,R,CP,2022-01-03 04:45:00,2022-01-03 04:15:00,2022-01-03 05:15:00
level,causal,0.5,R,peak,2022-01-03 23:00:00,,
level,causal,0.5,R',T2,2022-01-03 01:45:00,,
level,causal,0.5,R',T3,2022-01-03 02:15:00,,
level,causal,0.5,R',T5,2022-01-03 03:00:00,,
level,causal,0.5,R',CP,2022-01-03 04:15:00,2022-01-03 03:45:00,2022-01-03 04:45:00
level,causal,0.5,R',peak,2022-01-03 23:00:00,,
level,causal,1.0,R,T2,2022-01-03 02:45:00,,
level,causal,1.0,R,T3,2022-01-03 03:45:00,,
level,causal,1.0,R,T5,2022-01-03 08:15:00,,
level,causal,1.0,R,CP,2022-01-03 05:00:00,2022-01-03 04:15:00,2022-01-03 05:30:00
level,causal,1.0,R,peak,2022-01-03 23:00:00,,
level,causal,1.0,R',T2,2022-01-03 01:45:00,,
level,causal,1.0,R',T3,2022-01-03 02:15:00,,
level,causal,1.0,R',T5,2022-01-03 03:00:00,,
level,causal,1.0,R',CP,2022-01-03 04:30:00,2022-01-03 03:45:00,2022-01-03 05:00:00
level,causal,1.0,R',peak,2022-01-03 23:00:00,,
level,causal,3.0,R,T2,2022-01-03 03:30:00,,
level,causal,3.0,R,T3,2022-01-03 04:15:00,,
level,causal,3.0,R,T5,2022-01-03 06:30:00,,
level,causal,3.0,R,CP,2022-01-03 05:15:00,2022-01-03 04:45:00,2022-01-03 05:45:00
level,causal,3.0,R,peak,2022-01-03 23:15:00,,
level,causal,3.0,R',T2,2022-01-03 02:15:00,,
level,causal,3.0,R',T3,2022-01-03 02:45:00,,
level,causal,3.0,R',T5,2022-01-03 03:30:00,,
level,causal,3.0,R',CP,2022-01-03 04:45:00,2022-01-03 04:15:00,2022-01-03 05:15:00
level,causal,3.0,R',peak,2022-01-03 23:15:00,,
level,causal-robust,0.25,R,T2,2022-01-03 02:45:00,,
level,causal-robust,0.25,R,T3,2022-01-03 03:45:00,,
level,causal-robust,0.25,R,T5,2022-01-03 08:00:00,,
level,causal-robust,0.25,R,CP,2022-01-03 04:45:00,2022-01-03 04:15:00,2022-01-03 05:15:00
level,causal-robust,0.25,R,peak,2022-01-03 23:00:00,,
level,causal-robust,0.25,R',T2,2022-01-03 01:30:00,,
level,causal-robust,0.25,R',T3,2022-01-03 02:15:00,,
level,causal-robust,0.25,R',T5,2022-01-03 03:00:00,,
level,causal-robust,0.25,R',CP,2022-01-03 04:15:00,2022-01-03 03:45:00,2022-01-03 04:45:00
level,causal-robust,0.25,R',peak,2022-01-03 23:00:00,,
level,causal-robust,0.5,R,T2,2022-01-03 02:45:00,,
level,causal-robust,0.5,R,T3,2022-01-03 03:45:00,,
level,causal-robust,0.5,R,T5,2022-01-03 08:15:00,,
level,causal-robust,0.5,R,CP,2022-01-03 04:45:00,2022-01-03 04:15:00,2022-01-03 05:15:00
level,causal-robust,0.5,R,peak,2022-01-03 23:00:00,,
level,causal-robust,0.5,R',T2,2022-01-03 01:45:00,,
level,causal-robust,0.5,R',T3,2022-01-03 02:15:00,,
level,causal-robust,0.5,R',T5,2022-01-03 03:00:00,,
level,causal-robust,0.5,R',CP,2022-01-03 04:15:00,2022-01-03 03:45:00,2022-01-03 04:45:00
level,causal-robust,0.5,R',peak,2022-01-03 23:00:00,,
level,causal-robust,1.0,R,T2,2022-01-03 02:45:00,,
level,causal-robust,1.0,R,T3,2022-01-03 03:45:00,,
level,causal-robust,1.0,R,T5,2022-01-03 08:15:00,,
level,causal-robust,1.0,R,CP,2022-01-03 05:00:00,2022-01-03 04:15:00,2022-01-03 05:30:00
level,causal-robust,1.0,R,peak,2022-01-03 23:00:00,,
level,causal-robust,1.0,R',T2,2022-01-03 01:45:00,,
level,causal-robust,1.0,R',T3,2022-01-03 02:15:00,,
level,causal-robust,1.0,R',T5,2022-01-03 03:00:00,,
level,causal-robust,1.0,R',CP,2022-01-03 04:30:00,2022-01-03 03:45:00,2022-01-03 05:00:00
level,causal-robust,1.0,R',peak,2022-01-03 23:00:00,,
level,causal-robust,3.0,R,T2,2022-01-03 03:30:00,,
level,causal-robust,3.0,R,T3,2022-01-03 04:15:00,,
level,causal-robust,3.0,R,T5,2022-01-03 06:30:00,,
level,causal-robust,3.0,R,CP,2022-01-03 05:15:00,2022-01-03 04:45:00,2022-01-03 05:45:00
level,causal-robust,3.0,R,peak,2022-01-03 23:15:00,,
level,causal-robust,3.0,R',T2,2022-01-03 02:15:00,,
level,causal-robust,3.0,R',T3,2022-01-03 02:45:00,,
level,causal-robust,3.0,R',T5,2022-01-03 03:30:00,,
level,causal-robust,3.0,R',CP,2022-01-03 04:45:00,2022-01-03 04:15:00,2022-01-03 05:15:00
level,causal-robust,3.0,R',peak,2022-01-03 23:15:00,,
level_v102,centred,0.25,R,T2,2022-01-03 03:00:00,,
level_v102,centred,0.25,R,T3,2022-01-03 04:15:00,,
level_v102,centred,0.25,R,T5,2022-01-03 08:15:00,,
level_v102,centred,0.25,R,CP,2022-01-03 05:00:00,2022-01-03 04:15:00,2022-01-03 05:30:00
level_v102,centred,0.25,R,peak,2022-01-03 22:45:00,,
level_v102,centred,0.25,R',T2,2022-01-03 01:45:00,,
level_v102,centred,0.25,R',T3,2022-01-03 02:00:00,,
level_v102,centred,0.25,R',T5,2022-01-03 02:45:00,,
level_v102,centred,0.25,R',CP,2022-01-03 04:15:00,2022-01-03 03:45:00,2022-01-03 04:45:00
level_v102,centred,0.25,R',peak,2022-01-03 22:45:00,,
level_v102,centred,0.5,R,T2,2022-01-03 03:00:00,,
level_v102,centred,0.5,R,T3,2022-01-03 04:15:00,,
level_v102,centred,0.5,R,T5,2022-01-03 08:15:00,,
level_v102,centred,0.5,R,CP,2022-01-03 04:45:00,2022-01-03 04:15:00,2022-01-03 05:30:00
level_v102,centred,0.5,R,peak,2022-01-03 22:15:00,,
level_v102,centred,0.5,R',T2,2022-01-03 01:45:00,,
level_v102,centred,0.5,R',T3,2022-01-03 02:00:00,,
level_v102,centred,0.5,R',T5,2022-01-03 02:45:00,,
level_v102,centred,0.5,R',CP,2022-01-03 04:15:00,2022-01-03 03:45:00,2022-01-03 04:45:00
level_v102,centred,0.5,R',peak,2022-01-03 22:15:00,,
level_v102,centred,1.0,R,T2,2022-01-03 03:15:00,,
level_v102,centred,1.0,R,T3,2022-01-03 04:15:00,,
level_v102,centred,1.0,R,T5,2022-01-03 07:45:00,,
level_v102,centred,1.0,R,CP,2022-01-03 04:45:00,2022-01-03 04:00:00,2022-01-03 05:15:00
level_v102,centred,1.0,R,peak,2022-01-03 21:45:00,,
level_v102,centred,1.0,R',T2,2022-01-03 01:30:00,,
level_v102,centred,1.0,R',T3,2022-01-03 02:00:00,,
level_v102,centred,1.0,R',T5,2022-01-03 02:45:00,,
level_v102,centred,1.0,R',CP,2022-01-03 04:00:00,2022-01-03 03:30:00,2022-01-03 04:30:00
level_v102,centred,1.0,R',peak,2022-01-03 21:45:00,,
level_v102,centred,3.0,R,T2,2022-01-03 03:30:00,,
level_v102,centred,3.0,R,T3,2022-01-03 04:45:00,,
level_v102,centred,3.0,R,T5,2022-01-03 06:45:00,,
level_v102,centred,3.0,R,CP,2022-01-03 03:00:00,2022-01-03 02:30:00,2022-01-03 03:30:00
level_v102,centred,3.0,R,peak,2022-01-03 21:15:00,,
level_v102,centred,3.0,R',T2,2022-01-03 01:00:00,,
level_v102,centred,3.0,R',T3,2022-01-03 01:45:00,,
level_v102,centred,3.0,R',T5,2022-01-03 03:00:00,,
level_v102,centred,3.0,R',CP,2022-01-03 02:30:00,2022-01-03 02:00:00,2022-01-03 02:45:00
level_v102,centred,3.0,R',peak,2022-01-03 21:15:00,,
level_v102,causal,0.25,R,T2,2022-01-03 02:45:00,,
level_v102,causal,0.25,R,T3,2022-01-03 03:45:00,,
level_v102,causal,0.25,R,T5,2022-01-03 08:00:00,,
level_v102,causal,0.25,R,CP,2022-01-03 04:45:00,2022-01-03 04:15:00,2022-01-03 05:15:00
level_v102,causal,0.25,R,peak,2022-01-03 23:00:00,,
level_v102,causal,0.25,R',T2,2022-01-03 01:30:00,,
level_v102,causal,0.25,R',T3,2022-01-03 02:15:00,,
level_v102,causal,0.25,R',T5,2022-01-03 03:00:00,,
level_v102,causal,0.25,R',CP,2022-01-03 04:15:00,2022-01-03 03:45:00,2022-01-03 04:45:00
level_v102,causal,0.25,R',peak,2022-01-03 23:00:00,,
level_v102,causal,0.5,R,T2,2022-01-03 02:45:00,,
level_v102,causal,0.5,R,T3,2022-01-03 03:45:00,,
level_v102,causal,0.5,R,T5,2022-01-03 08:00:00,,
level_v102,causal,0.5,R,CP,2022-01-03 04:45:00,2022-01-03 04:15:00,2022-01-03 05:30:00
level_v102,causal,0.5,R,peak,2022-01-03 23:00:00,,
level_v102,causal,0.5,R',T2,2022-01-03 01:45:00,,
level_v102,causal,0.5,R',T3,2022-01-03 02:15:00,,
level_v102,causal,0.5,R',T5,2022-01-03 02:45:00,,
level_v102,causal,0.5,R',CP,2022-01-03 04:15:00,2022-01-03 03:45:00,2022-01-03 05:00:00
level_v102,causal,0.5,R',peak,2022-01-03 23:00:00,,
level_v102,causal,1.0,R,T2,2022-01-03 02:45:00,,
level_v102,causal,1.0,R,T3,2022-01-03 03:45:00,,
level_v102,causal,1.0,R,T5,2022-01-03 08:00:00,,
level_v102,causal,1.0,R,CP,2022-01-03 05:00:00,2022-01-03 04:30:00,2022-01-03 05:30:00
level_v102,causal,1.0,R,peak,2022-01-03 23:00:00,,
level_v102,causal,1.0,R',T2,2022-01-03 01:45:00,,
level_v102,causal,1.0,R',T3,2022-01-03 02:15:00,,
level_v102,causal,1.0,R',T5,2022-01-03 02:45:00,,
level_v102,causal,1.0,R',CP,2022-01-03 04:30:00,2022-01-03 04:00:00,2022-01-03 05:00:00
level_v102,causal,1.0,R',peak,2022-01-03 23:00:00,,
level_v102,causal,3.0,R,T2,2022-01-03 03:30:00,,
level_v102,causal,3.0,R,T3,2022-01-03 04:15:00,,
level_v102,causal,3.0,R,T5,2022-01-03 06:30:00,,
level_v102,causal,3.0,R,CP,2022-01-03 05:15:00,2022-01-03 04:45:00,2022-01-03 05:45:00
level_v102,causal,3.0,R,peak,2022-01-03 23:15:00,,
level_v102,causal,3.0,R',T2,2022-01-03 02:15:00,,
level_v102,causal,3.0,R',T3,2022-01-03 02:45:00,,
level_v102,causal,3.0,R',T5,2022-01-03 03:30:00,,
level_v102,causal,3.0,R',CP,2022-01-03 04:45:00,2022-01-03 04:15:00,2022-01-03 05:30:00
level_v102,causal,3.0,R',peak,2022-01-03 23:15:00,,
level_v102,causal-robust,0.25,R,T2,2022-01-03 02:45:00,,
level_v102,causal-robust,0.25,R,T3,2022-01-03 03:45:00,,
level_v102,causal-robust,0.25,R,T5,2022-01-03 08:00:00,,
level_v102,causal-robust,0.25,R,CP,2022-01-03 04:45:00,2022-01-03 04:15:00,2022-01-03 05:15:00
level_v102,causal-robust,0.25,R,peak,2022-01-03 23:00:00,,
level_v102,causal-robust,0.25,R',T2,2022-01-03 01:30:00,,
level_v102,causal-robust,0.25,R',T3,2022-01-03 02:15:00,,
level_v102,causal-robust,0.25,R',T5,2022-01-03 03:00:00,,
level_v102,causal-robust,0.25,R',CP,2022-01-03 04:15:00,2022-01-03 03:45:00,2022-01-03 04:45:00
level_v102,causal-robust,0.25,R',peak,2022-01-03 23:00:00,,
level_v102,causal-robust,0.5,R,T2,2022-01-03 02:45:00,,
level_v102,causal-robust,0.5,R,T3,2022-01-03 03:45:00,,
level_v102,causal-robust,0.5,R,T5,2022-01-03 08:00:00,,
level_v102,causal-robust,0.5,R,CP,2022-01-03 04:45:00,2022-01-03 04:15:00,2022-01-03 05:30:00
level_v102,causal-robust,0.5,R,peak,2022-01-03 23:00:00,,
level_v102,causal-robust,0.5,R',T2,2022-01-03 01:45:00,,
level_v102,causal-robust,0.5,R',T3,2022-01-03 02:15:00,,
level_v102,causal-robust,0.5,R',T5,2022-01-03 02:45:00,,
level_v102,causal-robust,0.5,R',CP,2022-01-03 04:15:00,2022-01-03 03:45:00,2022-01-03 05:00:00
level_v102,causal-robust,0.5,R',peak,2022-01-03 23:00:00,,
level_v102,causal-robust,1.0,R,T2,2022-01-03 02:45:00,,
level_v102,causal-robust,1.0,R,T3,2022-01-03 03:45:00,,
level_v102,causal-robust,1.0,R,T5,2022-01-03 08:00:00,,
level_v102,causal-robust,1.0,R,CP,2022-01-03 05:00:00,2022-01-03 04:30:00,2022-01-03 05:30:00
level_v102,causal-robust,1.0,R,peak,2022-01-03 23:00:00,,
level_v102,causal-robust,1.0,R',T2,2022-01-03 01:45:00,,
level_v102,causal-robust,1.0,R',T3,2022-01-03 02:15:00,,
level_v102,causal-robust,1.0,R',T5,2022-01-03 02:45:00,,
level_v102,causal-robust,1.0,R',CP,2022-01-03 04:30:00,2022-01-03 04:00:00,2022-01-03 05:00:00
level_v102,causal-robust,1.0,R',peak,2022-01-03 23:00:00,,
level_v102,causal-robust,3.0,R,T2,2022-01-03 03:30:00,,
level_v102,causal-robust,3.0,R,T3,2022-01-03 04:15:00,,
level_v102,causal-robust,3.0,R,T5,2022-01-03 06:30:00,,
level_v102,causal-robust,3.0,R,CP,2022-01-03 05:15:00,2022-01-03 04:45:00,2022-01-03 05:45:00
level_v102,causal-robust,3.0,R,peak,2022-01-03 23:15:00,,
level_v102,causal-robust,3.0,R',T2,2022-01-03 02:15:00,,
level_v102,causal-robust,3.0,R',T3,2022-01-03 02:45:00,,
level_v102,causal-robust,3.0,R',T5,2022-01-03 03:30:00,,
level_v102,causal-robust,3.0,R',CP,2022-01-03 04:45:00,2022-01-03 04:15:00,2022-01-03 05:30:00
level_v102,causal-robust,3.0,R',peak,2022-01-03 23:15:00,,
uplift_GNSS1,centred,0.25,R,T2,,,
uplift_GNSS1,centred,0.25,R,T3,,,
uplift_GNSS1,centred,0.25,R,T5,,,
uplift_GNSS1,centred,0.25,R,CP,2022-01-03 21:15:00,2022-01-03 21:15:00,2022-01-03 21:15:00
uplift_GNSS1,centred,0.25,R,peak,2022-01-03 22:15:00,,
uplift_GNSS1,centred,0.25,R',T2,2022-01-04 23:00:00,,
uplift_GNSS1,centred,0.25,R',T3,,,
uplift_GNSS1,centred,0.25,R',T5,,,
uplift_GNSS1,centred,0.25,R',CP,2022-01-03 21:15:00,2022-01-03 21:15:00,2022-01-03 21:15:00
uplift_GNSS1,centred,0.25,R',peak,2022-01-03 22:15:00,,
uplift_GNSS1,centred,0.5,R,T2,,,
uplift_GNSS1,centred,0.5,R,T3,,,
uplift_GNSS1,centred,0.5,R,T5,,,
uplift_GNSS1,centred,0.5,R,CP,2022-01-03 21:15:00,2022-01-03 21:00:00,2022-01-03 21:15:00
uplift_GNSS1,centred,0.5,R,peak,2022-01-03 22:15:00,,
uplift_GNSS1,centred,0.5,R',T2,2022-01-03 21:45:00,,
uplift_GNSS1,centred,0.5,R',T3,2022-01-04 23:15:00,,
uplift_GNSS1,centred,0.5,R',T5,,,
uplift_GNSS1,centred,0.5,R',CP,2022-01-03 21:15:00,2022-01-03 21:00:00,2022-01-03 21:15:00
uplift_GNSS1,centred,0.5,R',peak,2022-01-03 22:15:00,,
uplift_GNSS1,centred,1.0,R,T2,,,
uplift_GNSS1,centred,1.0,R,T3,,,
uplift_GNSS1,centred,1.0,R,T5,,,
uplift_GNSS1,centred,1.0,R,CP,2022-01-03 16:15:00,2022-01-03 11:30:00,2022-01-03 20:30:00
uplift_GNSS1,centred,1.0,R,peak,2022-01-04 23:30:00,,
uplift_GNSS1,centred,1.0,R',T2,2022-01-03 09:45:00,,
uplift_GNSS1,centred,1.0,R',T3,2022-01-04 06:15:00,,
uplift_GNSS1,centred,1.0,R',T5,,,
uplift_GNSS1,centred,1.0,R',CP,2022-01-03 02:00:00,2022-01-02 22:45:00,2022-01-03 05:00:00
uplift_GNSS1,centred,1.0,R',peak,2022-01-04 23:30:00,,
uplift_GNSS1,centred,3.0,R,T2,,,
uplift_GNSS1,centred,3.0,R,T3,,,
uplift_GNSS1,centred,3.0,R,T5,,,
uplift_GNSS1,centred,3.0,R,CP,2022-01-03 15:30:00,2022-01-03 09:45:00,2022-01-03 18:45:00
uplift_GNSS1,centred,3.0,R,peak,2022-01-04 23:00:00,,
uplift_GNSS1,centred,3.0,R',T2,2022-01-02 00:00:00,,
uplift_GNSS1,centred,3.0,R',T3,2022-01-02 04:15:00,,
uplift_GNSS1,centred,3.0,R',T5,2022-01-04 03:00:00,,
uplift_GNSS1,centred,3.0,R',CP,2022-01-03 02:00:00,2022-01-03 00:00:00,2022-01-03 04:15:00
uplift_GNSS1,centred,3.0,R',peak,2022-01-04 23:00:00,,
uplift_GNSS1,causal,0.25,R,T2,,,
uplift_GNSS1,causal,0.25,R,T3,,,
uplift_GNSS1,causal,0.25,R,T5,,,
uplift_GNSS1,causal,0.25,R,CP,2022-01-03 21:00:00,2022-01-03 20:30:00,2022-01-03 21:00:00
uplift_GNSS1,causal,0.25,R,peak,2022-01-03 22:00:00,,
uplift_GNSS1,causal,0.25,R',T2,,,
uplift_GNSS1,causal,0.25,R',T3,,,
uplift_GNSS1,causal,0.25,R',T5,,,
uplift_GNSS1,causal,0.25,R',CP,2022-01-03 21:00:00,2022-01-03 20:30:00,2022-01-03 21:00:00
uplift_GNSS1,causal,0.25,R',peak,2022-01-03 22:00:00,,
uplift_GNSS1,causal,0.5,R,T2,,,
uplift_GNSS1,causal,0.5,R,T3,,,
uplift_GNSS1,causal,0.5,R,T5,,,
uplift_GNSS1,causal,0.5,R,CP,2022-01-03 21:15:00,2022-01-03 21:15:00,2022-01-03 21:15:00
uplift_GNSS1,causal,0.5,R,peak,2022-01-03 22:15:00,,
uplift_GNSS1,causal,0.5,R',T2,,,
uplift_GNSS1,causal,0.5,R',T3,,,
uplift_GNSS1,causal,0.5,R',T5,,,
uplift_GNSS1,causal,0.5,R',CP,2022-01-03 21:15:00,2022-01-03 21:15:00,2022-01-03 21:15:00
uplift_GNSS1,causal,0.5,R',peak,2022-01-03 22:15:00,,
uplift_GNSS1,causal,1.0,R,T2,,,
uplift_GNSS1,causal,1.0,R,T3,,,
uplift_GNSS1,causal,1.0,R,T5,,,
uplift_GNSS1,causal,1.0,R,CP,2022-01-03 21:15:00,2022-01-03 21:00:00,2022-01-03 21:15:00
uplift_GNSS1,causal,1.0,R,peak,2022-01-03 22:15:00,,
uplift_GNSS1,causal,1.0,R',T2,,,
uplift_GNSS1,causal,1.0,R',T3,,,
uplift_GNSS1,causal,1.0,R',T5,,,
uplift_GNSS1,causal,1.0,R',CP,2022-01-03 21:15:00,2022-01-03 21:00:00,2022-01-03 21:15:00
uplift_GNSS1,causal,1.0,R',peak,2022-01-03 22:15:00,,
uplift_GNSS1,causal,3.0,R,T2,,,
uplift_GNSS1,causal,3.0,R,T3,,,
uplift_GNSS1,causal,3.0,R,T5,,,
uplift_GNSS1,causal,3.0,R,CP,2022-01-03 17:00:00,2022-01-03 02:00:00,2022-01-03 22:00:00
uplift_GNSS1,causal,3.0,R,peak,2022-01-05 00:45:00,,
uplift_GNSS1,causal,3.0,R',T2,2022-01-03 11:45:00,,
uplift_GNSS1,causal,3.0,R',T3,,,
uplift_GNSS1,causal,3.0,R',T5,,,
uplift_GNSS1,causal,3.0,R',CP,2022-01-03 02:30:00,2022-01-02 21:45:00,2022-01-03 06:15:00
uplift_GNSS1,causal,3.0,R',peak,2022-01-05 00:45:00,,
uplift_GNSS1,causal-robust,0.25,R,T2,,,
uplift_GNSS1,causal-robust,0.25,R,T3,,,
uplift_GNSS1,causal-robust,0.25,R,T5,,,
uplift_GNSS1,causal-robust,0.25,R,CP,2022-01-03 21:00:00,2022-01-03 20:30:00,2022-01-03 21:00:00
uplift_GNSS1,causal-robust,0.25,R,peak,2022-01-03 22:00:00,,
uplift_GNSS1,causal-robust,0.25,R',T2,,,
uplift_GNSS1,causal-robust,0.25,R',T3,,,
uplift_GNSS1,causal-robust,0.25,R',T5,,,
uplift_GNSS1,causal-robust,0.25,R',CP,2022-01-03 21:00:00,2022-01-03 20:30:00,2022-01-03 21:00:00
uplift_GNSS1,causal-robust,0.25,R',peak,2022-01-03 22:00:00,,
uplift_GNSS1,causal-robust,0.5,R,T2,,,
uplift_GNSS1,causal-robust,0.5,R,T3,,,
uplift_GNSS1,causal-robust,0.5,R,T5,,,
uplift_GNSS1,causal-robust,0.5,R,CP,2022-01-03 21:00:00,2022-01-02 10:45:00,2022-01-04 21:15:00
uplift_GNSS1,causal-robust,0.5,R,peak,2022-01-04 22:15:00,,
uplift_GNSS1,causal-robust,0.5,R',T2,,,
uplift_GNSS1,causal-robust,0.5,R',T3,,,
uplift_GNSS1,causal-robust,0.5,R',T5,,,
uplift_GNSS1,causal-robust,0.5,R',CP,2022-01-03 20:15:00,2022-01-01 13:00:00,2022-01-04 05:45:00
uplift_GNSS1,causal-robust,0.5,R',peak,2022-01-04 22:15:00,,
uplift_GNSS1,causal-robust,1.0,R,T2,,,
uplift_GNSS1,causal-robust,1.0,R,T3,,,
uplift_GNSS1,causal-robust,1.0,R,T5,,,
uplift_GNSS1,causal-robust,1.0,R,CP,2022-01-04 22:30:00,2022-01-03 15:45:00,2022-01-04 23:00:00
uplift_GNSS1,causal-robust,1.0,R,peak,2022-01-05 00:30:00,,
uplift_GNSS1,causal-robust,1.0,R',T2,2022-01-04 23:15:00,,
uplift_GNSS1,causal-robust,1.0,R',T3,,,
uplift_GNSS1,causal-robust,1.0,R',T5,,,
uplift_GNSS1,causal-robust,1.0,R',CP,2022-01-03 21:15:00,2022-01-03 13:45:00,2022-01-04 01:15:00
uplift_GNSS1,causal-robust,1.0,R',peak,2022-01-05 00:30:00,,
uplift_GNSS1,causal-robust,3.0,R,T2,,,
uplift_GNSS1,causal-robust,3.0,R,T3,,,
uplift_GNSS1,causal-robust,3.0,R,T5,,,
uplift_GNSS1,causal-robust,3.0,R,CP,2022-01-03 21:45:00,2022-01-03 16:00:00,2022-01-04 01:30:00
uplift_GNSS1,causal-robust,3.0,R,peak,2022-01-05 00:45:00,,
uplift_GNSS1,causal-robust,3.0,R',T2,2022-01-02 03:00:00,,
uplift_GNSS1,causal-robust,3.0,R',T3,2022-01-02 04:45:00,,
uplift_GNSS1,causal-robust,3.0,R',T5,2022-01-03 11:45:00,,
uplift_GNSS1,causal-robust,3.0,R',CP,2022-01-03 19:00:00,2022-01-03 15:00:00,2022-01-03 23:30:00
uplift_GNSS1,causal-robust,3.0,R',peak,2022-01-05 00:45:00,,
speed_GNSS1,centred,0.25,R,T2,,,
speed_GNSS1,centred,0.25,R,T3,,,
speed_GNSS1,centred,0.25,R,T5,,,
speed_GNSS1,centred,0.25,R,CP,2022-01-03 20:45:00,2022-01-03 20:15:00,2022-01-03 21:00:00
speed_GNSS1,centred,0.25,R,peak,2022-01-03 22:30:00,,
speed_GNSS1,centred,0.25,R',T2,,,
speed_GNSS1,centred,0.25,R',T3,,,
speed_GNSS1,centred,0.25,R',T5,,,
speed_GNSS1,centred,0.25,R',CP,2022-01-03 20:45:00,2022-01-03 20:15:00,2022-01-03 21:00:00
speed_GNSS1,centred,0.25,R',peak,2022-01-03 22:30:00,,
speed_GNSS1,centred,0.5,R,T2,,,
speed_GNSS1,centred,0.5,R,T3,,,
speed_GNSS1,centred,0.5,R,T5,,,
speed_GNSS1,centred,0.5,R,CP,2022-01-04 23:45:00,2022-01-04 23:15:00,2022-01-04 23:45:00
speed_GNSS1,centred,0.5,R,peak,2022-01-05 00:45:00,,
speed_GNSS1,centred,0.5,R',T2,,,
speed_GNSS1,centred,0.5,R',T3,,,
speed_GNSS1,centred,0.5,R',T5,,,
speed_GNSS1,centred,0.5,R',CP,2022-01-04 23:45:00,2022-01-04 23:15:00,2022-01-04 23:45:00
speed_GNSS1,centred,0.5,R',peak,2022-01-05 00:45:00,,
speed_GNSS1,centred,1.0,R,T2,2022-01-03 09:15:00,,
speed_GNSS1,centred,1.0,R,T3,,,
speed_GNSS1,centred,1.0,R,T5,,,
speed_GNSS1,centred,1.0,R,CP,2022-01-04 22:45:00,2022-01-04 22:00:00,2022-01-04 23:15:00
speed_GNSS1,centred,1.0,R,peak,2022-01-05 00:30:00,,
speed_GNSS1,centred,1.0,R',T2,2022-01-03 09:30:00,,
speed_GNSS1,centred,1.0,R',T3,,,
speed_GNSS1,centred,1.0,R',T5,,,
speed_GNSS1,centred,1.0,R',CP,2022-01-04 22:45:00,2022-01-04 22:00:00,2022-01-04 23:15:00
speed_GNSS1,centred,1.0,R',peak,2022-01-05 00:30:00,,
speed_GNSS1,centred,3.0,R,T2,2022-01-03 14:30:00,,
speed_GNSS1,centred,3.0,R,T3,2022-01-03 15:30:00,,
speed_GNSS1,centred,3.0,R,T5,2022-01-03 17:30:00,,
speed_GNSS1,centred,3.0,R,CP,2022-01-03 12:30:00,2022-01-03 11:15:00,2022-01-03 13:15:00
speed_GNSS1,centred,3.0,R,peak,2022-01-03 19:00:00,,
speed_GNSS1,centred,3.0,R',T2,2022-01-03 15:30:00,,
speed_GNSS1,centred,3.0,R',T3,2022-01-03 16:30:00,,
speed_GNSS1,centred,3.0,R',T5,,,
speed_GNSS1,centred,3.0,R',CP,2022-01-03 12:30:00,2022-01-03 11:30:00,2022-01-03 13:15:00
speed_GNSS1,centred,3.0,R',peak,2022-01-03 19:00:00,,
speed_GNSS1,causal,0.25,R,T2,,,
speed_GNSS1,causal,0.25,R,T3,,,
speed_GNSS1,causal,0.25,R,T5,,,
speed_GNSS1,causal,0.25,R,CP,2022-01-02 21:15:00,2022-01-02 21:15:00,2022-01-02 21:15:00
speed_GNSS1,causal,0.25,R,peak,2022-01-02 22:15:00,,
speed_GNSS1,causal,0.25,R',T2,,,
speed_GNSS1,causal,0.25,R',T3,,,
speed_GNSS1,causal,0.25,R',T5,,,
speed_GNSS1,causal,0.25,R',CP,2022-01-02 21:15:00,2022-01-02 21:15:00,2022-01-02 21:15:00
speed_GNSS1,causal,0.25,R',peak,2022-01-02 22:15:00,,
speed_GNSS1,causal,0.5,R,T2,,,
speed_GNSS1,causal,0.5,R,T3,,,
speed_GNSS1,causal,0.5,R,T5,,,
speed_GNSS1,causal,0.5,R,CP,2022-01-03 21:15:00,2022-01-03 21:15:00,2022-01-03 21:15:00
speed_GNSS1,causal,0.5,R,peak,2022-01-03 22:15:00,,
speed_GNSS1,causal,0.5,R',T2,,,
speed_GNSS1,causal,0.5,R',T3,,,
speed_GNSS1,causal,0.5,R',T5,,,
speed_GNSS1,causal,0.5,R',CP,2022-01-03 21:15:00,2022-01-03 21:00:00,2022-01-03 21:15:00
speed_GNSS1,causal,0.5,R',peak,2022-01-03 22:15:00,,
speed_GNSS1,causal,1.0,R,T2,,,
speed_GNSS1,causal,1.0,R,T3,,,
speed_GNSS1,causal,1.0,R,T5,,,
speed_GNSS1,causal,1.0,R,CP,2022-01-03 21:15:00,2022-01-03 21:00:00,2022-01-03 21:15:00
speed_GNSS1,causal,1.0,R,peak,2022-01-03 22:15:00,,
speed_GNSS1,causal,1.0,R',T2,,,
speed_GNSS1,causal,1.0,R',T3,,,
speed_GNSS1,causal,1.0,R',T5,,,
speed_GNSS1,causal,1.0,R',CP,2022-01-03 21:15:00,2022-01-03 21:00:00,2022-01-03 21:15:00
speed_GNSS1,causal,1.0,R',peak,2022-01-03 22:15:00,,
speed_GNSS1,causal,3.0,R,T2,,,
speed_GNSS1,causal,3.0,R,T3,,,
speed_GNSS1,causal,3.0,R,T5,,,
speed_GNSS1,causal,3.0,R,CP,2022-01-03 21:15:00,2022-01-03 20:15:00,2022-01-03 21:15:00
speed_GNSS1,causal,3.0,R,peak,2022-01-03 22:15:00,,
speed_GNSS1,causal,3.0,R',T2,,,
speed_GNSS1,causal,3.0,R',T3,,,
speed_GNSS1,causal,3.0,R',T5,,,
speed_GNSS1,causal,3.0,R',CP,2022-01-03 21:15:00,2022-01-03 20:15:00,2022-01-03 21:15:00
speed_GNSS1,causal,3.0,R',peak,2022-01-03 22:15:00,,
speed_GNSS1,causal-robust,0.25,R,T2,,,
speed_GNSS1,causal-robust,0.25,R,T3,,,
speed_GNSS1,causal-robust,0.25,R,T5,,,
speed_GNSS1,causal-robust,0.25,R,CP,2022-01-03 21:30:00,2022-01-03 21:15:00,2022-01-03 21:30:00
speed_GNSS1,causal-robust,0.25,R,peak,2022-01-03 22:30:00,,
speed_GNSS1,causal-robust,0.25,R',T2,,,
speed_GNSS1,causal-robust,0.25,R',T3,,,
speed_GNSS1,causal-robust,0.25,R',T5,,,
speed_GNSS1,causal-robust,0.25,R',CP,2022-01-03 21:30:00,2022-01-03 21:15:00,2022-01-03 21:30:00
speed_GNSS1,causal-robust,0.25,R',peak,2022-01-03 22:30:00,,
speed_GNSS1,causal-robust,0.5,R,T2,,,
speed_GNSS1,causal-robust,0.5,R,T3,,,
speed_GNSS1,causal-robust,0.5,R,T5,,,
speed_GNSS1,causal-robust,0.5,R,CP,2022-01-03 21:15:00,2022-01-03 21:15:00,2022-01-03 21:15:00
speed_GNSS1,causal-robust,0.5,R,peak,2022-01-03 22:15:00,,
speed_GNSS1,causal-robust,0.5,R',T2,,,
speed_GNSS1,causal-robust,0.5,R',T3,,,
speed_GNSS1,causal-robust,0.5,R',T5,,,
speed_GNSS1,causal-robust,0.5,R',CP,2022-01-03 21:15:00,2022-01-03 21:15:00,2022-01-03 21:15:00
speed_GNSS1,causal-robust,0.5,R',peak,2022-01-03 22:15:00,,
speed_GNSS1,causal-robust,1.0,R,T2,,,
speed_GNSS1,causal-robust,1.0,R,T3,,,
speed_GNSS1,causal-robust,1.0,R,T5,,,
speed_GNSS1,causal-robust,1.0,R,CP,2022-01-03 21:00:00,2022-01-03 18:45:00,2022-01-03 21:00:00
speed_GNSS1,causal-robust,1.0,R,peak,2022-01-03 22:00:00,,
speed_GNSS1,causal-robust,1.0,R',T2,,,
speed_GNSS1,causal-robust,1.0,R',T3,,,
speed_GNSS1,causal-robust,1.0,R',T5,,,
speed_GNSS1,causal-robust,1.0,R',CP,2022-01-03 21:00:00,2022-01-03 19:00:00,2022-01-03 21:00:00
speed_GNSS1,causal-robust,1.0,R',peak,2022-01-03 22:00:00,,
speed_GNSS1,causal-robust,3.0,R,T2,2022-01-02 12:45:00,,
speed_GNSS1,causal-robust,3.0,R,T3,2022-01-03 11:30:00,,
speed_GNSS1,causal-robust,3.0,R,T5,,,
speed_GNSS1,causal-robust,3.0,R,CP,2022-01-03 10:30:00,2022-01-03 09:45:00,2022-01-03 10:45:00
speed_GNSS1,causal-robust,3.0,R,peak,2022-01-03 11:45:00,,
speed_GNSS1,causal-robust,3.0,R',T2,2022-01-03 11:15:00,,
speed_GNSS1,causal-robust,3.0,R',T3,2022-01-03 11:30:00,,
speed_GNSS1,causal-robust,3.0,R',T5,,,
speed_GNSS1,causal-robust,3.0,R',CP,2022-01-03 10:30:00,2022-01-03 09:45:00,2022-01-03 10:45:00
speed_GNSS1,causal-robust,3.0,R',peak,2022-01-03 11:45:00,,
speed_GNSS2,centred,0.25,R,T2,,,
speed_GNSS2,centred,0.25,R,T3,,,
speed_GNSS2,centred,0.25,R,T5,,,
speed_GNSS2,centred,0.25,R,CP,2022-01-03 20:15:00,2022-01-03 19:00:00,2022-01-03 21:00:00
speed_GNSS2,centred,0.25,R,peak,2022-01-03 22:30:00,,
speed_GNSS2,centred,0.25,R',T2,,,
speed_GNSS2,centred,0.25,R',T3,,,
speed_GNSS2,centred,0.25,R',T5,,,
speed_GNSS2,centred,0.25,R',CP,2022-01-03 20:15:00,2022-01-03 19:00:00,2022-01-03 21:00:00
speed_GNSS2,centred,0.25,R',peak,2022-01-03 22:30:00,,
speed_GNSS2,centred,0.5,R,T2,2022-01-03 10:00:00,,
speed_GNSS2,centred,0.5,R,T3,,,
speed_GNSS2,centred,0.5,R,T5,,,
speed_GNSS2,centred,0.5,R,CP,2022-01-03 09:15:00,2022-01-03 06:45:00,2022-01-03 09:30:00
speed_GNSS2,centred,0.5,R,peak,2022-01-03 10:30:00,,
speed_GNSS2,centred,0.5,R',T2,,,
speed_GNSS2,centred,0.5,R',T3,,,
speed_GNSS2,centred,0.5,R',T5,,,
speed_GNSS2,centred,0.5,R',CP,2022-01-03 09:15:00,2022-01-03 06:45:00,2022-01-03 09:30:00
speed_GNSS2,centred,0.5,R',peak,2022-01-03 10:30:00,,
speed_GNSS2,centred,1.0,R,T2,2022-01-02 10:30:00,,
speed_GNSS2,centred,1.0,R,T3,2022-01-02 10:45:00,,
speed_GNSS2,centred,1.0,R,T5,,,
speed_GNSS2,centred,1.0,R,CP,2022-01-03 07:15:00,2022-01-03 06:30:00,2022-01-03 08:15:00
speed_GNSS2,centred,1.0,R,peak,2022-01-03 10:15:00,,
speed_GNSS2,centred,1.0,R',T2,2022-01-02 10:45:00,,
speed_GNSS2,centred,1.0,R',T3,2022-01-03 09:30:00,,
speed_GNSS2,centred,1.0,R',T5,,,
speed_GNSS2,centred,1.0,R',CP,2022-01-03 07:30:00,2022-01-03 06:15:00,2022-01-03 08:15:00
speed_GNSS2,centred,1.0,R',peak,2022-01-03 10:15:00,,
speed_GNSS2,centred,3.0,R,T2,2022-01-02 10:30:00,,
speed_GNSS2,centred,3.0,R,T3,2022-01-02 12:00:00,,
speed_GNSS2,centred,3.0,R,T5,2022-01-03 09:45:00,,
speed_GNSS2,centred,3.0,R,CP,2022-01-02 04:30:00,2022-01-02 03:00:00,2022-01-02 06:00:00
speed_GNSS2,centred,3.0,R,peak,2022-01-03 18:45:00,,
speed_GNSS2,centred,3.0,R',T2,2022-01-02 10:45:00,,
speed_GNSS2,centred,3.0,R',T3,2022-01-02 12:00:00,,
speed_GNSS2,centred,3.0,R',T5,2022-01-03 09:45:00,,
speed_GNSS2,centred,3.0,R',CP,2022-01-02 04:30:00,2022-01-02 02:45:00,2022-01-02 06:00:00
speed_GNSS2,centred,3.0,R',peak,2022-01-03 18:45:00,,
speed_GNSS2,causal,0.25,R,T2,,,
speed_GNSS2,causal,0.25,R,T3,,,
speed_GNSS2,causal,0.25,R,T5,,,
speed_GNSS2,causal,0.25,R,CP,2022-01-03 21:30:00,2022-01-03 21:15:00,2022-01-03 21:30:00
speed_GNSS2,causal,0.25,R,peak,2022-01-03 22:30:00,,
speed_GNSS2,causal,0.25,R',T2,,,
speed_GNSS2,causal,0.25,R',T3,,,
speed_GNSS2,causal,0.25,R',T5,,,
speed_GNSS2,causal,0.25,R',CP,2022-01-03 21:30:00,2022-01-03 21:15:00,2022-01-03 21:30:00
speed_GNSS2,causal,0.25,R',peak,2022-01-03 22:30:00,,
speed_GNSS2,causal,0.5,R,T2,,,
speed_GNSS2,causal,0.5,R,T3,,,
speed_GNSS2,causal,0.5,R,T5,,,
speed_GNSS2,causal,0.5,R,CP,2022-01-03 21:15:00,2022-01-03 21:15:00,2022-01-03 21:15:00
speed_GNSS2,causal,0.5,R,peak,2022-01-03 22:15:00,,
speed_GNSS2,causal,0.5,R',T2,,,
speed_GNSS2,causal,0.5,R',T3,,,
speed_GNSS2,causal,0.5,R',T5,,,
speed_GNSS2,causal,0.5,R',CP,2022-01-03 21:15:00,2022-01-03 21:15:00,2022-01-03 21:15:00
speed_GNSS2,causal,0.5,R',peak,2022-01-03 22:15:00,,
speed_GNSS2,causal,1.0,R,T2,,,
speed_GNSS2,causal,1.0,R,T3,,,
speed_GNSS2,causal,1.0,R,T5,,,
speed_GNSS2,causal,1.0,R,CP,2022-01-03 21:15:00,2022-01-03 21:00:00,2022-01-03 21:15:00
speed_GNSS2,causal,1.0,R,peak,2022-01-03 22:15:00,,
speed_GNSS2,causal,1.0,R',T2,,,
speed_GNSS2,causal,1.0,R',T3,,,
speed_GNSS2,causal,1.0,R',T5,,,
speed_GNSS2,causal,1.0,R',CP,2022-01-03 21:15:00,2022-01-03 21:00:00,2022-01-03 21:15:00
speed_GNSS2,causal,1.0,R',peak,2022-01-03 22:15:00,,
speed_GNSS2,causal,3.0,R,T2,,,
speed_GNSS2,causal,3.0,R,T3,,,
speed_GNSS2,causal,3.0,R,T5,,,
speed_GNSS2,causal,3.0,R,CP,2022-01-03 21:00:00,2022-01-03 19:00:00,2022-01-03 21:15:00
speed_GNSS2,causal,3.0,R,peak,2022-01-03 22:15:00,,
speed_GNSS2,causal,3.0,R',T2,,,
speed_GNSS2,causal,3.0,R',T3,,,
speed_GNSS2,causal,3.0,R',T5,,,
speed_GNSS2,causal,3.0,R',CP,2022-01-03 21:00:00,2022-01-03 19:00:00,2022-01-03 21:15:00
speed_GNSS2,causal,3.0,R',peak,2022-01-03 22:15:00,,
speed_GNSS2,causal-robust,0.25,R,T2,,,
speed_GNSS2,causal-robust,0.25,R,T3,,,
speed_GNSS2,causal-robust,0.25,R,T5,,,
speed_GNSS2,causal-robust,0.25,R,CP,2022-01-03 21:30:00,2022-01-03 21:30:00,2022-01-03 21:30:00
speed_GNSS2,causal-robust,0.25,R,peak,2022-01-03 22:30:00,,
speed_GNSS2,causal-robust,0.25,R',T2,,,
speed_GNSS2,causal-robust,0.25,R',T3,,,
speed_GNSS2,causal-robust,0.25,R',T5,,,
speed_GNSS2,causal-robust,0.25,R',CP,2022-01-03 21:30:00,2022-01-03 21:30:00,2022-01-03 21:30:00
speed_GNSS2,causal-robust,0.25,R',peak,2022-01-03 22:30:00,,
speed_GNSS2,causal-robust,0.5,R,T2,,,
speed_GNSS2,causal-robust,0.5,R,T3,,,
speed_GNSS2,causal-robust,0.5,R,T5,,,
speed_GNSS2,causal-robust,0.5,R,CP,2022-01-03 21:15:00,2022-01-03 21:00:00,2022-01-03 21:15:00
speed_GNSS2,causal-robust,0.5,R,peak,2022-01-03 22:15:00,,
speed_GNSS2,causal-robust,0.5,R',T2,,,
speed_GNSS2,causal-robust,0.5,R',T3,,,
speed_GNSS2,causal-robust,0.5,R',T5,,,
speed_GNSS2,causal-robust,0.5,R',CP,2022-01-03 21:15:00,2022-01-03 21:00:00,2022-01-03 21:15:00
speed_GNSS2,causal-robust,0.5,R',peak,2022-01-03 22:15:00,,
speed_GNSS2,causal-robust,1.0,R,T2,2022-01-03 10:45:00,,
speed_GNSS2,causal-robust,1.0,R,T3,,,
speed_GNSS2,causal-robust,1.0,R,T5,,,
speed_GNSS2,causal-robust,1.0,R,CP,2022-01-03 08:15:00,2022-01-03 07:15:00,2022-01-03 10:30:00
speed_GNSS2,causal-robust,1.0,R,peak,2022-01-03 11:45:00,,
speed_GNSS2,causal-robust,1.0,R',T2,2022-01-03 11:00:00,,
speed_GNSS2,causal-robust,1.0,R',T3,,,
speed_GNSS2,causal-robust,1.0,R',T5,,,
speed_GNSS2,causal-robust,1.0,R',CP,2022-01-03 08:15:00,2022-01-03 07:15:00,2022-01-03 10:30:00
speed_GNSS2,causal-robust,1.0,R',peak,2022-01-03 11:45:00,,
speed_GNSS2,causal-robust,3.0,R,T2,2022-01-02 12:15:00,,
speed_GNSS2,causal-robust,3.0,R,T3,2022-01-02 12:30:00,,
speed_GNSS2,causal-robust,3.0,R,T5,2022-01-03 11:30:00,,
speed_GNSS2,causal-robust,3.0,R,CP,2022-01-03 10:00:00,2022-01-03 09:00:00,2022-01-03 10:30:00
speed_GNSS2,causal-robust,3.0,R,peak,2022-01-03 12:00:00,,
speed_GNSS2,causal-robust,3.0,R',T2,2022-01-02 12:15:00,,
speed_GNSS2,causal-robust,3.0,R',T3,2022-01-02 12:30:00,,
speed_GNSS2,causal-robust,3.0,R',T5,2022-01-03 11:15:00,,
speed_GNSS2,causal-robust,3.0,R',CP,2022-01-03 10:00:00,2022-01-03 09:00:00,2022-01-03 10:30:00
speed_GNSS2,causal-robust,3.0,R',peak,2022-01-03 12:00:00,,
accel_GNSS1,centred,0.25,R,T2,,,
accel_GNSS1,centred,0.25,R,T3,,,
accel_GNSS1,centred,0.25,R,T5,,,
accel_GNSS1,centred,0.25,R,CP,2022-01-03 20:45:00,2022-01-03 19:15:00,2022-01-03 20:45:00
accel_GNSS1,centred,0.25,R,peak,2022-01-03 21:45:00,,
accel_GNSS1,centred,0.25,R',T2,,,
accel_GNSS1,centred,0.25,R',T3,,,
accel_GNSS1,centred,0.25,R',T5,,,
accel_GNSS1,centred,0.25,R',CP,2022-01-03 20:45:00,2022-01-03 19:30:00,2022-01-03 20:45:00
accel_GNSS1,centred,0.25,R',peak,2022-01-03 21:45:00,,
accel_GNSS1,centred,0.5,R,T2,,,
accel_GNSS1,centred,0.5,R,T3,,,
accel_GNSS1,centred,0.5,R,T5,,,
accel_GNSS1,centred,0.5,R,CP,2022-01-04 23:30:00,2022-01-04 23:15:00,2022-01-04 23:30:00
accel_GNSS1,centred,0.5,R,peak,2022-01-05 00:30:00,,
accel_GNSS1,centred,0.5,R',T2,,,
accel_GNSS1,centred,0.5,R',T3,,,
accel_GNSS1,centred,0.5,R',T5,,,
accel_GNSS1,centred,0.5,R',CP,2022-01-04 23:30:00,2022-01-04 23:15:00,2022-01-04 23:30:00
accel_GNSS1,centred,0.5,R',peak,2022-01-05 00:30:00,,
accel_GNSS1,centred,1.0,R,T2,,,
accel_GNSS1,centred,1.0,R,T3,,,
accel_GNSS1,centred,1.0,R,T5,,,
accel_GNSS1,centred,1.0,R,CP,2022-01-05 03:15:00,2022-01-05 02:45:00,2022-01-05 03:15:00
accel_GNSS1,centred,1.0,R,peak,2022-01-05 04:15:00,,
accel_GNSS1,centred,1.0,R',T2,,,
accel_GNSS1,centred,1.0,R',T3,,,
accel_GNSS1,centred,1.0,R',T5,,,
accel_GNSS1,centred,1.0,R',CP,2022-01-05 03:15:00,2022-01-05 02:45:00,2022-01-05 03:15:00
accel_GNSS1,centred,1.0,R',peak,2022-01-05 04:15:00,,
accel_GNSS1,centred,3.0,R,T2,2022-01-03 15:30:00,,
accel_GNSS1,centred,3.0,R,T3,,,
accel_GNSS1,centred,3.0,R,T5,,,
accel_GNSS1,centred,3.0,R,CP,2022-01-03 13:30:00,2022-01-03 12:45:00,2022-01-03 14:00:00
accel_GNSS1,centred,3.0,R,peak,2022-01-03 16:45:00,,
accel_GNSS1,centred,3.0,R',T2,2022-01-03 15:30:00,,
accel_GNSS1,centred,3.0,R',T3,,,
accel_GNSS1,centred,3.0,R',T5,,,
accel_GNSS1,centred,3.0,R',CP,2022-01-03 13:30:00,2022-01-03 12:45:00,2022-01-03 14:00:00
accel_GNSS1,centred,3.0,R',peak,2022-01-03 16:45:00,,
accel_GNSS1,causal,0.25,R,T2,,,
accel_GNSS1,causal,0.25,R,T3,,,
accel_GNSS1,causal,0.25,R,T5,,,
accel_GNSS1,causal,0.25,R,CP,2022-01-02 21:15:00,2022-01-02 21:00:00,2022-01-02 21:15:00
accel_GNSS1,causal,0.25,R,peak,2022-01-02 22:15:00,,
accel_GNSS1,causal,0.25,R',T2,,,
accel_GNSS1,causal,0.25,R',T3,,,
accel_GNSS1,causal,0.25,R',T5,,,
accel_GNSS1,causal,0.25,R',CP,2022-01-02 21:15:00,2022-01-02 21:00:00,2022-01-02 21:15:00
accel_GNSS1,causal,0.25,R',peak,2022-01-02 22:15:00,,
accel_GNSS1,causal,0.5,R,T2,,,
accel_GNSS1,causal,0.5,R,T3,,,
accel_GNSS1,causal,0.5,R,T5,,,
accel_GNSS1,causal,0.5,R,CP,2022-01-03 21:15:00,2022-01-03 20:45:00,2022-01-03 21:15:00
accel_GNSS1,causal,0.5,R,peak,2022-01-03 22:15:00,,
accel_GNSS1,causal,0.5,R',T2,,,
accel_GNSS1,causal,0.5,R',T3,,,
accel_GNSS1,causal,0.5,R',T5,,,
accel_GNSS1,causal,0.5,R',CP,2022-01-03 21:15:00,2022-01-03 20:30:00,2022-01-03 21:15:00
accel_GNSS1,causal,0.5,R',peak,2022-01-03 22:15:00,,
accel_GNSS1,causal,1.0,R,T2,,,
accel_GNSS1,causal,1.0,R,T3,,,
accel_GNSS1,causal,1.0,R,T5,,,
accel_GNSS1,causal,1.0,R,CP,2022-01-03 21:15:00,2022-01-03 20:45:00,2022-01-03 21:15:00
accel_GNSS1,causal,1.0,R,peak,2022-01-03 22:15:00,,
accel_GNSS1,causal,1.0,R',T2,,,
accel_GNSS1,causal,1.0,R',T3,,,
accel_GNSS1,causal,1.0,R',T5,,,
accel_GNSS1,causal,1.0,R',CP,2022-01-03 21:15:00,2022-01-03 20:45:00,2022-01-03 21:15:00
accel_GNSS1,causal,1.0,R',peak,2022-01-03 22:15:00,,
accel_GNSS1,causal,3.0,R,T2,,,
accel_GNSS1,causal,3.0,R,T3,,,
accel_GNSS1,causal,3.0,R,T5,,,
accel_GNSS1,causal,3.0,R,CP,2022-01-03 21:00:00,2022-01-03 19:45:00,2022-01-03 21:15:00
accel_GNSS1,causal,3.0,R,peak,2022-01-03 22:15:00,,
accel_GNSS1,causal,3.0,R',T2,,,
accel_GNSS1,causal,3.0,R',T3,,,
accel_GNSS1,causal,3.0,R',T5,,,
accel_GNSS1,causal,3.0,R',CP,2022-01-03 21:00:00,2022-01-03 20:00:00,2022-01-03 21:15:00
accel_GNSS1,causal,3.0,R',peak,2022-01-03 22:15:00,,
accel_GNSS1,causal-robust,0.25,R,T2,,,
accel_GNSS1,causal-robust,0.25,R,T3,,,
accel_GNSS1,causal-robust,0.25,R,T5,,,
accel_GNSS1,causal-robust,0.25,R,CP,2022-01-03 21:30:00,2022-01-03 21:00:00,2022-01-03 21:30:00
accel_GNSS1,causal-robust,0.25,R,peak,2022-01-03 22:30:00,,
accel_GNSS1,causal-robust,0.25,R',T2,,,
accel_GNSS1,causal-robust,0.25,R',T3,,,
accel_GNSS1,causal-robust,0.25,R',T5,,,
accel_GNSS1,causal-robust,0.25,R',CP,2022-01-03 21:30:00,2022-01-03 21:00:00,2022-01-03 21:30:00
accel_GNSS1,causal-robust,0.25,R',peak,2022-01-03 22:30:00,,
accel_GNSS1,causal-robust,0.5,R,T2,,,
accel_GNSS1,causal-robust,0.5,R,T3,,,
accel_GNSS1,causal-robust,0.5,R,T5,,,
accel_GNSS1,causal-robust,0.5,R,CP,2022-01-03 21:15:00,2022-01-03 21:00:00,2022-01-03 21:15:00
accel_GNSS1,causal-robust,0.5,R,peak,2022-01-03 22:15:00,,
accel_GNSS1,causal-robust,0.5,R',T2,,,
accel_GNSS1,causal-robust,0.5,R',T3,,,
accel_GNSS1,causal-robust,0.5,R',T5,,,
accel_GNSS1,causal-robust,0.5,R',CP,2022-01-03 21:15:00,2022-01-03 21:00:00,2022-01-03 21:15:00
accel_GNSS1,causal-robust,0.5,R',peak,2022-01-03 22:15:00,,
accel_GNSS1,causal-robust,1.0,R,T2,,,
accel_GNSS1,causal-robust,1.0,R,T3,,,
accel_GNSS1,causal-robust,1.0,R,T5,,,
accel_GNSS1,causal-robust,1.0,R,CP,2022-01-05 00:15:00,2022-01-04 23:45:00,2022-01-05 00:30:00
accel_GNSS1,causal-robust,1.0,R,peak,2022-01-05 01:30:00,,
accel_GNSS1,causal-robust,1.0,R',T2,,,
accel_GNSS1,causal-robust,1.0,R',T3,,,
accel_GNSS1,causal-robust,1.0,R',T5,,,
accel_GNSS1,causal-robust,1.0,R',CP,2022-01-05 00:15:00,2022-01-04 23:45:00,2022-01-05 00:30:00
accel_GNSS1,causal-robust,1.0,R',peak,2022-01-05 01:30:00,,
accel_GNSS1,causal-robust,3.0,R,T2,2022-01-02 12:45:00,,
accel_GNSS1,causal-robust,3.0,R,T3,2022-01-03 11:15:00,,
accel_GNSS1,causal-robust,3.0,R,T5,,,
accel_GNSS1,causal-robust,3.0,R,CP,2022-01-03 09:30:00,2022-01-03 08:15:00,2022-01-03 10:00:00
accel_GNSS1,causal-robust,3.0,R,peak,2022-01-03 11:45:00,,
accel_GNSS1,causal-robust,3.0,R',T2,2022-01-02 12:45:00,,
accel_GNSS1,causal-robust,3.0,R',T3,2022-01-03 11:00:00,,
accel_GNSS1,causal-robust,3.0,R',T5,,,
accel_GNSS1,causal-robust,3.0,R',CP,2022-01-03 09:30:00,2022-01-03 08:15:00,2022-01-03 10:00:00
accel_GNSS1,causal-robust,3.0,R',peak,2022-01-03 11:45:00,,
