basal,endpoint,proc,h,ref,rule,lead_h,d_h,lead_minus_d_h
level,speed_GNSS1,centred,0.25,R,T2,,0.0,
level,speed_GNSS1,centred,0.25,R,T3,,0.0,
level,speed_GNSS1,centred,0.25,R,T5,,0.0,
level,speed_GNSS1,centred,0.25,R,CP,16.0,0.0,16.0
level,speed_GNSS1,centred,0.25,R,peak,-0.25,0.0,-0.25
level,speed_GNSS1,centred,0.25,R',T2,,0.0,
level,speed_GNSS1,centred,0.25,R',T3,,0.0,
level,speed_GNSS1,centred,0.25,R',T5,,0.0,
level,speed_GNSS1,centred,0.25,R',CP,16.5,0.0,16.5
level,speed_GNSS1,centred,0.25,R',peak,-0.25,0.0,-0.25
level,speed_GNSS1,centred,0.5,R,T2,,0.0,
level,speed_GNSS1,centred,0.5,R,T3,,0.0,
level,speed_GNSS1,centred,0.5,R,T5,,0.0,
level,speed_GNSS1,centred,0.5,R,CP,42.75,0.0,42.75
level,speed_GNSS1,centred,0.5,R,peak,26.5,0.0,26.5
level,speed_GNSS1,centred,0.5,R',T2,,0.0,
level,speed_GNSS1,centred,0.5,R',T3,,0.0,
level,speed_GNSS1,centred,0.5,R',T5,,0.0,
level,speed_GNSS1,centred,0.5,R',CP,43.25,0.0,43.25
level,speed_GNSS1,centred,0.5,R',peak,26.5,0.0,26.5
level,speed_GNSS1,centred,1.0,R,T2,-16.5,0.0,-16.5
level,speed_GNSS1,centred,1.0,R,T3,5.25,0.0,5.25
level,speed_GNSS1,centred,1.0,R,T5,,0.0,
level,speed_GNSS1,centred,1.0,R,CP,2.25,0.0,2.25
level,speed_GNSS1,centred,1.0,R,peak,-11.5,0.0,-11.5
level,speed_GNSS1,centred,1.0,R',T2,7.5,0.0,7.5
level,speed_GNSS1,centred,1.0,R',T3,,0.0,
level,speed_GNSS1,centred,1.0,R',T5,,0.0,
level,speed_GNSS1,centred,1.0,R',CP,3.0,0.0,3.0
level,speed_GNSS1,centred,1.0,R',peak,-11.5,0.0,-11.5
level,speed_GNSS1,centred,3.0,R,T2,3.5,0.0,3.5
level,speed_GNSS1,centred,3.0,R,T3,3.0,0.0,3.0
level,speed_GNSS1,centred,3.0,R,T5,11.5,0.0,11.5
level,speed_GNSS1,centred,3.0,R,CP,-21.25,0.0,-21.25
level,speed_GNSS1,centred,3.0,R,peak,-1.25,0.0,-1.25
level,speed_GNSS1,centred,3.0,R',T2,-16.0,0.0,-16.0
level,speed_GNSS1,centred,3.0,R',T3,5.0,0.0,5.0
level,speed_GNSS1,centred,3.0,R',T5,5.0,0.0,5.0
level,speed_GNSS1,centred,3.0,R',CP,-22.25,0.0,-22.25
level,speed_GNSS1,centred,3.0,R',peak,-1.25,0.0,-1.25
level,speed_GNSS1,causal,0.25,R,T2,,0.75,
level,speed_GNSS1,causal,0.25,R,T3,,0.75,
level,speed_GNSS1,causal,0.25,R,T5,,0.75,
level,speed_GNSS1,causal,0.25,R,CP,-7.5,0.75,-8.25
level,speed_GNSS1,causal,0.25,R,peak,-24.75,0.75,-25.5
level,speed_GNSS1,causal,0.25,R',T2,,0.75,
level,speed_GNSS1,causal,0.25,R',T3,,0.75,
level,speed_GNSS1,causal,0.25,R',T5,,0.75,
level,speed_GNSS1,causal,0.25,R',CP,-7.0,0.75,-7.75
level,speed_GNSS1,causal,0.25,R',peak,-24.75,0.75,-25.5
level,speed_GNSS1,causal,0.5,R,T2,,5.75,
level,speed_GNSS1,causal,0.5,R,T3,,5.75,
level,speed_GNSS1,causal,0.5,R,T5,,5.75,
level,speed_GNSS1,causal,0.5,R,CP,16.5,5.75,10.75
level,speed_GNSS1,causal,0.5,R,peak,-0.75,5.75,-6.5
level,speed_GNSS1,causal,0.5,R',T2,,5.75,
level,speed_GNSS1,causal,0.5,R',T3,,5.75,
level,speed_GNSS1,causal,0.5,R',T5,,5.75,
level,speed_GNSS1,causal,0.5,R',CP,17.0,5.75,11.25
level,speed_GNSS1,causal,0.5,R',peak,-0.75,5.75,-6.5
level,speed_GNSS1,causal,1.0,R,T2,,7.5,
level,speed_GNSS1,causal,1.0,R,T3,,7.5,
level,speed_GNSS1,causal,1.0,R,T5,,7.5,
level,speed_GNSS1,causal,1.0,R,CP,16.25,7.5,8.75
level,speed_GNSS1,causal,1.0,R,peak,-0.75,7.5,-8.25
level,speed_GNSS1,causal,1.0,R',T2,,7.5,
level,speed_GNSS1,causal,1.0,R',T3,,7.5,
level,speed_GNSS1,causal,1.0,R',T5,,7.5,
level,speed_GNSS1,causal,1.0,R',CP,16.75,7.5,9.25
level,speed_GNSS1,causal,1.0,R',peak,-0.75,7.5,-8.25
level,speed_GNSS1,causal,3.0,R,T2,,2.5,
level,speed_GNSS1,causal,3.0,R,T3,,2.5,
level,speed_GNSS1,causal,3.0,R,T5,,2.5,
level,speed_GNSS1,causal,3.0,R,CP,16.0,2.5,13.5
level,speed_GNSS1,causal,3.0,R,peak,-1.0,2.5,-3.5
level,speed_GNSS1,causal,3.0,R',T2,,2.5,
level,speed_GNSS1,causal,3.0,R',T3,,2.5,
level,speed_GNSS1,causal,3.0,R',T5,,2.5,
level,speed_GNSS1,causal,3.0,R',CP,16.5,2.5,14.0
level,speed_GNSS1,causal,3.0,R',peak,-1.0,2.5,-3.5
level,speed_GNSS1,causal-robust,0.25,R,T2,,2.25,
level,speed_GNSS1,causal-robust,0.25,R,T3,,2.25,
level,speed_GNSS1,causal-robust,0.25,R,T5,,2.25,
level,speed_GNSS1,causal-robust,0.25,R,CP,16.75,2.25,14.5
level,speed_GNSS1,causal-robust,0.25,R,peak,-0.5,2.25,-2.75
level,speed_GNSS1,causal-robust,0.25,R',T2,,2.25,
level,speed_GNSS1,causal-robust,0.25,R',T3,,2.25,
level,speed_GNSS1,causal-robust,0.25,R',T5,,2.25,
level,speed_GNSS1,causal-robust,0.25,R',CP,17.25,2.25,15.0
level,speed_GNSS1,causal-robust,0.25,R',peak,-0.5,2.25,-2.75
level,speed_GNSS1,causal-robust,0.5,R,T2,,8.5,
level,speed_GNSS1,causal-robust,0.5,R,T3,,8.5,
level,speed_GNSS1,causal-robust,0.5,R,T5,,8.5,
level,speed_GNSS1,causal-robust,0.5,R,CP,16.5,8.5,8.0
level,speed_GNSS1,causal-robust,0.5,R,peak,-0.75,8.5,-9.25
level,speed_GNSS1,causal-robust,0.5,R',T2,,8.5,
level,speed_GNSS1,causal-robust,0.5,R',T3,,8.5,
level,speed_GNSS1,causal-robust,0.5,R',T5,,8.5,
level,speed_GNSS1,causal-robust,0.5,R',CP,17.0,8.5,8.5
level,speed_GNSS1,causal-robust,0.5,R',peak,-0.75,8.5,-9.25
level,speed_GNSS1,causal-robust,1.0,R,T2,,3.25,
level,speed_GNSS1,causal-robust,1.0,R,T3,,3.25,
level,speed_GNSS1,causal-robust,1.0,R,T5,,3.25,
level,speed_GNSS1,causal-robust,1.0,R,CP,16.0,3.25,12.75
level,speed_GNSS1,causal-robust,1.0,R,peak,-1.0,3.25,-4.25
level,speed_GNSS1,causal-robust,1.0,R',T2,,3.25,
level,speed_GNSS1,causal-robust,1.0,R',T3,,3.25,
level,speed_GNSS1,causal-robust,1.0,R',T5,,3.25,
level,speed_GNSS1,causal-robust,1.0,R',CP,16.5,3.25,13.25
level,speed_GNSS1,causal-robust,1.0,R',peak,-1.0,3.25,-4.25
level,speed_GNSS1,causal-robust,3.0,R,T2,-15.0,3.375,-18.375
level,speed_GNSS1,causal-robust,3.0,R,T3,7.0,3.375,3.625
level,speed_GNSS1,causal-robust,3.0,R,T5,,3.375,
level,speed_GNSS1,causal-robust,3.0,R,CP,4.75,3.375,1.375
level,speed_GNSS1,causal-robust,3.0,R,peak,-11.5,3.375,-14.875
level,speed_GNSS1,causal-robust,3.0,R',T2,-13.75,3.375,-17.125
level,speed_GNSS1,causal-robust,3.0,R',T3,8.25,3.375,4.875
level,speed_GNSS1,causal-robust,3.0,R',T5,8.0,3.375,4.625
level,speed_GNSS1,causal-robust,3.0,R',CP,5.25,3.375,1.875
level,speed_GNSS1,causal-robust,3.0,R',peak,-11.5,3.375,-14.875
level,accel_GNSS1,centred,0.25,R,T2,,0.0,
level,accel_GNSS1,centred,0.25,R,T3,,0.0,
level,accel_GNSS1,centred,0.25,R,T5,,0.0,
level,accel_GNSS1,centred,0.25,R,CP,16.0,0.0,16.0
level,accel_GNSS1,centred,0.25,R,peak,-1.0,0.0,-1.0
level,accel_GNSS1,centred,0.25,R',T2,,0.0,
level,accel_GNSS1,centred,0.25,R',T3,,0.0,
level,accel_GNSS1,centred,0.25,R',T5,,0.0,
level,accel_GNSS1,centred,0.25,R',CP,16.5,0.0,16.5
level,accel_GNSS1,centred,0.25,R',peak,-1.0,0.0,-1.0
level,accel_GNSS1,centred,0.5,R,T2,,0.0,
level,accel_GNSS1,centred,0.5,R,T3,,0.0,
level,accel_GNSS1,centred,0.5,R,T5,,0.0,
level,accel_GNSS1,centred,0.5,R,CP,42.75,0.0,42.75
level,accel_GNSS1,centred,0.5,R,peak,26.25,0.0,26.25
level,accel_GNSS1,centred,0.5,R',T2,,0.0,
level,accel_GNSS1,centred,0.5,R',T3,,0.0,
level,accel_GNSS1,centred,0.5,R',T5,,0.0,
level,accel_GNSS1,centred,0.5,R',CP,43.25,0.0,43.25
level,accel_GNSS1,centred,0.5,R',peak,26.25,0.0,26.25
level,accel_GNSS1,centred,1.0,R,T2,,0.0,
level,accel_GNSS1,centred,1.0,R,T3,,0.0,
level,accel_GNSS1,centred,1.0,R,T5,,0.0,
level,accel_GNSS1,centred,1.0,R,CP,46.25,0.0,46.25
level,accel_GNSS1,centred,1.0,R,peak,30.25,0.0,30.25
level,accel_GNSS1,centred,1.0,R',T2,,0.0,
level,accel_GNSS1,centred,1.0,R',T3,,0.0,
level,accel_GNSS1,centred,1.0,R',T5,,0.0,
level,accel_GNSS1,centred,1.0,R',CP,47.0,0.0,47.0
level,accel_GNSS1,centred,1.0,R',peak,30.25,0.0,30.25
level,accel_GNSS1,centred,3.0,R,T2,-21.75,0.0,-21.75
level,accel_GNSS1,centred,3.0,R,T3,2.5,0.0,2.5
level,accel_GNSS1,centred,3.0,R,T5,,0.0,
level,accel_GNSS1,centred,3.0,R,CP,2.25,0.0,2.25
level,accel_GNSS1,centred,3.0,R,peak,-13.0,0.0,-13.0
level,accel_GNSS1,centred,3.0,R',T2,-21.25,0.0,-21.25
level,accel_GNSS1,centred,3.0,R',T3,-21.25,0.0,-21.25
level,accel_GNSS1,centred,3.0,R',T5,-22.0,0.0,-22.0
level,accel_GNSS1,centred,3.0,R',CP,3.0,0.0,3.0
level,accel_GNSS1,centred,3.0,R',peak,-13.0,0.0,-13.0
level,accel_GNSS1,causal,0.25,R,T2,,0.75,
level,accel_GNSS1,causal,0.25,R,T3,,0.75,
level,accel_GNSS1,causal,0.25,R,T5,,0.75,
level,accel_GNSS1,causal,0.25,R,CP,-7.5,0.75,-8.25
level,accel_GNSS1,causal,0.25,R,peak,-24.75,0.75,-25.5
level,accel_GNSS1,causal,0.25,R',T2,,0.75,
level,accel_GNSS1,causal,0.25,R',T3,,0.75,
level,accel_GNSS1,causal,0.25,R',T5,,0.75,
level,accel_GNSS1,causal,0.25,R',CP,-7.0,0.75,-7.75
level,accel_GNSS1,causal,0.25,R',peak,-24.75,0.75,-25.5
level,accel_GNSS1,causal,0.5,R,T2,,5.75,
level,accel_GNSS1,causal,0.5,R,T3,,5.75,
level,accel_GNSS1,causal,0.5,R,T5,,5.75,
level,accel_GNSS1,causal,0.5,R,CP,16.5,5.75,10.75
level,accel_GNSS1,causal,0.5,R,peak,-0.75,5.75,-6.5
level,accel_GNSS1,causal,0.5,R',T2,,5.75,
level,accel_GNSS1,causal,0.5,R',T3,,5.75,
level,accel_GNSS1,causal,0.5,R',T5,,5.75,
level,accel_GNSS1,causal,0.5,R',CP,17.0,5.75,11.25
level,accel_GNSS1,causal,0.5,R',peak,-0.75,5.75,-6.5
level,accel_GNSS1,causal,1.0,R,T2,,7.5,
level,accel_GNSS1,causal,1.0,R,T3,,7.5,
level,accel_GNSS1,causal,1.0,R,T5,,7.5,
level,accel_GNSS1,causal,1.0,R,CP,16.25,7.5,8.75
level,accel_GNSS1,causal,1.0,R,peak,-0.75,7.5,-8.25
level,accel_GNSS1,causal,1.0,R',T2,,7.5,
level,accel_GNSS1,causal,1.0,R',T3,,7.5,
level,accel_GNSS1,causal,1.0,R',T5,,7.5,
level,accel_GNSS1,causal,1.0,R',CP,16.75,7.5,9.25
level,accel_GNSS1,causal,1.0,R',peak,-0.75,7.5,-8.25
level,accel_GNSS1,causal,3.0,R,T2,,2.5,
level,accel_GNSS1,causal,3.0,R,T3,,2.5,
level,accel_GNSS1,causal,3.0,R,T5,,2.5,
level,accel_GNSS1,causal,3.0,R,CP,15.75,2.5,13.25
level,accel_GNSS1,causal,3.0,R,peak,-1.0,2.5,-3.5
level,accel_GNSS1,causal,3.0,R',T2,,2.5,
level,accel_GNSS1,causal,3.0,R',T3,,2.5,
level,accel_GNSS1,causal,3.0,R',T5,,2.5,
level,accel_GNSS1,causal,3.0,R',CP,16.25,2.5,13.75
level,accel_GNSS1,causal,3.0,R',peak,-1.0,2.5,-3.5
level,accel_GNSS1,causal-robust,0.25,R,T2,,2.25,
level,accel_GNSS1,causal-robust,0.25,R,T3,,2.25,
level,accel_GNSS1,causal-robust,0.25,R,T5,,2.25,
level,accel_GNSS1,causal-robust,0.25,R,CP,16.75,2.25,14.5
level,accel_GNSS1,causal-robust,0.25,R,peak,-0.5,2.25,-2.75
level,accel_GNSS1,causal-robust,0.25,R',T2,,2.25,
level,accel_GNSS1,causal-robust,0.25,R',T3,,2.25,
level,accel_GNSS1,causal-robust,0.25,R',T5,,2.25,
level,accel_GNSS1,causal-robust,0.25,R',CP,17.25,2.25,15.0
level,accel_GNSS1,causal-robust,0.25,R',peak,-0.5,2.25,-2.75
level,accel_GNSS1,causal-robust,0.5,R,T2,,8.5,
level,accel_GNSS1,causal-robust,0.5,R,T3,,8.5,
level,accel_GNSS1,causal-robust,0.5,R,T5,,8.5,
level,accel_GNSS1,causal-robust,0.5,R,CP,16.5,8.5,8.0
level,accel_GNSS1,causal-robust,0.5,R,peak,-0.75,8.5,-9.25
level,accel_GNSS1,causal-robust,0.5,R',T2,,8.5,
level,accel_GNSS1,causal-robust,0.5,R',T3,,8.5,
level,accel_GNSS1,causal-robust,0.5,R',T5,,8.5,
level,accel_GNSS1,causal-robust,0.5,R',CP,17.0,8.5,8.5
level,accel_GNSS1,causal-robust,0.5,R',peak,-0.75,8.5,-9.25
level,accel_GNSS1,causal-robust,1.0,R,T2,,3.25,
level,accel_GNSS1,causal-robust,1.0,R,T3,,3.25,
level,accel_GNSS1,causal-robust,1.0,R,T5,,3.25,
level,accel_GNSS1,causal-robust,1.0,R,CP,43.25,3.25,40.0
level,accel_GNSS1,causal-robust,1.0,R,peak,26.5,3.25,23.25
level,accel_GNSS1,causal-robust,1.0,R',T2,,3.25,
level,accel_GNSS1,causal-robust,1.0,R',T3,,3.25,
level,accel_GNSS1,causal-robust,1.0,R',T5,,3.25,
level,accel_GNSS1,causal-robust,1.0,R',CP,43.75,3.25,40.5
level,accel_GNSS1,causal-robust,1.0,R',peak,26.5,3.25,23.25
level,accel_GNSS1,causal-robust,3.0,R,T2,7.0,3.375,3.625
level,accel_GNSS1,causal-robust,3.0,R,T3,6.75,3.375,3.375
level,accel_GNSS1,causal-robust,3.0,R,T5,,3.375,
level,accel_GNSS1,causal-robust,3.0,R,CP,3.5,3.375,0.125
level,accel_GNSS1,causal-robust,3.0,R,peak,-11.5,3.375,-14.875
level,accel_GNSS1,causal-robust,3.0,R',T2,-25.5,3.375,-28.875
level,accel_GNSS1,causal-robust,3.0,R',T3,8.0,3.375,4.625
level,accel_GNSS1,causal-robust,3.0,R',T5,,3.375,
level,accel_GNSS1,causal-robust,3.0,R',CP,3.75,3.375,0.375
level,accel_GNSS1,causal-robust,3.0,R',peak,-11.5,3.375,-14.875
level,speed_GNSS2,centred,0.25,R,T2,,0.0,
level,speed_GNSS2,centred,0.25,R,T3,,0.0,
level,speed_GNSS2,centred,0.25,R,T5,,0.0,
level,speed_GNSS2,centred,0.25,R,CP,15.5,0.0,15.5
level,speed_GNSS2,centred,0.25,R,peak,-0.25,0.0,-0.25
level,speed_GNSS2,centred,0.25,R',T2,,0.0,
level,speed_GNSS2,centred,0.25,R',T3,,0.0,
level,speed_GNSS2,centred,0.25,R',T5,,0.0,
level,speed_GNSS2,centred,0.25,R',CP,16.0,0.0,16.0
level,speed_GNSS2,centred,0.25,R',peak,-0.25,0.0,-0.25
level,speed_GNSS2,centred,0.5,R,T2,6.75,0.0,6.75
level,speed_GNSS2,centred,0.5,R,T3,,0.0,
level,speed_GNSS2,centred,0.5,R,T5,,0.0,
level,speed_GNSS2,centred,0.5,R,CP,2.25,0.0,2.25
level,speed_GNSS2,centred,0.5,R,peak,-11.75,0.0,-11.75
level,speed_GNSS2,centred,0.5,R',T2,8.25,0.0,8.25
level,speed_GNSS2,centred,0.5,R',T3,,0.0,
level,speed_GNSS2,centred,0.5,R',T5,,0.0,
level,speed_GNSS2,centred,0.5,R',CP,2.75,0.0,2.75
level,speed_GNSS2,centred,0.5,R',peak,-11.75,0.0,-11.75
level,speed_GNSS2,centred,1.0,R,T2,-16.75,0.0,-16.75
level,speed_GNSS2,centred,1.0,R,T3,-17.75,0.0,-17.75
level,speed_GNSS2,centred,1.0,R,T5,,0.0,
level,speed_GNSS2,centred,1.0,R,CP,2.0,0.0,2.0
level,speed_GNSS2,centred,1.0,R,peak,-11.5,0.0,-11.5
level,speed_GNSS2,centred,1.0,R',T2,-15.25,0.0,-15.25
level,speed_GNSS2,centred,1.0,R',T3,7.0,0.0,7.0
level,speed_GNSS2,centred,1.0,R',T5,,0.0,
level,speed_GNSS2,centred,1.0,R',CP,2.75,0.0,2.75
level,speed_GNSS2,centred,1.0,R',peak,-11.5,0.0,-11.5
level,speed_GNSS2,centred,3.0,R,T2,-19.75,0.0,-19.75
level,speed_GNSS2,centred,3.0,R,T3,1.0,0.0,1.0
level,speed_GNSS2,centred,3.0,R,T5,0.0,0.0,0.0
level,speed_GNSS2,centred,3.0,R,CP,-24.75,0.0,-24.75
level,speed_GNSS2,centred,3.0,R,peak,-1.75,0.0,-1.75
level,speed_GNSS2,centred,3.0,R',T2,-19.5,0.0,-19.5
level,speed_GNSS2,centred,3.0,R',T3,-19.5,0.0,-19.5
level,speed_GNSS2,centred,3.0,R',T5,-19.75,0.0,-19.75
level,speed_GNSS2,centred,3.0,R',CP,-25.75,0.0,-25.75
level,speed_GNSS2,centred,3.0,R',peak,-1.75,0.0,-1.75
level,speed_GNSS2,causal,0.25,R,T2,,0.75,
level,speed_GNSS2,causal,0.25,R,T3,,0.75,
level,speed_GNSS2,causal,0.25,R,T5,,0.75,
level,speed_GNSS2,causal,0.25,R,CP,16.75,0.75,16.0
level,speed_GNSS2,causal,0.25,R,peak,-0.5,0.75,-1.25
level,speed_GNSS2,causal,0.25,R',T2,,0.75,
level,speed_GNSS2,causal,0.25,R',T3,,0.75,
level,speed_GNSS2,causal,0.25,R',T5,,0.75,
level,speed_GNSS2,causal,0.25,R',CP,17.25,0.75,16.5
level,speed_GNSS2,causal,0.25,R',peak,-0.5,0.75,-1.25
level,speed_GNSS2,causal,0.5,R,T2,,5.75,
level,speed_GNSS2,causal,0.5,R,T3,,5.75,
level,speed_GNSS2,causal,0.5,R,T5,,5.75,
level,speed_GNSS2,causal,0.5,R,CP,16.5,5.75,10.75
level,speed_GNSS2,causal,0.5,R,peak,-0.75,5.75,-6.5
level,speed_GNSS2,causal,0.5,R',T2,,5.75,
level,speed_GNSS2,causal,0.5,R',T3,,5.75,
level,speed_GNSS2,causal,0.5,R',T5,,5.75,
level,speed_GNSS2,causal,0.5,R',CP,17.0,5.75,11.25
level,speed_GNSS2,causal,0.5,R',peak,-0.75,5.75,-6.5
level,speed_GNSS2,causal,1.0,R,T2,,7.5,
level,speed_GNSS2,causal,1.0,R,T3,,7.5,
level,speed_GNSS2,causal,1.0,R,T5,,7.5,
level,speed_GNSS2,causal,1.0,R,CP,16.25,7.5,8.75
level,speed_GNSS2,causal,1.0,R,peak,-0.75,7.5,-8.25
level,speed_GNSS2,causal,1.0,R',T2,,7.5,
level,speed_GNSS2,causal,1.0,R',T3,,7.5,
level,speed_GNSS2,causal,1.0,R',T5,,7.5,
level,speed_GNSS2,causal,1.0,R',CP,16.75,7.5,9.25
level,speed_GNSS2,causal,1.0,R',peak,-0.75,7.5,-8.25
level,speed_GNSS2,causal,3.0,R,T2,,2.5,
level,speed_GNSS2,causal,3.0,R,T3,,2.5,
level,speed_GNSS2,causal,3.0,R,T5,,2.5,
level,speed_GNSS2,causal,3.0,R,CP,15.75,2.5,13.25
level,speed_GNSS2,causal,3.0,R,peak,-1.0,2.5,-3.5
level,speed_GNSS2,causal,3.0,R',T2,,2.5,
level,speed_GNSS2,causal,3.0,R',T3,,2.5,
level,speed_GNSS2,causal,3.0,R',T5,,2.5,
level,speed_GNSS2,causal,3.0,R',CP,16.25,2.5,13.75
level,speed_GNSS2,causal,3.0,R',peak,-1.0,2.5,-3.5
level,speed_GNSS2,causal-robust,0.25,R,T2,,2.25,
level,speed_GNSS2,causal-robust,0.25,R,T3,,2.25,
level,speed_GNSS2,causal-robust,0.25,R,T5,,2.25,
level,speed_GNSS2,causal-robust,0.25,R,CP,16.75,2.25,14.5
level,speed_GNSS2,causal-robust,0.25,R,peak,-0.5,2.25,-2.75
level,speed_GNSS2,causal-robust,0.25,R',T2,,2.25,
level,speed_GNSS2,causal-robust,0.25,R',T3,,2.25,
level,speed_GNSS2,causal-robust,0.25,R',T5,,2.25,
level,speed_GNSS2,causal-robust,0.25,R',CP,17.25,2.25,15.0
level,speed_GNSS2,causal-robust,0.25,R',peak,-0.5,2.25,-2.75
level,speed_GNSS2,causal-robust,0.5,R,T2,,8.5,
level,speed_GNSS2,causal-robust,0.5,R,T3,,8.5,
level,speed_GNSS2,causal-robust,0.5,R,T5,,8.5,
level,speed_GNSS2,causal-robust,0.5,R,CP,16.5,8.5,8.0
level,speed_GNSS2,causal-robust,0.5,R,peak,-0.75,8.5,-9.25
level,speed_GNSS2,causal-robust,0.5,R',T2,,8.5,
level,speed_GNSS2,causal-robust,0.5,R',T3,,8.5,
level,speed_GNSS2,causal-robust,0.5,R',T5,,8.5,
level,speed_GNSS2,causal-robust,0.5,R',CP,17.0,8.5,8.5
level,speed_GNSS2,causal-robust,0.5,R',peak,-0.75,8.5,-9.25
level,speed_GNSS2,causal-robust,1.0,R,T2,8.0,3.25,4.75
level,speed_GNSS2,causal-robust,1.0,R,T3,,3.25,
level,speed_GNSS2,causal-robust,1.0,R,T5,,3.25,
level,speed_GNSS2,causal-robust,1.0,R,CP,3.0,3.25,-0.25
level,speed_GNSS2,causal-robust,1.0,R,peak,-11.25,3.25,-14.5
level,speed_GNSS2,causal-robust,1.0,R',T2,9.0,3.25,5.75
level,speed_GNSS2,causal-robust,1.0,R',T3,,3.25,
level,speed_GNSS2,causal-robust,1.0,R',T5,,3.25,
level,speed_GNSS2,causal-robust,1.0,R',CP,3.5,3.25,0.25
level,speed_GNSS2,causal-robust,1.0,R',peak,-11.25,3.25,-14.5
level,speed_GNSS2,causal-robust,3.0,R,T2,-15.25,3.375,-18.625
level,speed_GNSS2,causal-robust,3.0,R,T3,-15.75,3.375,-19.125
level,speed_GNSS2,causal-robust,3.0,R,T5,4.5,3.375,1.125
level,speed_GNSS2,causal-robust,3.0,R,CP,3.5,3.375,0.125
level,speed_GNSS2,causal-robust,3.0,R,peak,-11.5,3.375,-14.875
level,speed_GNSS2,causal-robust,3.0,R',T2,-14.5,3.375,-17.875
level,speed_GNSS2,causal-robust,3.0,R',T3,-14.5,3.375,-17.875
level,speed_GNSS2,causal-robust,3.0,R',T5,7.25,3.375,3.875
level,speed_GNSS2,causal-robust,3.0,R',CP,4.0,3.375,0.625
level,speed_GNSS2,causal-robust,3.0,R',peak,-11.5,3.375,-14.875
level_v102,speed_GNSS1,centred,0.25,R,T2,,0.0,
level_v102,speed_GNSS1,centred,0.25,R,T3,,0.0,
level_v102,speed_GNSS1,centred,0.25,R,T5,,0.0,
level_v102,speed_GNSS1,centred,0.25,R,CP,15.75,0.0,15.75
level_v102,speed_GNSS1,centred,0.25,R,peak,-0.25,0.0,-0.25
level_v102,speed_GNSS1,centred,0.25,R',T2,,0.0,
level_v102,speed_GNSS1,centred,0.25,R',T3,,0.0,
level_v102,speed_GNSS1,centred,0.25,R',T5,,0.0,
level_v102,speed_GNSS1,centred,0.25,R',CP,16.5,0.0,16.5
level_v102,speed_GNSS1,centred,0.25,R',peak,-0.25,0.0,-0.25
level_v102,speed_GNSS1,centred,0.5,R,T2,,0.0,
level_v102,speed_GNSS1,centred,0.5,R,T3,,0.0,
level_v102,speed_GNSS1,centred,0.5,R,T5,,0.0,
level_v102,speed_GNSS1,centred,0.5,R,CP,42.75,0.0,42.75
level_v102,speed_GNSS1,centred,0.5,R,peak,26.5,0.0,26.5
level_v102,speed_GNSS1,centred,0.5,R',T2,,0.0,
level_v102,speed_GNSS1,centred,0.5,R',T3,,0.0,
level_v102,speed_GNSS1,centred,0.5,R',T5,,0.0,
level_v102,speed_GNSS1,centred,0.5,R',CP,43.25,0.0,43.25
level_v102,speed_GNSS1,centred,0.5,R',peak,26.5,0.0,26.5
level_v102,speed_GNSS1,centred,1.0,R,T2,-16.5,0.0,-16.5
level_v102,speed_GNSS1,centred,1.0,R,T3,5.5,0.0,5.5
level_v102,speed_GNSS1,centred,1.0,R,T5,,0.0,
level_v102,speed_GNSS1,centred,1.0,R,CP,2.25,0.0,2.25
level_v102,speed_GNSS1,centred,1.0,R,peak,-11.5,0.0,-11.5
level_v102,speed_GNSS1,centred,1.0,R',T2,7.75,0.0,7.75
level_v102,speed_GNSS1,centred,1.0,R',T3,,0.0,
level_v102,speed_GNSS1,centred,1.0,R',T5,,0.0,
level_v102,speed_GNSS1,centred,1.0,R',CP,3.0,0.0,3.0
level_v102,speed_GNSS1,centred,1.0,R',peak,-11.5,0.0,-11.5
level_v102,speed_GNSS1,centred,3.0,R,T2,3.5,0.0,3.5
level_v102,speed_GNSS1,centred,3.0,R,T3,3.0,0.0,3.0
level_v102,speed_GNSS1,centred,3.0,R,T5,11.75,0.0,11.75
level_v102,speed_GNSS1,centred,3.0,R,CP,-21.25,0.0,-21.25
level_v102,speed_GNSS1,centred,3.0,R,peak,-1.25,0.0,-1.25
level_v102,speed_GNSS1,centred,3.0,R',T2,-15.75,0.0,-15.75
level_v102,speed_GNSS1,centred,3.0,R',T3,5.0,0.0,5.0
level_v102,speed_GNSS1,centred,3.0,R',T5,5.0,0.0,5.0
level_v102,speed_GNSS1,centred,3.0,R',CP,-22.5,0.0,-22.5
level_v102,speed_GNSS1,centred,3.0,R',peak,-1.25,0.0,-1.25
level_v102,speed_GNSS1,causal,0.25,R,T2,,0.75,
level_v102,speed_GNSS1,causal,0.25,R,T3,,0.75,
level_v102,speed_GNSS1,causal,0.25,R,T5,,0.75,
level_v102,speed_GNSS1,causal,0.25,R,CP,-7.5,0.75,-8.25
level_v102,speed_GNSS1,causal,0.25,R,peak,-24.75,0.75,-25.5
level_v102,speed_GNSS1,causal,0.25,R',T2,,0.75,
level_v102,speed_GNSS1,causal,0.25,R',T3,,0.75,
level_v102,speed_GNSS1,causal,0.25,R',T5,,0.75,
level_v102,speed_GNSS1,causal,0.25,R',CP,-7.0,0.75,-7.75
level_v102,speed_GNSS1,causal,0.25,R',peak,-24.75,0.75,-25.5
level_v102,speed_GNSS1,causal,0.5,R,T2,,5.75,
level_v102,speed_GNSS1,causal,0.5,R,T3,,5.75,
level_v102,speed_GNSS1,causal,0.5,R,T5,,5.75,
level_v102,speed_GNSS1,causal,0.5,R,CP,16.5,5.75,10.75
level_v102,speed_GNSS1,causal,0.5,R,peak,-0.75,5.75,-6.5
level_v102,speed_GNSS1,causal,0.5,R',T2,,5.75,
level_v102,speed_GNSS1,causal,0.5,R',T3,,5.75,
level_v102,speed_GNSS1,causal,0.5,R',T5,,5.75,
level_v102,speed_GNSS1,causal,0.5,R',CP,17.0,5.75,11.25
level_v102,speed_GNSS1,causal,0.5,R',peak,-0.75,5.75,-6.5
level_v102,speed_GNSS1,causal,1.0,R,T2,,7.5,
level_v102,speed_GNSS1,causal,1.0,R,T3,,7.5,
level_v102,speed_GNSS1,causal,1.0,R,T5,,7.5,
level_v102,speed_GNSS1,causal,1.0,R,CP,16.25,7.5,8.75
level_v102,speed_GNSS1,causal,1.0,R,peak,-0.75,7.5,-8.25
level_v102,speed_GNSS1,causal,1.0,R',T2,,7.5,
level_v102,speed_GNSS1,causal,1.0,R',T3,,7.5,
level_v102,speed_GNSS1,causal,1.0,R',T5,,7.5,
level_v102,speed_GNSS1,causal,1.0,R',CP,16.75,7.5,9.25
level_v102,speed_GNSS1,causal,1.0,R',peak,-0.75,7.5,-8.25
level_v102,speed_GNSS1,causal,3.0,R,T2,,2.5,
level_v102,speed_GNSS1,causal,3.0,R,T3,,2.5,
level_v102,speed_GNSS1,causal,3.0,R,T5,,2.5,
level_v102,speed_GNSS1,causal,3.0,R,CP,16.0,2.5,13.5
level_v102,speed_GNSS1,causal,3.0,R,peak,-1.0,2.5,-3.5
level_v102,speed_GNSS1,causal,3.0,R',T2,,2.5,
level_v102,speed_GNSS1,causal,3.0,R',T3,,2.5,
level_v102,speed_GNSS1,causal,3.0,R',T5,,2.5,
level_v102,speed_GNSS1,causal,3.0,R',CP,16.5,2.5,14.0
level_v102,speed_GNSS1,causal,3.0,R',peak,-1.0,2.5,-3.5
level_v102,speed_GNSS1,causal-robust,0.25,R,T2,,2.25,
level_v102,speed_GNSS1,causal-robust,0.25,R,T3,,2.25,
level_v102,speed_GNSS1,causal-robust,0.25,R,T5,,2.25,
level_v102,speed_GNSS1,causal-robust,0.25,R,CP,16.75,2.25,14.5
level_v102,speed_GNSS1,causal-robust,0.25,R,peak,-0.5,2.25,-2.75
level_v102,speed_GNSS1,causal-robust,0.25,R',T2,,2.25,
level_v102,speed_GNSS1,causal-robust,0.25,R',T3,,2.25,
level_v102,speed_GNSS1,causal-robust,0.25,R',T5,,2.25,
level_v102,speed_GNSS1,causal-robust,0.25,R',CP,17.25,2.25,15.0
level_v102,speed_GNSS1,causal-robust,0.25,R',peak,-0.5,2.25,-2.75
level_v102,speed_GNSS1,causal-robust,0.5,R,T2,,8.5,
level_v102,speed_GNSS1,causal-robust,0.5,R,T3,,8.5,
level_v102,speed_GNSS1,causal-robust,0.5,R,T5,,8.5,
level_v102,speed_GNSS1,causal-robust,0.5,R,CP,16.5,8.5,8.0
level_v102,speed_GNSS1,causal-robust,0.5,R,peak,-0.75,8.5,-9.25
level_v102,speed_GNSS1,causal-robust,0.5,R',T2,,8.5,
level_v102,speed_GNSS1,causal-robust,0.5,R',T3,,8.5,
level_v102,speed_GNSS1,causal-robust,0.5,R',T5,,8.5,
level_v102,speed_GNSS1,causal-robust,0.5,R',CP,17.0,8.5,8.5
level_v102,speed_GNSS1,causal-robust,0.5,R',peak,-0.75,8.5,-9.25
level_v102,speed_GNSS1,causal-robust,1.0,R,T2,,3.25,
level_v102,speed_GNSS1,causal-robust,1.0,R,T3,,3.25,
level_v102,speed_GNSS1,causal-robust,1.0,R,T5,,3.25,
level_v102,speed_GNSS1,causal-robust,1.0,R,CP,16.0,3.25,12.75
level_v102,speed_GNSS1,causal-robust,1.0,R,peak,-1.0,3.25,-4.25
level_v102,speed_GNSS1,causal-robust,1.0,R',T2,,3.25,
level_v102,speed_GNSS1,causal-robust,1.0,R',T3,,3.25,
level_v102,speed_GNSS1,causal-robust,1.0,R',T5,,3.25,
level_v102,speed_GNSS1,causal-robust,1.0,R',CP,16.5,3.25,13.25
level_v102,speed_GNSS1,causal-robust,1.0,R',peak,-1.0,3.25,-4.25
level_v102,speed_GNSS1,causal-robust,3.0,R,T2,-15.0,3.375,-18.375
level_v102,speed_GNSS1,causal-robust,3.0,R,T3,7.0,3.375,3.625
level_v102,speed_GNSS1,causal-robust,3.0,R,T5,,3.375,
level_v102,speed_GNSS1,causal-robust,3.0,R,CP,4.75,3.375,1.375
level_v102,speed_GNSS1,causal-robust,3.0,R,peak,-11.5,3.375,-14.875
level_v102,speed_GNSS1,causal-robust,3.0,R',T2,-13.75,3.375,-17.125
level_v102,speed_GNSS1,causal-robust,3.0,R',T3,8.25,3.375,4.875
level_v102,speed_GNSS1,causal-robust,3.0,R',T5,8.0,3.375,4.625
level_v102,speed_GNSS1,causal-robust,3.0,R',CP,5.25,3.375,1.875
level_v102,speed_GNSS1,causal-robust,3.0,R',peak,-11.5,3.375,-14.875
level_v102,accel_GNSS1,centred,0.25,R,T2,,0.0,
level_v102,accel_GNSS1,centred,0.25,R,T3,,0.0,
level_v102,accel_GNSS1,centred,0.25,R,T5,,0.0,
level_v102,accel_GNSS1,centred,0.25,R,CP,15.75,0.0,15.75
level_v102,accel_GNSS1,centred,0.25,R,peak,-1.0,0.0,-1.0
level_v102,accel_GNSS1,centred,0.25,R',T2,,0.0,
level_v102,accel_GNSS1,centred,0.25,R',T3,,0.0,
level_v102,accel_GNSS1,centred,0.25,R',T5,,0.0,
level_v102,accel_GNSS1,centred,0.25,R',CP,16.5,0.0,16.5
level_v102,accel_GNSS1,centred,0.25,R',peak,-1.0,0.0,-1.0
level_v102,accel_GNSS1,centred,0.5,R,T2,,0.0,
level_v102,accel_GNSS1,centred,0.5,R,T3,,0.0,
level_v102,accel_GNSS1,centred,0.5,R,T5,,0.0,
level_v102,accel_GNSS1,centred,0.5,R,CP,42.75,0.0,42.75
level_v102,accel_GNSS1,centred,0.5,R,peak,26.25,0.0,26.25
level_v102,accel_GNSS1,centred,0.5,R',T2,,0.0,
level_v102,accel_GNSS1,centred,0.5,R',T3,,0.0,
level_v102,accel_GNSS1,centred,0.5,R',T5,,0.0,
level_v102,accel_GNSS1,centred,0.5,R',CP,43.25,0.0,43.25
level_v102,accel_GNSS1,centred,0.5,R',peak,26.25,0.0,26.25
level_v102,accel_GNSS1,centred,1.0,R,T2,,0.0,
level_v102,accel_GNSS1,centred,1.0,R,T3,,0.0,
level_v102,accel_GNSS1,centred,1.0,R,T5,,0.0,
level_v102,accel_GNSS1,centred,1.0,R,CP,46.25,0.0,46.25
level_v102,accel_GNSS1,centred,1.0,R,peak,30.25,0.0,30.25
level_v102,accel_GNSS1,centred,1.0,R',T2,,0.0,
level_v102,accel_GNSS1,centred,1.0,R',T3,,0.0,
level_v102,accel_GNSS1,centred,1.0,R',T5,,0.0,
level_v102,accel_GNSS1,centred,1.0,R',CP,47.0,0.0,47.0
level_v102,accel_GNSS1,centred,1.0,R',peak,30.25,0.0,30.25
level_v102,accel_GNSS1,centred,3.0,R,T2,-21.75,0.0,-21.75
level_v102,accel_GNSS1,centred,3.0,R,T3,2.5,0.0,2.5
level_v102,accel_GNSS1,centred,3.0,R,T5,,0.0,
level_v102,accel_GNSS1,centred,3.0,R,CP,2.25,0.0,2.25
level_v102,accel_GNSS1,centred,3.0,R,peak,-13.0,0.0,-13.0
level_v102,accel_GNSS1,centred,3.0,R',T2,-21.0,0.0,-21.0
level_v102,accel_GNSS1,centred,3.0,R',T3,-21.25,0.0,-21.25
level_v102,accel_GNSS1,centred,3.0,R',T5,-22.0,0.0,-22.0
level_v102,accel_GNSS1,centred,3.0,R',CP,2.75,0.0,2.75
level_v102,accel_GNSS1,centred,3.0,R',peak,-13.0,0.0,-13.0
level_v102,accel_GNSS1,causal,0.25,R,T2,,0.75,
level_v102,accel_GNSS1,causal,0.25,R,T3,,0.75,
level_v102,accel_GNSS1,causal,0.25,R,T5,,0.75,
level_v102,accel_GNSS1,causal,0.25,R,CP,-7.5,0.75,-8.25
level_v102,accel_GNSS1,causal,0.25,R,peak,-24.75,0.75,-25.5
level_v102,accel_GNSS1,causal,0.25,R',T2,,0.75,
level_v102,accel_GNSS1,causal,0.25,R',T3,,0.75,
level_v102,accel_GNSS1,causal,0.25,R',T5,,0.75,
level_v102,accel_GNSS1,causal,0.25,R',CP,-7.0,0.75,-7.75
level_v102,accel_GNSS1,causal,0.25,R',peak,-24.75,0.75,-25.5
level_v102,accel_GNSS1,causal,0.5,R,T2,,5.75,
level_v102,accel_GNSS1,causal,0.5,R,T3,,5.75,
level_v102,accel_GNSS1,causal,0.5,R,T5,,5.75,
level_v102,accel_GNSS1,causal,0.5,R,CP,16.5,5.75,10.75
level_v102,accel_GNSS1,causal,0.5,R,peak,-0.75,5.75,-6.5
level_v102,accel_GNSS1,causal,0.5,R',T2,,5.75,
level_v102,accel_GNSS1,causal,0.5,R',T3,,5.75,
level_v102,accel_GNSS1,causal,0.5,R',T5,,5.75,
level_v102,accel_GNSS1,causal,0.5,R',CP,17.0,5.75,11.25
level_v102,accel_GNSS1,causal,0.5,R',peak,-0.75,5.75,-6.5
level_v102,accel_GNSS1,causal,1.0,R,T2,,7.5,
level_v102,accel_GNSS1,causal,1.0,R,T3,,7.5,
level_v102,accel_GNSS1,causal,1.0,R,T5,,7.5,
level_v102,accel_GNSS1,causal,1.0,R,CP,16.25,7.5,8.75
level_v102,accel_GNSS1,causal,1.0,R,peak,-0.75,7.5,-8.25
level_v102,accel_GNSS1,causal,1.0,R',T2,,7.5,
level_v102,accel_GNSS1,causal,1.0,R',T3,,7.5,
level_v102,accel_GNSS1,causal,1.0,R',T5,,7.5,
level_v102,accel_GNSS1,causal,1.0,R',CP,16.75,7.5,9.25
level_v102,accel_GNSS1,causal,1.0,R',peak,-0.75,7.5,-8.25
level_v102,accel_GNSS1,causal,3.0,R,T2,,2.5,
level_v102,accel_GNSS1,causal,3.0,R,T3,,2.5,
level_v102,accel_GNSS1,causal,3.0,R,T5,,2.5,
level_v102,accel_GNSS1,causal,3.0,R,CP,15.75,2.5,13.25
level_v102,accel_GNSS1,causal,3.0,R,peak,-1.0,2.5,-3.5
level_v102,accel_GNSS1,causal,3.0,R',T2,,2.5,
level_v102,accel_GNSS1,causal,3.0,R',T3,,2.5,
level_v102,accel_GNSS1,causal,3.0,R',T5,,2.5,
level_v102,accel_GNSS1,causal,3.0,R',CP,16.25,2.5,13.75
level_v102,accel_GNSS1,causal,3.0,R',peak,-1.0,2.5,-3.5
level_v102,accel_GNSS1,causal-robust,0.25,R,T2,,2.25,
level_v102,accel_GNSS1,causal-robust,0.25,R,T3,,2.25,
level_v102,accel_GNSS1,causal-robust,0.25,R,T5,,2.25,
level_v102,accel_GNSS1,causal-robust,0.25,R,CP,16.75,2.25,14.5
level_v102,accel_GNSS1,causal-robust,0.25,R,peak,-0.5,2.25,-2.75
level_v102,accel_GNSS1,causal-robust,0.25,R',T2,,2.25,
level_v102,accel_GNSS1,causal-robust,0.25,R',T3,,2.25,
level_v102,accel_GNSS1,causal-robust,0.25,R',T5,,2.25,
level_v102,accel_GNSS1,causal-robust,0.25,R',CP,17.25,2.25,15.0
level_v102,accel_GNSS1,causal-robust,0.25,R',peak,-0.5,2.25,-2.75
level_v102,accel_GNSS1,causal-robust,0.5,R,T2,,8.5,
level_v102,accel_GNSS1,causal-robust,0.5,R,T3,,8.5,
level_v102,accel_GNSS1,causal-robust,0.5,R,T5,,8.5,
level_v102,accel_GNSS1,causal-robust,0.5,R,CP,16.5,8.5,8.0
level_v102,accel_GNSS1,causal-robust,0.5,R,peak,-0.75,8.5,-9.25
level_v102,accel_GNSS1,causal-robust,0.5,R',T2,,8.5,
level_v102,accel_GNSS1,causal-robust,0.5,R',T3,,8.5,
level_v102,accel_GNSS1,causal-robust,0.5,R',T5,,8.5,
level_v102,accel_GNSS1,causal-robust,0.5,R',CP,17.0,8.5,8.5
level_v102,accel_GNSS1,causal-robust,0.5,R',peak,-0.75,8.5,-9.25
level_v102,accel_GNSS1,causal-robust,1.0,R,T2,,3.25,
level_v102,accel_GNSS1,causal-robust,1.0,R,T3,,3.25,
level_v102,accel_GNSS1,causal-robust,1.0,R,T5,,3.25,
level_v102,accel_GNSS1,causal-robust,1.0,R,CP,43.25,3.25,40.0
level_v102,accel_GNSS1,causal-robust,1.0,R,peak,26.5,3.25,23.25
level_v102,accel_GNSS1,causal-robust,1.0,R',T2,,3.25,
level_v102,accel_GNSS1,causal-robust,1.0,R',T3,,3.25,
level_v102,accel_GNSS1,causal-robust,1.0,R',T5,,3.25,
level_v102,accel_GNSS1,causal-robust,1.0,R',CP,43.75,3.25,40.5
level_v102,accel_GNSS1,causal-robust,1.0,R',peak,26.5,3.25,23.25
level_v102,accel_GNSS1,causal-robust,3.0,R,T2,7.0,3.375,3.625
level_v102,accel_GNSS1,causal-robust,3.0,R,T3,6.75,3.375,3.375
level_v102,accel_GNSS1,causal-robust,3.0,R,T5,,3.375,
level_v102,accel_GNSS1,causal-robust,3.0,R,CP,3.5,3.375,0.125
level_v102,accel_GNSS1,causal-robust,3.0,R,peak,-11.5,3.375,-14.875
level_v102,accel_GNSS1,causal-robust,3.0,R',T2,-25.5,3.375,-28.875
level_v102,accel_GNSS1,causal-robust,3.0,R',T3,8.0,3.375,4.625
level_v102,accel_GNSS1,causal-robust,3.0,R',T5,,3.375,
level_v102,accel_GNSS1,causal-robust,3.0,R',CP,3.75,3.375,0.375
level_v102,accel_GNSS1,causal-robust,3.0,R',peak,-11.5,3.375,-14.875
level_v102,speed_GNSS2,centred,0.25,R,T2,,0.0,
level_v102,speed_GNSS2,centred,0.25,R,T3,,0.0,
level_v102,speed_GNSS2,centred,0.25,R,T5,,0.0,
level_v102,speed_GNSS2,centred,0.25,R,CP,15.25,0.0,15.25
level_v102,speed_GNSS2,centred,0.25,R,peak,-0.25,0.0,-0.25
level_v102,speed_GNSS2,centred,0.25,R',T2,,0.0,
level_v102,speed_GNSS2,centred,0.25,R',T3,,0.0,
level_v102,speed_GNSS2,centred,0.25,R',T5,,0.0,
level_v102,speed_GNSS2,centred,0.25,R',CP,16.0,0.0,16.0
level_v102,speed_GNSS2,centred,0.25,R',peak,-0.25,0.0,-0.25
level_v102,speed_GNSS2,centred,0.5,R,T2,7.0,0.0,7.0
level_v102,speed_GNSS2,centred,0.5,R,T3,,0.0,
level_v102,speed_GNSS2,centred,0.5,R,T5,,0.0,
level_v102,speed_GNSS2,centred,0.5,R,CP,2.25,0.0,2.25
level_v102,speed_GNSS2,centred,0.5,R,peak,-11.75,0.0,-11.75
level_v102,speed_GNSS2,centred,0.5,R',T2,8.25,0.0,8.25
level_v102,speed_GNSS2,centred,0.5,R',T3,,0.0,
level_v102,speed_GNSS2,centred,0.5,R',T5,,0.0,
level_v102,speed_GNSS2,centred,0.5,R',CP,2.75,0.0,2.75
level_v102,speed_GNSS2,centred,0.5,R',peak,-11.75,0.0,-11.75
level_v102,speed_GNSS2,centred,1.0,R,T2,-16.75,0.0,-16.75
level_v102,speed_GNSS2,centred,1.0,R,T3,-17.5,0.0,-17.5
level_v102,speed_GNSS2,centred,1.0,R,T5,,0.0,
level_v102,speed_GNSS2,centred,1.0,R,CP,2.0,0.0,2.0
level_v102,speed_GNSS2,centred,1.0,R,peak,-11.5,0.0,-11.5
level_v102,speed_GNSS2,centred,1.0,R',T2,-15.0,0.0,-15.0
level_v102,speed_GNSS2,centred,1.0,R',T3,7.0,0.0,7.0
level_v102,speed_GNSS2,centred,1.0,R',T5,,0.0,
level_v102,speed_GNSS2,centred,1.0,R',CP,2.75,0.0,2.75
level_v102,speed_GNSS2,centred,1.0,R',peak,-11.5,0.0,-11.5
level_v102,speed_GNSS2,centred,3.0,R,T2,-19.75,0.0,-19.75
level_v102,speed_GNSS2,centred,3.0,R,T3,1.0,0.0,1.0
level_v102,speed_GNSS2,centred,3.0,R,T5,0.25,0.0,0.25
level_v102,speed_GNSS2,centred,3.0,R,CP,-24.75,0.0,-24.75
level_v102,speed_GNSS2,centred,3.0,R,peak,-1.75,0.0,-1.75
level_v102,speed_GNSS2,centred,3.0,R',T2,-19.25,0.0,-19.25
level_v102,speed_GNSS2,centred,3.0,R',T3,-19.5,0.0,-19.5
level_v102,speed_GNSS2,centred,3.0,R',T5,-19.75,0.0,-19.75
level_v102,speed_GNSS2,centred,3.0,R',CP,-26.0,0.0,-26.0
level_v102,speed_GNSS2,centred,3.0,R',peak,-1.75,0.0,-1.75
level_v102,speed_GNSS2,causal,0.25,R,T2,,0.75,
level_v102,speed_GNSS2,causal,0.25,R,T3,,0.75,
level_v102,speed_GNSS2,causal,0.25,R,T5,,0.75,
level_v102,speed_GNSS2,causal,0.25,R,CP,16.75,0.75,16.0
level_v102,speed_GNSS2,causal,0.25,R,peak,-0.5,0.75,-1.25
level_v102,speed_GNSS2,causal,0.25,R',T2,,0.75,
level_v102,speed_GNSS2,causal,0.25,R',T3,,0.75,
level_v102,speed_GNSS2,causal,0.25,R',T5,,0.75,
level_v102,speed_GNSS2,causal,0.25,R',CP,17.25,0.75,16.5
level_v102,speed_GNSS2,causal,0.25,R',peak,-0.5,0.75,-1.25
level_v102,speed_GNSS2,causal,0.5,R,T2,,5.75,
level_v102,speed_GNSS2,causal,0.5,R,T3,,5.75,
level_v102,speed_GNSS2,causal,0.5,R,T5,,5.75,
level_v102,speed_GNSS2,causal,0.5,R,CP,16.5,5.75,10.75
level_v102,speed_GNSS2,causal,0.5,R,peak,-0.75,5.75,-6.5
level_v102,speed_GNSS2,causal,0.5,R',T2,,5.75,
level_v102,speed_GNSS2,causal,0.5,R',T3,,5.75,
level_v102,speed_GNSS2,causal,0.5,R',T5,,5.75,
level_v102,speed_GNSS2,causal,0.5,R',CP,17.0,5.75,11.25
level_v102,speed_GNSS2,causal,0.5,R',peak,-0.75,5.75,-6.5
level_v102,speed_GNSS2,causal,1.0,R,T2,,7.5,
level_v102,speed_GNSS2,causal,1.0,R,T3,,7.5,
level_v102,speed_GNSS2,causal,1.0,R,T5,,7.5,
level_v102,speed_GNSS2,causal,1.0,R,CP,16.25,7.5,8.75
level_v102,speed_GNSS2,causal,1.0,R,peak,-0.75,7.5,-8.25
level_v102,speed_GNSS2,causal,1.0,R',T2,,7.5,
level_v102,speed_GNSS2,causal,1.0,R',T3,,7.5,
level_v102,speed_GNSS2,causal,1.0,R',T5,,7.5,
level_v102,speed_GNSS2,causal,1.0,R',CP,16.75,7.5,9.25
level_v102,speed_GNSS2,causal,1.0,R',peak,-0.75,7.5,-8.25
level_v102,speed_GNSS2,causal,3.0,R,T2,,2.5,
level_v102,speed_GNSS2,causal,3.0,R,T3,,2.5,
level_v102,speed_GNSS2,causal,3.0,R,T5,,2.5,
level_v102,speed_GNSS2,causal,3.0,R,CP,15.75,2.5,13.25
level_v102,speed_GNSS2,causal,3.0,R,peak,-1.0,2.5,-3.5
level_v102,speed_GNSS2,causal,3.0,R',T2,,2.5,
level_v102,speed_GNSS2,causal,3.0,R',T3,,2.5,
level_v102,speed_GNSS2,causal,3.0,R',T5,,2.5,
level_v102,speed_GNSS2,causal,3.0,R',CP,16.25,2.5,13.75
level_v102,speed_GNSS2,causal,3.0,R',peak,-1.0,2.5,-3.5
level_v102,speed_GNSS2,causal-robust,0.25,R,T2,,2.25,
level_v102,speed_GNSS2,causal-robust,0.25,R,T3,,2.25,
level_v102,speed_GNSS2,causal-robust,0.25,R,T5,,2.25,
level_v102,speed_GNSS2,causal-robust,0.25,R,CP,16.75,2.25,14.5
level_v102,speed_GNSS2,causal-robust,0.25,R,peak,-0.5,2.25,-2.75
level_v102,speed_GNSS2,causal-robust,0.25,R',T2,,2.25,
level_v102,speed_GNSS2,causal-robust,0.25,R',T3,,2.25,
level_v102,speed_GNSS2,causal-robust,0.25,R',T5,,2.25,
level_v102,speed_GNSS2,causal-robust,0.25,R',CP,17.25,2.25,15.0
level_v102,speed_GNSS2,causal-robust,0.25,R',peak,-0.5,2.25,-2.75
level_v102,speed_GNSS2,causal-robust,0.5,R,T2,,8.5,
level_v102,speed_GNSS2,causal-robust,0.5,R,T3,,8.5,
level_v102,speed_GNSS2,causal-robust,0.5,R,T5,,8.5,
level_v102,speed_GNSS2,causal-robust,0.5,R,CP,16.5,8.5,8.0
level_v102,speed_GNSS2,causal-robust,0.5,R,peak,-0.75,8.5,-9.25
level_v102,speed_GNSS2,causal-robust,0.5,R',T2,,8.5,
level_v102,speed_GNSS2,causal-robust,0.5,R',T3,,8.5,
level_v102,speed_GNSS2,causal-robust,0.5,R',T5,,8.5,
level_v102,speed_GNSS2,causal-robust,0.5,R',CP,17.0,8.5,8.5
level_v102,speed_GNSS2,causal-robust,0.5,R',peak,-0.75,8.5,-9.25
level_v102,speed_GNSS2,causal-robust,1.0,R,T2,8.0,3.25,4.75
level_v102,speed_GNSS2,causal-robust,1.0,R,T3,,3.25,
level_v102,speed_GNSS2,causal-robust,1.0,R,T5,,3.25,
level_v102,speed_GNSS2,causal-robust,1.0,R,CP,3.0,3.25,-0.25
level_v102,speed_GNSS2,causal-robust,1.0,R,peak,-11.25,3.25,-14.5
level_v102,speed_GNSS2,causal-robust,1.0,R',T2,9.0,3.25,5.75
level_v102,speed_GNSS2,causal-robust,1.0,R',T3,,3.25,
level_v102,speed_GNSS2,causal-robust,1.0,R',T5,,3.25,
level_v102,speed_GNSS2,causal-robust,1.0,R',CP,3.5,3.25,0.25
level_v102,speed_GNSS2,causal-robust,1.0,R',peak,-11.25,3.25,-14.5
level_v102,speed_GNSS2,causal-robust,3.0,R,T2,-15.25,3.375,-18.625
level_v102,speed_GNSS2,causal-robust,3.0,R,T3,-15.75,3.375,-19.125
level_v102,speed_GNSS2,causal-robust,3.0,R,T5,4.5,3.375,1.125
level_v102,speed_GNSS2,causal-robust,3.0,R,CP,3.5,3.375,0.125
level_v102,speed_GNSS2,causal-robust,3.0,R,peak,-11.5,3.375,-14.875
level_v102,speed_GNSS2,causal-robust,3.0,R',T2,-14.5,3.375,-17.875
level_v102,speed_GNSS2,causal-robust,3.0,R',T3,-14.5,3.375,-17.875
level_v102,speed_GNSS2,causal-robust,3.0,R',T5,7.25,3.375,3.875
level_v102,speed_GNSS2,causal-robust,3.0,R',CP,4.0,3.375,0.625
level_v102,speed_GNSS2,causal-robust,3.0,R',peak,-11.5,3.375,-14.875
uplift_GNSS1,speed_GNSS1,centred,0.25,R,T2,,0.0,
uplift_GNSS1,speed_GNSS1,centred,0.25,R,T3,,0.0,
uplift_GNSS1,speed_GNSS1,centred,0.25,R,T5,,0.0,
uplift_GNSS1,speed_GNSS1,centred,0.25,R,CP,-0.5,0.0,-0.5
uplift_GNSS1,speed_GNSS1,centred,0.25,R,peak,0.25,0.0,0.25
uplift_GNSS1,speed_GNSS1,centred,0.25,R',T2,,0.0,
uplift_GNSS1,speed_GNSS1,centred,0.25,R',T3,,0.0,
uplift_GNSS1,speed_GNSS1,centred,0.25,R',T5,,0.0,
uplift_GNSS1,speed_GNSS1,centred,0.25,R',CP,-0.5,0.0,-0.5
uplift_GNSS1,speed_GNSS1,centred,0.25,R',peak,0.25,0.0,0.25
uplift_GNSS1,speed_GNSS1,centred,0.5,R,T2,,0.0,
uplift_GNSS1,speed_GNSS1,centred,0.5,R,T3,,0.0,
uplift_GNSS1,speed_GNSS1,centred,0.5,R,T5,,0.0,
uplift_GNSS1,speed_GNSS1,centred,0.5,R,CP,26.25,0.0,26.25
uplift_GNSS1,speed_GNSS1,centred,0.5,R,peak,26.5,0.0,26.5
uplift_GNSS1,speed_GNSS1,centred,0.5,R',T2,,0.0,
uplift_GNSS1,speed_GNSS1,centred,0.5,R',T3,,0.0,
uplift_GNSS1,speed_GNSS1,centred,0.5,R',T5,,0.0,
uplift_GNSS1,speed_GNSS1,centred,0.5,R',CP,26.25,0.0,26.25
uplift_GNSS1,speed_GNSS1,centred,0.5,R',peak,26.5,0.0,26.5
uplift_GNSS1,speed_GNSS1,centred,1.0,R,T2,,0.0,
uplift_GNSS1,speed_GNSS1,centred,1.0,R,T3,,0.0,
uplift_GNSS1,speed_GNSS1,centred,1.0,R,T5,,0.0,
uplift_GNSS1,speed_GNSS1,centred,1.0,R,CP,-9.25,0.0,-9.25
uplift_GNSS1,speed_GNSS1,centred,1.0,R,peak,-37.25,0.0,-37.25
uplift_GNSS1,speed_GNSS1,centred,1.0,R',T2,-0.5,0.0,-0.5
uplift_GNSS1,speed_GNSS1,centred,1.0,R',T3,,0.0,
uplift_GNSS1,speed_GNSS1,centred,1.0,R',T5,,0.0,
uplift_GNSS1,speed_GNSS1,centred,1.0,R',CP,5.0,0.0,5.0
uplift_GNSS1,speed_GNSS1,centred,1.0,R',peak,-37.25,0.0,-37.25
uplift_GNSS1,speed_GNSS1,centred,3.0,R,T2,,0.0,
uplift_GNSS1,speed_GNSS1,centred,3.0,R,T3,,0.0,
uplift_GNSS1,speed_GNSS1,centred,3.0,R,T5,,0.0,
uplift_GNSS1,speed_GNSS1,centred,3.0,R,CP,-33.75,0.0,-33.75
uplift_GNSS1,speed_GNSS1,centred,3.0,R,peak,-27.0,0.0,-27.0
uplift_GNSS1,speed_GNSS1,centred,3.0,R',T2,9.25,0.0,9.25
uplift_GNSS1,speed_GNSS1,centred,3.0,R',T3,26.5,0.0,26.5
uplift_GNSS1,speed_GNSS1,centred,3.0,R',T5,-19.0,0.0,-19.0
uplift_GNSS1,speed_GNSS1,centred,3.0,R',CP,-22.0,0.0,-22.0
uplift_GNSS1,speed_GNSS1,centred,3.0,R',peak,-27.0,0.0,-27.0
uplift_GNSS1,speed_GNSS1,causal,0.25,R,T2,,0.75,
uplift_GNSS1,speed_GNSS1,causal,0.25,R,T3,,0.75,
uplift_GNSS1,speed_GNSS1,causal,0.25,R,T5,,0.75,
uplift_GNSS1,speed_GNSS1,causal,0.25,R,CP,-23.75,0.75,-24.5
uplift_GNSS1,speed_GNSS1,causal,0.25,R,peak,-23.75,0.75,-24.5
uplift_GNSS1,speed_GNSS1,causal,0.25,R',T2,,0.75,
uplift_GNSS1,speed_GNSS1,causal,0.25,R',T3,,0.75,
uplift_GNSS1,speed_GNSS1,causal,0.25,R',T5,,0.75,
uplift_GNSS1,speed_GNSS1,causal,0.25,R',CP,-23.75,0.75,-24.5
uplift_GNSS1,speed_GNSS1,causal,0.25,R',peak,-23.75,0.75,-24.5
uplift_GNSS1,speed_GNSS1,causal,0.5,R,T2,,5.75,
uplift_GNSS1,speed_GNSS1,causal,0.5,R,T3,,5.75,
uplift_GNSS1,speed_GNSS1,causal,0.5,R,T5,,5.75,
uplift_GNSS1,speed_GNSS1,causal,0.5,R,CP,0.0,5.75,-5.75
uplift_GNSS1,speed_GNSS1,causal,0.5,R,peak,0.0,5.75,-5.75
uplift_GNSS1,speed_GNSS1,causal,0.5,R',T2,,5.75,
uplift_GNSS1,speed_GNSS1,causal,0.5,R',T3,,5.75,
uplift_GNSS1,speed_GNSS1,causal,0.5,R',T5,,5.75,
uplift_GNSS1,speed_GNSS1,causal,0.5,R',CP,0.0,5.75,-5.75
uplift_GNSS1,speed_GNSS1,causal,0.5,R',peak,0.0,5.75,-5.75
uplift_GNSS1,speed_GNSS1,causal,1.0,R,T2,,7.5,
uplift_GNSS1,speed_GNSS1,causal,1.0,R,T3,,7.5,
uplift_GNSS1,speed_GNSS1,causal,1.0,R,T5,,7.5,
uplift_GNSS1,speed_GNSS1,causal,1.0,R,CP,0.0,7.5,-7.5
uplift_GNSS1,speed_GNSS1,causal,1.0,R,peak,0.0,7.5,-7.5
uplift_GNSS1,speed_GNSS1,causal,1.0,R',T2,,7.5,
uplift_GNSS1,speed_GNSS1,causal,1.0,R',T3,,7.5,
uplift_GNSS1,speed_GNSS1,causal,1.0,R',T5,,7.5,
uplift_GNSS1,speed_GNSS1,causal,1.0,R',CP,0.0,7.5,-7.5
uplift_GNSS1,speed_GNSS1,causal,1.0,R',peak,0.0,7.5,-7.5
uplift_GNSS1,speed_GNSS1,causal,3.0,R,T2,,2.5,
uplift_GNSS1,speed_GNSS1,causal,3.0,R,T3,,2.5,
uplift_GNSS1,speed_GNSS1,causal,3.0,R,T5,,2.5,
uplift_GNSS1,speed_GNSS1,causal,3.0,R,CP,4.25,2.5,1.75
uplift_GNSS1,speed_GNSS1,causal,3.0,R,peak,-26.5,2.5,-29.0
uplift_GNSS1,speed_GNSS1,causal,3.0,R',T2,,2.5,
uplift_GNSS1,speed_GNSS1,causal,3.0,R',T3,,2.5,
uplift_GNSS1,speed_GNSS1,causal,3.0,R',T5,,2.5,
uplift_GNSS1,speed_GNSS1,causal,3.0,R',CP,18.75,2.5,16.25
uplift_GNSS1,speed_GNSS1,causal,3.0,R',peak,-26.5,2.5,-29.0
uplift_GNSS1,speed_GNSS1,causal-robust,0.25,R,T2,,2.25,
uplift_GNSS1,speed_GNSS1,causal-robust,0.25,R,T3,,2.25,
uplift_GNSS1,speed_GNSS1,causal-robust,0.25,R,T5,,2.25,
uplift_GNSS1,speed_GNSS1,causal-robust,0.25,R,CP,0.5,2.25,-1.75
uplift_GNSS1,speed_GNSS1,causal-robust,0.25,R,peak,0.5,2.25,-1.75
uplift_GNSS1,speed_GNSS1,causal-robust,0.25,R',T2,,2.25,
uplift_GNSS1,speed_GNSS1,causal-robust,0.25,R',T3,,2.25,
uplift_GNSS1,speed_GNSS1,causal-robust,0.25,R',T5,,2.25,
uplift_GNSS1,speed_GNSS1,causal-robust,0.25,R',CP,0.5,2.25,-1.75
uplift_GNSS1,speed_GNSS1,causal-robust,0.25,R',peak,0.5,2.25,-1.75
uplift_GNSS1,speed_GNSS1,causal-robust,0.5,R,T2,,8.5,
uplift_GNSS1,speed_GNSS1,causal-robust,0.5,R,T3,,8.5,
uplift_GNSS1,speed_GNSS1,causal-robust,0.5,R,T5,,8.5,
uplift_GNSS1,speed_GNSS1,causal-robust,0.5,R,CP,0.25,8.5,-8.25
uplift_GNSS1,speed_GNSS1,causal-robust,0.5,R,peak,-24.0,8.5,-32.5
uplift_GNSS1,speed_GNSS1,causal-robust,0.5,R',T2,,8.5,
uplift_GNSS1,speed_GNSS1,causal-robust,0.5,R',T3,,8.5,
uplift_GNSS1,speed_GNSS1,causal-robust,0.5,R',T5,,8.5,
uplift_GNSS1,speed_GNSS1,causal-robust,0.5,R',CP,1.0,8.5,-7.5
uplift_GNSS1,speed_GNSS1,causal-robust,0.5,R',peak,-24.0,8.5,-32.5
uplift_GNSS1,speed_GNSS1,causal-robust,1.0,R,T2,,3.25,
uplift_GNSS1,speed_GNSS1,causal-robust,1.0,R,T3,,3.25,
uplift_GNSS1,speed_GNSS1,causal-robust,1.0,R,T5,,3.25,
uplift_GNSS1,speed_GNSS1,causal-robust,1.0,R,CP,-25.5,3.25,-28.75
uplift_GNSS1,speed_GNSS1,causal-robust,1.0,R,peak,-26.5,3.25,-29.75
uplift_GNSS1,speed_GNSS1,causal-robust,1.0,R',T2,,3.25,
uplift_GNSS1,speed_GNSS1,causal-robust,1.0,R',T3,,3.25,
uplift_GNSS1,speed_GNSS1,causal-robust,1.0,R',T5,,3.25,
uplift_GNSS1,speed_GNSS1,causal-robust,1.0,R',CP,-0.25,3.25,-3.5
uplift_GNSS1,speed_GNSS1,causal-robust,1.0,R',peak,-26.5,3.25,-29.75
uplift_GNSS1,speed_GNSS1,causal-robust,3.0,R,T2,,3.375,
uplift_GNSS1,speed_GNSS1,causal-robust,3.0,R,T3,,3.375,
uplift_GNSS1,speed_GNSS1,causal-robust,3.0,R,T5,,3.375,
uplift_GNSS1,speed_GNSS1,causal-robust,3.0,R,CP,-11.75,3.375,-15.125
uplift_GNSS1,speed_GNSS1,causal-robust,3.0,R,peak,-37.0,3.375,-40.375
uplift_GNSS1,speed_GNSS1,causal-robust,3.0,R',T2,9.5,3.375,6.125
uplift_GNSS1,speed_GNSS1,causal-robust,3.0,R',T3,30.25,3.375,26.875
uplift_GNSS1,speed_GNSS1,causal-robust,3.0,R',T5,-0.25,3.375,-3.625
uplift_GNSS1,speed_GNSS1,causal-robust,3.0,R',CP,-9.0,3.375,-12.375
uplift_GNSS1,speed_GNSS1,causal-robust,3.0,R',peak,-37.0,3.375,-40.375
uplift_GNSS1,accel_GNSS1,centred,0.25,R,T2,,0.0,
uplift_GNSS1,accel_GNSS1,centred,0.25,R,T3,,0.0,
uplift_GNSS1,accel_GNSS1,centred,0.25,R,T5,,0.0,
uplift_GNSS1,accel_GNSS1,centred,0.25,R,CP,-0.5,0.0,-0.5
uplift_GNSS1,accel_GNSS1,centred,0.25,R,peak,-0.5,0.0,-0.5
uplift_GNSS1,accel_GNSS1,centred,0.25,R',T2,,0.0,
uplift_GNSS1,accel_GNSS1,centred,0.25,R',T3,,0.0,
uplift_GNSS1,accel_GNSS1,centred,0.25,R',T5,,0.0,
uplift_GNSS1,accel_GNSS1,centred,0.25,R',CP,-0.5,0.0,-0.5
uplift_GNSS1,accel_GNSS1,centred,0.25,R',peak,-0.5,0.0,-0.5
uplift_GNSS1,accel_GNSS1,centred,0.5,R,T2,,0.0,
uplift_GNSS1,accel_GNSS1,centred,0.5,R,T3,,0.0,
uplift_GNSS1,accel_GNSS1,centred,0.5,R,T5,,0.0,
uplift_GNSS1,accel_GNSS1,centred,0.5,R,CP,26.25,0.0,26.25
uplift_GNSS1,accel_GNSS1,centred,0.5,R,peak,26.25,0.0,26.25
uplift_GNSS1,accel_GNSS1,centred,0.5,R',T2,,0.0,
uplift_GNSS1,accel_GNSS1,centred,0.5,R',T3,,0.0,
uplift_GNSS1,accel_GNSS1,centred,0.5,R',T5,,0.0,
uplift_GNSS1,accel_GNSS1,centred,0.5,R',CP,26.25,0.0,26.25
uplift_GNSS1,accel_GNSS1,centred,0.5,R',peak,26.25,0.0,26.25
uplift_GNSS1,accel_GNSS1,centred,1.0,R,T2,,0.0,
uplift_GNSS1,accel_GNSS1,centred,1.0,R,T3,,0.0,
uplift_GNSS1,accel_GNSS1,centred,1.0,R,T5,,0.0,
uplift_GNSS1,accel_GNSS1,centred,1.0,R,CP,34.75,0.0,34.75
uplift_GNSS1,accel_GNSS1,centred,1.0,R,peak,4.5,0.0,4.5
uplift_GNSS1,accel_GNSS1,centred,1.0,R',T2,,0.0,
uplift_GNSS1,accel_GNSS1,centred,1.0,R',T3,,0.0,
uplift_GNSS1,accel_GNSS1,centred,1.0,R',T5,,0.0,
uplift_GNSS1,accel_GNSS1,centred,1.0,R',CP,49.0,0.0,49.0
uplift_GNSS1,accel_GNSS1,centred,1.0,R',peak,4.5,0.0,4.5
uplift_GNSS1,accel_GNSS1,centred,3.0,R,T2,,0.0,
uplift_GNSS1,accel_GNSS1,centred,3.0,R,T3,,0.0,
uplift_GNSS1,accel_GNSS1,centred,3.0,R,T5,,0.0,
uplift_GNSS1,accel_GNSS1,centred,3.0,R,CP,-10.25,0.0,-10.25
uplift_GNSS1,accel_GNSS1,centred,3.0,R,peak,-38.75,0.0,-38.75
uplift_GNSS1,accel_GNSS1,centred,3.0,R',T2,4.0,0.0,4.0
uplift_GNSS1,accel_GNSS1,centred,3.0,R',T3,0.25,0.0,0.25
uplift_GNSS1,accel_GNSS1,centred,3.0,R',T5,-46.0,0.0,-46.0
uplift_GNSS1,accel_GNSS1,centred,3.0,R',CP,3.25,0.0,3.25
uplift_GNSS1,accel_GNSS1,centred,3.0,R',peak,-38.75,0.0,-38.75
uplift_GNSS1,accel_GNSS1,causal,0.25,R,T2,,0.75,
uplift_GNSS1,accel_GNSS1,causal,0.25,R,T3,,0.75,
uplift_GNSS1,accel_GNSS1,causal,0.25,R,T5,,0.75,
uplift_GNSS1,accel_GNSS1,causal,0.25,R,CP,-23.75,0.75,-24.5
uplift_GNSS1,accel_GNSS1,causal,0.25,R,peak,-23.75,0.75,-24.5
uplift_GNSS1,accel_GNSS1,causal,0.25,R',T2,,0.75,
uplift_GNSS1,accel_GNSS1,causal,0.25,R',T3,,0.75,
uplift_GNSS1,accel_GNSS1,causal,0.25,R',T5,,0.75,
uplift_GNSS1,accel_GNSS1,causal,0.25,R',CP,-23.75,0.75,-24.5
uplift_GNSS1,accel_GNSS1,causal,0.25,R',peak,-23.75,0.75,-24.5
uplift_GNSS1,accel_GNSS1,causal,0.5,R,T2,,5.75,
uplift_GNSS1,accel_GNSS1,causal,0.5,R,T3,,5.75,
uplift_GNSS1,accel_GNSS1,causal,0.5,R,T5,,5.75,
uplift_GNSS1,accel_GNSS1,causal,0.5,R,CP,0.0,5.75,-5.75
uplift_GNSS1,accel_GNSS1,causal,0.5,R,peak,0.0,5.75,-5.75
uplift_GNSS1,accel_GNSS1,causal,0.5,R',T2,,5.75,
uplift_GNSS1,accel_GNSS1,causal,0.5,R',T3,,5.75,
uplift_GNSS1,accel_GNSS1,causal,0.5,R',T5,,5.75,
uplift_GNSS1,accel_GNSS1,causal,0.5,R',CP,0.0,5.75,-5.75
uplift_GNSS1,accel_GNSS1,causal,0.5,R',peak,0.0,5.75,-5.75
uplift_GNSS1,accel_GNSS1,causal,1.0,R,T2,,7.5,
uplift_GNSS1,accel_GNSS1,causal,1.0,R,T3,,7.5,
uplift_GNSS1,accel_GNSS1,causal,1.0,R,T5,,7.5,
uplift_GNSS1,accel_GNSS1,causal,1.0,R,CP,0.0,7.5,-7.5
uplift_GNSS1,accel_GNSS1,causal,1.0,R,peak,0.0,7.5,-7.5
uplift_GNSS1,accel_GNSS1,causal,1.0,R',T2,,7.5,
uplift_GNSS1,accel_GNSS1,causal,1.0,R',T3,,7.5,
uplift_GNSS1,accel_GNSS1,causal,1.0,R',T5,,7.5,
uplift_GNSS1,accel_GNSS1,causal,1.0,R',CP,0.0,7.5,-7.5
uplift_GNSS1,accel_GNSS1,causal,1.0,R',peak,0.0,7.5,-7.5
uplift_GNSS1,accel_GNSS1,causal,3.0,R,T2,,2.5,
uplift_GNSS1,accel_GNSS1,causal,3.0,R,T3,,2.5,
uplift_GNSS1,accel_GNSS1,causal,3.0,R,T5,,2.5,
uplift_GNSS1,accel_GNSS1,causal,3.0,R,CP,4.0,2.5,1.5
uplift_GNSS1,accel_GNSS1,causal,3.0,R,peak,-26.5,2.5,-29.0
uplift_GNSS1,accel_GNSS1,causal,3.0,R',T2,,2.5,
uplift_GNSS1,accel_GNSS1,causal,3.0,R',T3,,2.5,
uplift_GNSS1,accel_GNSS1,causal,3.0,R',T5,,2.5,
uplift_GNSS1,accel_GNSS1,causal,3.0,R',CP,18.5,2.5,16.0
uplift_GNSS1,accel_GNSS1,causal,3.0,R',peak,-26.5,2.5,-29.0
uplift_GNSS1,accel_GNSS1,causal-robust,0.25,R,T2,,2.25,
uplift_GNSS1,accel_GNSS1,causal-robust,0.25,R,T3,,2.25,
uplift_GNSS1,accel_GNSS1,causal-robust,0.25,R,T5,,2.25,
uplift_GNSS1,accel_GNSS1,causal-robust,0.25,R,CP,0.5,2.25,-1.75
uplift_GNSS1,accel_GNSS1,causal-robust,0.25,R,peak,0.5,2.25,-1.75
uplift_GNSS1,accel_GNSS1,causal-robust,0.25,R',T2,,2.25,
uplift_GNSS1,accel_GNSS1,causal-robust,0.25,R',T3,,2.25,
uplift_GNSS1,accel_GNSS1,causal-robust,0.25,R',T5,,2.25,
uplift_GNSS1,accel_GNSS1,causal-robust,0.25,R',CP,0.5,2.25,-1.75
uplift_GNSS1,accel_GNSS1,causal-robust,0.25,R',peak,0.5,2.25,-1.75
uplift_GNSS1,accel_GNSS1,causal-robust,0.5,R,T2,,8.5,
uplift_GNSS1,accel_GNSS1,causal-robust,0.5,R,T3,,8.5,
uplift_GNSS1,accel_GNSS1,causal-robust,0.5,R,T5,,8.5,
uplift_GNSS1,accel_GNSS1,causal-robust,0.5,R,CP,0.25,8.5,-8.25
uplift_GNSS1,accel_GNSS1,causal-robust,0.5,R,peak,-24.0,8.5,-32.5
uplift_GNSS1,accel_GNSS1,causal-robust,0.5,R',T2,,8.5,
uplift_GNSS1,accel_GNSS1,causal-robust,0.5,R',T3,,8.5,
uplift_GNSS1,accel_GNSS1,causal-robust,0.5,R',T5,,8.5,
uplift_GNSS1,accel_GNSS1,causal-robust,0.5,R',CP,1.0,8.5,-7.5
uplift_GNSS1,accel_GNSS1,causal-robust,0.5,R',peak,-24.0,8.5,-32.5
uplift_GNSS1,accel_GNSS1,causal-robust,1.0,R,T2,,3.25,
uplift_GNSS1,accel_GNSS1,causal-robust,1.0,R,T3,,3.25,
uplift_GNSS1,accel_GNSS1,causal-robust,1.0,R,T5,,3.25,
uplift_GNSS1,accel_GNSS1,causal-robust,1.0,R,CP,1.75,3.25,-1.5
uplift_GNSS1,accel_GNSS1,causal-robust,1.0,R,peak,1.0,3.25,-2.25
uplift_GNSS1,accel_GNSS1,causal-robust,1.0,R',T2,,3.25,
uplift_GNSS1,accel_GNSS1,causal-robust,1.0,R',T3,,3.25,
uplift_GNSS1,accel_GNSS1,causal-robust,1.0,R',T5,,3.25,
uplift_GNSS1,accel_GNSS1,causal-robust,1.0,R',CP,27.0,3.25,23.75
uplift_GNSS1,accel_GNSS1,causal-robust,1.0,R',peak,1.0,3.25,-2.25
uplift_GNSS1,accel_GNSS1,causal-robust,3.0,R,T2,,3.375,
uplift_GNSS1,accel_GNSS1,causal-robust,3.0,R,T3,,3.375,
uplift_GNSS1,accel_GNSS1,causal-robust,3.0,R,T5,,3.375,
uplift_GNSS1,accel_GNSS1,causal-robust,3.0,R,CP,-13.0,3.375,-16.375
uplift_GNSS1,accel_GNSS1,causal-robust,3.0,R,peak,-37.0,3.375,-40.375
uplift_GNSS1,accel_GNSS1,causal-robust,3.0,R',T2,-2.25,3.375,-5.625
uplift_GNSS1,accel_GNSS1,causal-robust,3.0,R',T3,30.0,3.375,26.625
uplift_GNSS1,accel_GNSS1,causal-robust,3.0,R',T5,,3.375,
uplift_GNSS1,accel_GNSS1,causal-robust,3.0,R',CP,-10.5,3.375,-13.875
uplift_GNSS1,accel_GNSS1,causal-robust,3.0,R',peak,-37.0,3.375,-40.375
uplift_GNSS1,speed_GNSS2,centred,0.25,R,T2,,0.0,
uplift_GNSS1,speed_GNSS2,centred,0.25,R,T3,,0.0,
uplift_GNSS1,speed_GNSS2,centred,0.25,R,T5,,0.0,
uplift_GNSS1,speed_GNSS2,centred,0.25,R,CP,-1.0,0.0,-1.0
uplift_GNSS1,speed_GNSS2,centred,0.25,R,peak,0.25,0.0,0.25
uplift_GNSS1,speed_GNSS2,centred,0.25,R',T2,,0.0,
uplift_GNSS1,speed_GNSS2,centred,0.25,R',T3,,0.0,
uplift_GNSS1,speed_GNSS2,centred,0.25,R',T5,,0.0,
uplift_GNSS1,speed_GNSS2,centred,0.25,R',CP,-1.0,0.0,-1.0
uplift_GNSS1,speed_GNSS2,centred,0.25,R',peak,0.25,0.0,0.25
uplift_GNSS1,speed_GNSS2,centred,0.5,R,T2,,0.0,
uplift_GNSS1,speed_GNSS2,centred,0.5,R,T3,,0.0,
uplift_GNSS1,speed_GNSS2,centred,0.5,R,T5,,0.0,
uplift_GNSS1,speed_GNSS2,centred,0.5,R,CP,-14.25,0.0,-14.25
uplift_GNSS1,speed_GNSS2,centred,0.5,R,peak,-11.75,0.0,-11.75
uplift_GNSS1,speed_GNSS2,centred,0.5,R',T2,-11.75,0.0,-11.75
uplift_GNSS1,speed_GNSS2,centred,0.5,R',T3,,0.0,
uplift_GNSS1,speed_GNSS2,centred,0.5,R',T5,,0.0,
uplift_GNSS1,speed_GNSS2,centred,0.5,R',CP,-14.25,0.0,-14.25
uplift_GNSS1,speed_GNSS2,centred,0.5,R',peak,-11.75,0.0,-11.75
uplift_GNSS1,speed_GNSS2,centred,1.0,R,T2,,0.0,
uplift_GNSS1,speed_GNSS2,centred,1.0,R,T3,,0.0,
uplift_GNSS1,speed_GNSS2,centred,1.0,R,T5,,0.0,
uplift_GNSS1,speed_GNSS2,centred,1.0,R,CP,-9.5,0.0,-9.5
uplift_GNSS1,speed_GNSS2,centred,1.0,R,peak,-37.25,0.0,-37.25
uplift_GNSS1,speed_GNSS2,centred,1.0,R',T2,-23.25,0.0,-23.25
uplift_GNSS1,speed_GNSS2,centred,1.0,R',T3,-21.25,0.0,-21.25
uplift_GNSS1,speed_GNSS2,centred,1.0,R',T5,,0.0,
uplift_GNSS1,speed_GNSS2,centred,1.0,R',CP,4.75,0.0,4.75
uplift_GNSS1,speed_GNSS2,centred,1.0,R',peak,-37.25,0.0,-37.25
uplift_GNSS1,speed_GNSS2,centred,3.0,R,T2,,0.0,
uplift_GNSS1,speed_GNSS2,centred,3.0,R,T3,,0.0,
uplift_GNSS1,speed_GNSS2,centred,3.0,R,T5,,0.0,
uplift_GNSS1,speed_GNSS2,centred,3.0,R,CP,-37.25,0.0,-37.25
uplift_GNSS1,speed_GNSS2,centred,3.0,R,peak,-27.5,0.0,-27.5
uplift_GNSS1,speed_GNSS2,centred,3.0,R',T2,5.75,0.0,5.75
uplift_GNSS1,speed_GNSS2,centred,3.0,R',T3,2.0,0.0,2.0
uplift_GNSS1,speed_GNSS2,centred,3.0,R',T5,-43.75,0.0,-43.75
uplift_GNSS1,speed_GNSS2,centred,3.0,R',CP,-25.5,0.0,-25.5
uplift_GNSS1,speed_GNSS2,centred,3.0,R',peak,-27.5,0.0,-27.5
uplift_GNSS1,speed_GNSS2,causal,0.25,R,T2,,0.75,
uplift_GNSS1,speed_GNSS2,causal,0.25,R,T3,,0.75,
uplift_GNSS1,speed_GNSS2,causal,0.25,R,T5,,0.75,
uplift_GNSS1,speed_GNSS2,causal,0.25,R,CP,0.5,0.75,-0.25
uplift_GNSS1,speed_GNSS2,causal,0.25,R,peak,0.5,0.75,-0.25
uplift_GNSS1,speed_GNSS2,causal,0.25,R',T2,,0.75,
uplift_GNSS1,speed_GNSS2,causal,0.25,R',T3,,0.75,
uplift_GNSS1,speed_GNSS2,causal,0.25,R',T5,,0.75,
uplift_GNSS1,speed_GNSS2,causal,0.25,R',CP,0.5,0.75,-0.25
uplift_GNSS1,speed_GNSS2,causal,0.25,R',peak,0.5,0.75,-0.25
uplift_GNSS1,speed_GNSS2,causal,0.5,R,T2,,5.75,
uplift_GNSS1,speed_GNSS2,causal,0.5,R,T3,,5.75,
uplift_GNSS1,speed_GNSS2,causal,0.5,R,T5,,5.75,
uplift_GNSS1,speed_GNSS2,causal,0.5,R,CP,0.0,5.75,-5.75
uplift_GNSS1,speed_GNSS2,causal,0.5,R,peak,0.0,5.75,-5.75
uplift_GNSS1,speed_GNSS2,causal,0.5,R',T2,,5.75,
uplift_GNSS1,speed_GNSS2,causal,0.5,R',T3,,5.75,
uplift_GNSS1,speed_GNSS2,causal,0.5,R',T5,,5.75,
uplift_GNSS1,speed_GNSS2,causal,0.5,R',CP,0.0,5.75,-5.75
uplift_GNSS1,speed_GNSS2,causal,0.5,R',peak,0.0,5.75,-5.75
uplift_GNSS1,speed_GNSS2,causal,1.0,R,T2,,7.5,
uplift_GNSS1,speed_GNSS2,causal,1.0,R,T3,,7.5,
uplift_GNSS1,speed_GNSS2,causal,1.0,R,T5,,7.5,
uplift_GNSS1,speed_GNSS2,causal,1.0,R,CP,0.0,7.5,-7.5
uplift_GNSS1,speed_GNSS2,causal,1.0,R,peak,0.0,7.5,-7.5
uplift_GNSS1,speed_GNSS2,causal,1.0,R',T2,,7.5,
uplift_GNSS1,speed_GNSS2,causal,1.0,R',T3,,7.5,
uplift_GNSS1,speed_GNSS2,causal,1.0,R',T5,,7.5,
uplift_GNSS1,speed_GNSS2,causal,1.0,R',CP,0.0,7.5,-7.5
uplift_GNSS1,speed_GNSS2,causal,1.0,R',peak,0.0,7.5,-7.5
uplift_GNSS1,speed_GNSS2,causal,3.0,R,T2,,2.5,
uplift_GNSS1,speed_GNSS2,causal,3.0,R,T3,,2.5,
uplift_GNSS1,speed_GNSS2,causal,3.0,R,T5,,2.5,
uplift_GNSS1,speed_GNSS2,causal,3.0,R,CP,4.0,2.5,1.5
uplift_GNSS1,speed_GNSS2,causal,3.0,R,peak,-26.5,2.5,-29.0
uplift_GNSS1,speed_GNSS2,causal,3.0,R',T2,,2.5,
uplift_GNSS1,speed_GNSS2,causal,3.0,R',T3,,2.5,
uplift_GNSS1,speed_GNSS2,causal,3.0,R',T5,,2.5,
uplift_GNSS1,speed_GNSS2,causal,3.0,R',CP,18.5,2.5,16.0
uplift_GNSS1,speed_GNSS2,causal,3.0,R',peak,-26.5,2.5,-29.0
uplift_GNSS1,speed_GNSS2,causal-robust,0.25,R,T2,,2.25,
uplift_GNSS1,speed_GNSS2,causal-robust,0.25,R,T3,,2.25,
uplift_GNSS1,speed_GNSS2,causal-robust,0.25,R,T5,,2.25,
uplift_GNSS1,speed_GNSS2,causal-robust,0.25,R,CP,0.5,2.25,-1.75
uplift_GNSS1,speed_GNSS2,causal-robust,0.25,R,peak,0.5,2.25,-1.75
uplift_GNSS1,speed_GNSS2,causal-robust,0.25,R',T2,,2.25,
uplift_GNSS1,speed_GNSS2,causal-robust,0.25,R',T3,,2.25,
uplift_GNSS1,speed_GNSS2,causal-robust,0.25,R',T5,,2.25,
uplift_GNSS1,speed_GNSS2,causal-robust,0.25,R',CP,0.5,2.25,-1.75
uplift_GNSS1,speed_GNSS2,causal-robust,0.25,R',peak,0.5,2.25,-1.75
uplift_GNSS1,speed_GNSS2,causal-robust,0.5,R,T2,,8.5,
uplift_GNSS1,speed_GNSS2,causal-robust,0.5,R,T3,,8.5,
uplift_GNSS1,speed_GNSS2,causal-robust,0.5,R,T5,,8.5,
uplift_GNSS1,speed_GNSS2,causal-robust,0.5,R,CP,0.25,8.5,-8.25
uplift_GNSS1,speed_GNSS2,causal-robust,0.5,R,peak,-24.0,8.5,-32.5
uplift_GNSS1,speed_GNSS2,causal-robust,0.5,R',T2,,8.5,
uplift_GNSS1,speed_GNSS2,causal-robust,0.5,R',T3,,8.5,
uplift_GNSS1,speed_GNSS2,causal-robust,0.5,R',T5,,8.5,
uplift_GNSS1,speed_GNSS2,causal-robust,0.5,R',CP,1.0,8.5,-7.5
uplift_GNSS1,speed_GNSS2,causal-robust,0.5,R',peak,-24.0,8.5,-32.5
uplift_GNSS1,speed_GNSS2,causal-robust,1.0,R,T2,,3.25,
uplift_GNSS1,speed_GNSS2,causal-robust,1.0,R,T3,,3.25,
uplift_GNSS1,speed_GNSS2,causal-robust,1.0,R,T5,,3.25,
uplift_GNSS1,speed_GNSS2,causal-robust,1.0,R,CP,-38.5,3.25,-41.75
uplift_GNSS1,speed_GNSS2,causal-robust,1.0,R,peak,-36.75,3.25,-40.0
uplift_GNSS1,speed_GNSS2,causal-robust,1.0,R',T2,-36.5,3.25,-39.75
uplift_GNSS1,speed_GNSS2,causal-robust,1.0,R',T3,,3.25,
uplift_GNSS1,speed_GNSS2,causal-robust,1.0,R',T5,,3.25,
uplift_GNSS1,speed_GNSS2,causal-robust,1.0,R',CP,-13.25,3.25,-16.5
uplift_GNSS1,speed_GNSS2,causal-robust,1.0,R',peak,-36.75,3.25,-40.0
uplift_GNSS1,speed_GNSS2,causal-robust,3.0,R,T2,,3.375,
uplift_GNSS1,speed_GNSS2,causal-robust,3.0,R,T3,,3.375,
uplift_GNSS1,speed_GNSS2,causal-robust,3.0,R,T5,,3.375,
uplift_GNSS1,speed_GNSS2,causal-robust,3.0,R,CP,-13.0,3.375,-16.375
uplift_GNSS1,speed_GNSS2,causal-robust,3.0,R,peak,-37.0,3.375,-40.375
uplift_GNSS1,speed_GNSS2,causal-robust,3.0,R',T2,8.75,3.375,5.375
uplift_GNSS1,speed_GNSS2,causal-robust,3.0,R',T3,7.5,3.375,4.125
uplift_GNSS1,speed_GNSS2,causal-robust,3.0,R',T5,-1.0,3.375,-4.375
uplift_GNSS1,speed_GNSS2,causal-robust,3.0,R',CP,-10.25,3.375,-13.625
uplift_GNSS1,speed_GNSS2,causal-robust,3.0,R',peak,-37.0,3.375,-40.375
rain,level,centred,0.25,R,T2,18.75,0.0,18.75
rain,level,centred,0.25,R,T3,19.75,0.0,19.75
rain,level,centred,0.25,R,T5,23.5,0.0,23.5
rain,level,centred,0.25,R,CP,20.25,0.0,20.25
rain,level,centred,0.25,R,peak,37.25,0.0,37.25
rain,level,centred,0.25,R',T2,17.25,0.0,17.25
rain,level,centred,0.25,R',T3,17.25,0.0,17.25
rain,level,centred,0.25,R',T5,18.0,0.0,18.0
rain,level,centred,0.25,R',CP,19.75,0.0,19.75
rain,level,centred,0.25,R',peak,37.25,0.0,37.25
rain,level,centred,0.5,R,T2,24.5,0.0,24.5
rain,level,centred,0.5,R,T3,20.0,0.0,20.0
rain,level,centred,0.5,R,T5,23.75,0.0,23.75
rain,level,centred,0.5,R,CP,20.75,0.0,20.75
rain,level,centred,0.5,R,peak,36.75,0.0,36.75
rain,level,centred,0.5,R',T2,17.5,0.0,17.5
rain,level,centred,0.5,R',T3,17.5,0.0,17.5
rain,level,centred,0.5,R',T5,18.25,0.0,18.25
rain,level,centred,0.5,R',CP,20.25,0.0,20.25
rain,level,centred,0.5,R',peak,36.75,0.0,36.75
rain,level,centred,1.0,R,T2,24.75,0.0,24.75
rain,level,centred,1.0,R,T3,21.0,0.0,21.0
rain,level,centred,1.0,R,T5,24.25,0.0,24.25
rain,level,centred,1.0,R,CP,21.5,0.0,21.5
rain,level,centred,1.0,R,peak,36.0,0.0,36.0
rain,level,centred,1.0,R',T2,18.25,0.0,18.25
rain,level,centred,1.0,R',T3,18.25,0.0,18.25
rain,level,centred,1.0,R',T5,19.0,0.0,19.0
rain,level,centred,1.0,R',CP,20.75,0.0,20.75
rain,level,centred,1.0,R',peak,36.0,0.0,36.0
rain,level,centred,3.0,R,T2,25.5,0.0,25.5
rain,level,centred,3.0,R,T3,25.75,0.0,25.75
rain,level,centred,3.0,R,T5,26.75,0.0,26.75
rain,level,centred,3.0,R,CP,24.25,0.0,24.25
rain,level,centred,3.0,R,peak,34.25,0.0,34.25
rain,level,centred,3.0,R',T2,22.5,0.0,22.5
rain,level,centred,3.0,R',T3,22.25,0.0,22.25
rain,level,centred,3.0,R',T5,22.5,0.0,22.5
rain,level,centred,3.0,R',CP,23.25,0.0,23.25
rain,level,centred,3.0,R',peak,34.25,0.0,34.25
rain,level,causal,0.25,R,T2,17.75,0.0,17.75
rain,level,causal,0.25,R,T3,18.75,0.0,18.75
rain,level,causal,0.25,R,T5,23.0,0.0,23.0
rain,level,causal,0.25,R,CP,20.25,0.0,20.25
rain,level,causal,0.25,R,peak,37.5,0.0,37.5
rain,level,causal,0.25,R',T2,16.5,0.0,16.5
rain,level,causal,0.25,R',T3,17.25,0.0,17.25
rain,level,causal,0.25,R',T5,18.0,0.0,18.0
rain,level,causal,0.25,R',CP,19.75,0.0,19.75
rain,level,causal,0.25,R',peak,37.5,0.0,37.5
rain,level,causal,0.5,R,T2,18.25,0.0,18.25
rain,level,causal,0.5,R,T3,18.75,0.0,18.75
rain,level,causal,0.5,R,T5,23.25,0.0,23.25
rain,level,causal,0.5,R,CP,20.25,0.0,20.25
rain,level,causal,0.5,R,peak,37.5,0.0,37.5
rain,level,causal,0.5,R',T2,16.75,0.0,16.75
rain,level,causal,0.5,R',T3,17.25,0.0,17.25
rain,level,causal,0.5,R',T5,18.0,0.0,18.0
rain,level,causal,0.5,R',CP,19.75,0.0,19.75
rain,level,causal,0.5,R',peak,37.5,0.0,37.5
rain,level,causal,1.0,R,T2,17.75,0.0,17.75
rain,level,causal,1.0,R,T3,18.75,0.0,18.75
rain,level,causal,1.0,R,T5,23.25,0.0,23.25
rain,level,causal,1.0,R,CP,20.25,0.0,20.25
rain,level,causal,1.0,R,peak,37.0,0.0,37.0
rain,level,causal,1.0,R',T2,16.75,0.0,16.75
rain,level,causal,1.0,R',T3,17.25,0.0,17.25
rain,level,causal,1.0,R',T5,17.75,0.0,17.75
rain,level,causal,1.0,R',CP,19.75,0.0,19.75
rain,level,causal,1.0,R',peak,37.0,0.0,37.0
rain,level,causal,3.0,R,T2,18.5,0.0,18.5
rain,level,causal,3.0,R,T3,19.0,0.0,19.0
rain,level,causal,3.0,R,T5,21.25,0.0,21.25
rain,level,causal,3.0,R,CP,20.5,0.0,20.5
rain,level,causal,3.0,R,peak,37.0,0.0,37.0
rain,level,causal,3.0,R',T2,17.0,0.0,17.0
rain,level,causal,3.0,R',T3,17.5,0.0,17.5
rain,level,causal,3.0,R',T5,18.25,0.0,18.25
rain,level,causal,3.0,R',CP,20.0,0.0,20.0
rain,level,causal,3.0,R',peak,37.0,0.0,37.0
rain,level,causal-robust,0.25,R,T2,17.75,0.0,17.75
rain,level,causal-robust,0.25,R,T3,18.75,0.0,18.75
rain,level,causal-robust,0.25,R,T5,23.0,0.0,23.0
rain,level,causal-robust,0.25,R,CP,20.25,0.0,20.25
rain,level,causal-robust,0.25,R,peak,37.5,0.0,37.5
rain,level,causal-robust,0.25,R',T2,16.5,0.0,16.5
rain,level,causal-robust,0.25,R',T3,17.25,0.0,17.25
rain,level,causal-robust,0.25,R',T5,18.0,0.0,18.0
rain,level,causal-robust,0.25,R',CP,19.75,0.0,19.75
rain,level,causal-robust,0.25,R',peak,37.5,0.0,37.5
rain,level,causal-robust,0.5,R,T2,18.25,0.0,18.25
rain,level,causal-robust,0.5,R,T3,18.75,0.0,18.75
rain,level,causal-robust,0.5,R,T5,23.25,0.0,23.25
rain,level,causal-robust,0.5,R,CP,20.25,0.0,20.25
rain,level,causal-robust,0.5,R,peak,37.5,0.0,37.5
rain,level,causal-robust,0.5,R',T2,16.75,0.0,16.75
rain,level,causal-robust,0.5,R',T3,17.25,0.0,17.25
rain,level,causal-robust,0.5,R',T5,18.0,0.0,18.0
rain,level,causal-robust,0.5,R',CP,19.75,0.0,19.75
rain,level,causal-robust,0.5,R',peak,37.5,0.0,37.5
rain,level,causal-robust,1.0,R,T2,17.75,0.0,17.75
rain,level,causal-robust,1.0,R,T3,18.75,0.0,18.75
rain,level,causal-robust,1.0,R,T5,23.25,0.0,23.25
rain,level,causal-robust,1.0,R,CP,20.25,0.0,20.25
rain,level,causal-robust,1.0,R,peak,37.0,0.0,37.0
rain,level,causal-robust,1.0,R',T2,16.75,0.0,16.75
rain,level,causal-robust,1.0,R',T3,17.25,0.0,17.25
rain,level,causal-robust,1.0,R',T5,17.75,0.0,17.75
rain,level,causal-robust,1.0,R',CP,19.75,0.0,19.75
rain,level,causal-robust,1.0,R',peak,37.0,0.0,37.0
rain,level,causal-robust,3.0,R,T2,18.5,0.0,18.5
rain,level,causal-robust,3.0,R,T3,19.0,0.0,19.0
rain,level,causal-robust,3.0,R,T5,21.25,0.0,21.25
rain,level,causal-robust,3.0,R,CP,20.5,0.0,20.5
rain,level,causal-robust,3.0,R,peak,37.0,0.0,37.0
rain,level,causal-robust,3.0,R',T2,17.0,0.0,17.0
rain,level,causal-robust,3.0,R',T3,17.5,0.0,17.5
rain,level,causal-robust,3.0,R',T5,18.25,0.0,18.25
rain,level,causal-robust,3.0,R',CP,20.0,0.0,20.0
rain,level,causal-robust,3.0,R',peak,37.0,0.0,37.0
tpos,level,centred,0.25,R,T2,27.25,0.0,27.25
tpos,level,centred,0.25,R,T3,28.25,0.0,28.25
tpos,level,centred,0.25,R,T5,,0.0,
tpos,level,centred,0.25,R,CP,35.25,0.0,35.25
tpos,level,centred,0.25,R,peak,38.0,0.0,38.0
tpos,level,centred,0.25,R',T2,25.75,0.0,25.75
tpos,level,centred,0.25,R',T3,25.5,0.0,25.5
tpos,level,centred,0.25,R',T5,,0.0,
tpos,level,centred,0.25,R',CP,33.0,0.0,33.0
tpos,level,centred,0.25,R',peak,38.0,0.0,38.0
tpos,level,centred,0.5,R,T2,27.25,0.0,27.25
tpos,level,centred,0.5,R,T3,28.25,0.0,28.25
tpos,level,centred,0.5,R,T5,17.0,0.0,17.0
tpos,level,centred,0.5,R,CP,37.25,0.0,37.25
tpos,level,centred,0.5,R,peak,30.5,0.0,30.5
tpos,level,centred,0.5,R',T2,25.75,0.0,25.75
tpos,level,centred,0.5,R',T3,26.0,0.0,26.0
tpos,level,centred,0.5,R',T5,,0.0,
tpos,level,centred,0.5,R',CP,35.5,0.0,35.5
tpos,level,centred,0.5,R',peak,30.5,0.0,30.5
tpos,level,centred,1.0,R,T2,27.25,0.0,27.25
tpos,level,centred,1.0,R,T3,28.5,0.0,28.5
tpos,level,centred,1.0,R,T5,31.25,0.0,31.25
tpos,level,centred,1.0,R,CP,37.75,0.0,37.75
tpos,level,centred,1.0,R,peak,29.75,0.0,29.75
tpos,level,centred,1.0,R',T2,25.75,0.0,25.75
tpos,level,centred,1.0,R',T3,26.0,0.0,26.0
tpos,level,centred,1.0,R',T5,,0.0,
tpos,level,centred,1.0,R',CP,35.5,0.0,35.5
tpos,level,centred,1.0,R',peak,29.75,0.0,29.75
tpos,level,centred,3.0,R,T2,27.5,0.0,27.5
tpos,level,centred,3.0,R,T3,28.75,0.0,28.75
tpos,level,centred,3.0,R,T5,26.75,0.0,26.75
tpos,level,centred,3.0,R,CP,35.0,0.0,35.0
tpos,level,centred,3.0,R,peak,34.5,0.0,34.5
tpos,level,centred,3.0,R',T2,25.25,0.0,25.25
tpos,level,centred,3.0,R',T3,25.25,0.0,25.25
tpos,level,centred,3.0,R',T5,19.25,0.0,19.25
tpos,level,centred,3.0,R',CP,33.0,0.0,33.0
tpos,level,centred,3.0,R',peak,34.5,0.0,34.5
tpos,level,causal,0.25,R,T2,26.75,0.0,26.75
tpos,level,causal,0.25,R,T3,12.5,0.0,12.5
tpos,level,causal,0.25,R,T5,,0.0,
tpos,level,causal,0.25,R,CP,35.5,0.0,35.5
tpos,level,causal,0.25,R,peak,38.25,0.0,38.25
tpos,level,causal,0.25,R',T2,25.5,0.0,25.5
tpos,level,causal,0.25,R',T3,,0.0,
tpos,level,causal,0.25,R',T5,,0.0,
tpos,level,causal,0.25,R',CP,33.0,0.0,33.0
tpos,level,causal,0.25,R',peak,38.25,0.0,38.25
tpos,level,causal,0.5,R,T2,26.75,0.0,26.75
tpos,level,causal,0.5,R,T3,27.75,0.0,27.75
tpos,level,causal,0.5,R,T5,,0.0,
tpos,level,causal,0.5,R,CP,35.25,0.0,35.25
tpos,level,causal,0.5,R,peak,38.0,0.0,38.0
tpos,level,causal,0.5,R',T2,25.75,0.0,25.75
tpos,level,causal,0.5,R',T3,15.25,0.0,15.25
tpos,level,causal,0.5,R',T5,,0.0,
tpos,level,causal,0.5,R',CP,32.75,0.0,32.75
tpos,level,causal,0.5,R',peak,38.0,0.0,38.0
tpos,level,causal,1.0,R,T2,26.75,0.0,26.75
tpos,level,causal,1.0,R,T3,27.75,0.0,27.75
tpos,level,causal,1.0,R,T5,,0.0,
tpos,level,causal,1.0,R,CP,37.5,0.0,37.5
tpos,level,causal,1.0,R,peak,31.0,0.0,31.0
tpos,level,causal,1.0,R',T2,25.75,0.0,25.75
tpos,level,causal,1.0,R',T3,26.25,0.0,26.25
tpos,level,causal,1.0,R',T5,,0.0,
tpos,level,causal,1.0,R',CP,35.75,0.0,35.75
tpos,level,causal,1.0,R',peak,31.0,0.0,31.0
tpos,level,causal,3.0,R,T2,27.5,0.0,27.5
tpos,level,causal,3.0,R,T3,28.25,0.0,28.25
tpos,level,causal,3.0,R,T5,29.75,0.0,29.75
tpos,level,causal,3.0,R,CP,30.25,0.0,30.25
tpos,level,causal,3.0,R,peak,45.5,0.0,45.5
tpos,level,causal,3.0,R',T2,26.25,0.0,26.25
tpos,level,causal,3.0,R',T3,26.75,0.0,26.75
tpos,level,causal,3.0,R',T5,27.0,0.0,27.0
tpos,level,causal,3.0,R',CP,29.75,0.0,29.75
tpos,level,causal,3.0,R',peak,45.5,0.0,45.5
tpos,level,causal-robust,0.25,R,T2,26.75,0.0,26.75
tpos,level,causal-robust,0.25,R,T3,12.5,0.0,12.5
tpos,level,causal-robust,0.25,R,T5,,0.0,
tpos,level,causal-robust,0.25,R,CP,35.5,0.0,35.5
tpos,level,causal-robust,0.25,R,peak,38.25,0.0,38.25
tpos,level,causal-robust,0.25,R',T2,25.5,0.0,25.5
tpos,level,causal-robust,0.25,R',T3,,0.0,
tpos,level,causal-robust,0.25,R',T5,,0.0,
tpos,level,causal-robust,0.25,R',CP,33.0,0.0,33.0
tpos,level,causal-robust,0.25,R',peak,38.25,0.0,38.25
tpos,level,causal-robust,0.5,R,T2,26.75,0.0,26.75
tpos,level,causal-robust,0.5,R,T3,27.75,0.0,27.75
tpos,level,causal-robust,0.5,R,T5,,0.0,
tpos,level,causal-robust,0.5,R,CP,35.25,0.0,35.25
tpos,level,causal-robust,0.5,R,peak,38.0,0.0,38.0
tpos,level,causal-robust,0.5,R',T2,25.75,0.0,25.75
tpos,level,causal-robust,0.5,R',T3,15.25,0.0,15.25
tpos,level,causal-robust,0.5,R',T5,,0.0,
tpos,level,causal-robust,0.5,R',CP,32.75,0.0,32.75
tpos,level,causal-robust,0.5,R',peak,38.0,0.0,38.0
tpos,level,causal-robust,1.0,R,T2,26.75,0.0,26.75
tpos,level,causal-robust,1.0,R,T3,27.75,0.0,27.75
tpos,level,causal-robust,1.0,R,T5,,0.0,
tpos,level,causal-robust,1.0,R,CP,37.5,0.0,37.5
tpos,level,causal-robust,1.0,R,peak,31.0,0.0,31.0
tpos,level,causal-robust,1.0,R',T2,25.75,0.0,25.75
tpos,level,causal-robust,1.0,R',T3,26.25,0.0,26.25
tpos,level,causal-robust,1.0,R',T5,,0.0,
tpos,level,causal-robust,1.0,R',CP,35.75,0.0,35.75
tpos,level,causal-robust,1.0,R',peak,31.0,0.0,31.0
tpos,level,causal-robust,3.0,R,T2,27.5,0.0,27.5
tpos,level,causal-robust,3.0,R,T3,28.25,0.0,28.25
tpos,level,causal-robust,3.0,R,T5,29.75,0.0,29.75
tpos,level,causal-robust,3.0,R,CP,30.25,0.0,30.25
tpos,level,causal-robust,3.0,R,peak,45.5,0.0,45.5
tpos,level,causal-robust,3.0,R',T2,26.25,0.0,26.25
tpos,level,causal-robust,3.0,R',T3,26.75,0.0,26.75
tpos,level,causal-robust,3.0,R',T5,27.0,0.0,27.0
tpos,level,causal-robust,3.0,R',CP,29.75,0.0,29.75
tpos,level,causal-robust,3.0,R',peak,45.5,0.0,45.5
