basal,endpoint,proc,version,n_combinations,n_defined,median_h,min_h,max_h,label,status
level,accel_GNSS1,causal,delay-corrected (primary),32,8,10.0,-8.25,13.75,"indeterminate (n = 1 event, one site)",pre-registered (§ 6.5)
level,accel_GNSS1,causal,uncorrected (d = 0),32,8,16.25,-7.5,17.0,"indeterminate (n = 1 event, one site)",pre-registered (§ 6.5)
level,accel_GNSS1,causal-robust,delay-corrected (primary),32,12,6.4375,-18.125,40.5,"indeterminate (n = 1 event, one site)",pre-registered (§ 6.5)
level,accel_GNSS1,causal-robust,uncorrected (d = 0),32,12,12.375,-14.75,43.75,"indeterminate (n = 1 event, one site)",pre-registered (§ 6.5)
level,accel_GNSS1,centred,delay-corrected (primary),32,10,16.25,10.5,47.25,"indeterminate (n = 1 event, one site) — uses future data",pre-registered (§ 6.5)
level,accel_GNSS1,centred,uncorrected (d = 0),32,10,16.25,10.5,47.25,"indeterminate (n = 1 event, one site) — uses future data",pre-registered (§ 6.5)
level,speed_GNSS1,causal,delay-corrected (primary),32,8,10.0,-8.25,14.0,"indeterminate (n = 1 event, one site)",pre-registered (§ 6.5)
level,speed_GNSS1,causal,uncorrected (d = 0),32,8,16.375,-7.5,17.0,"indeterminate (n = 1 event, one site)",pre-registered (§ 6.5)
level,speed_GNSS1,causal-robust,delay-corrected (primary),32,12,6.8125,-18.125,15.0,"indeterminate (n = 1 event, one site)",pre-registered (§ 6.5)
level,speed_GNSS1,causal-robust,uncorrected (d = 0),32,12,12.5,-14.75,17.25,"indeterminate (n = 1 event, one site)",pre-registered (§ 6.5)
level,speed_GNSS1,centred,delay-corrected (primary),32,15,14.25,6.0,43.5,"indeterminate (n = 1 event, one site) — uses future data",pre-registered (§ 6.5)
level,speed_GNSS1,centred,uncorrected (d = 0),32,15,14.25,6.0,43.5,"indeterminate (n = 1 event, one site) — uses future data",pre-registered (§ 6.5)
level,speed_GNSS2,causal,delay-corrected (primary),32,8,12.25,8.75,16.5,"indeterminate (n = 1 event, one site)",pre-registered (§ 6.5)
level,speed_GNSS2,causal,uncorrected (d = 0),32,8,16.625,15.75,17.25,"indeterminate (n = 1 event, one site)",pre-registered (§ 6.5)
level,speed_GNSS2,causal-robust,delay-corrected (primary),32,16,1.75,-19.125,15.0,"level leads (n = 1 event, one site)",pre-registered (§ 6.5)
level,speed_GNSS2,causal-robust,uncorrected (d = 0),32,16,5.125,-15.75,17.25,"level leads (n = 1 event, one site)",pre-registered (§ 6.5)
level,speed_GNSS2,centred,delay-corrected (primary),32,19,2.5,-22.5,16.0,"level leads (n = 1 event, one site) — uses future data",pre-registered (§ 6.5)
level,speed_GNSS2,centred,uncorrected (d = 0),32,19,2.5,-22.5,16.0,"level leads (n = 1 event, one site) — uses future data",pre-registered (§ 6.5)
level_v102,accel_GNSS1,causal,delay-corrected (primary),32,8,10.0,-8.25,13.75,"indeterminate (n = 1 event, one site)",pre-registered (§ 6.5)
level_v102,accel_GNSS1,causal,uncorrected (d = 0),32,8,16.25,-7.5,17.0,"indeterminate (n = 1 event, one site)",pre-registered (§ 6.5)
level_v102,accel_GNSS1,causal-robust,delay-corrected (primary),32,12,6.4375,-18.125,40.5,"indeterminate (n = 1 event, one site)",pre-registered (§ 6.5)
level_v102,accel_GNSS1,causal-robust,uncorrected (d = 0),32,12,12.375,-14.75,43.75,"indeterminate (n = 1 event, one site)",pre-registered (§ 6.5)
level_v102,accel_GNSS1,centred,delay-corrected (primary),32,10,16.125,10.5,47.25,"indeterminate (n = 1 event, one site) — uses future data",pre-registered (§ 6.5)
level_v102,accel_GNSS1,centred,uncorrected (d = 0),32,10,16.125,10.5,47.25,"indeterminate (n = 1 event, one site) — uses future data",pre-registered (§ 6.5)
level_v102,speed_GNSS1,causal,delay-corrected (primary),32,8,10.0,-8.25,14.0,"indeterminate (n = 1 event, one site)",pre-registered (§ 6.5)
level_v102,speed_GNSS1,causal,uncorrected (d = 0),32,8,16.375,-7.5,17.0,"indeterminate (n = 1 event, one site)",pre-registered (§ 6.5)
level_v102,speed_GNSS1,causal-robust,delay-corrected (primary),32,12,6.8125,-18.125,15.0,"indeterminate (n = 1 event, one site)",pre-registered (§ 6.5)
level_v102,speed_GNSS1,causal-robust,uncorrected (d = 0),32,12,12.5,-14.75,17.25,"indeterminate (n = 1 event, one site)",pre-registered (§ 6.5)
level_v102,speed_GNSS1,centred,delay-corrected (primary),32,15,14.5,6.0,43.5,"indeterminate (n = 1 event, one site) — uses future data",pre-registered (§ 6.5)
level_v102,speed_GNSS1,centred,uncorrected (d = 0),32,15,14.5,6.0,43.5,"indeterminate (n = 1 event, one site) — uses future data",pre-registered (§ 6.5)
level_v102,speed_GNSS2,causal,delay-corrected (primary),32,8,12.25,8.75,16.5,"indeterminate (n = 1 event, one site)",pre-registered (§ 6.5)
level_v102,speed_GNSS2,causal,uncorrected (d = 0),32,8,16.625,15.75,17.25,"indeterminate (n = 1 event, one site)",pre-registered (§ 6.5)
level_v102,speed_GNSS2,causal-robust,delay-corrected (primary),32,16,1.75,-19.125,15.0,"level_v102 leads (n = 1 event, one site)",pre-registered (§ 6.5)
level_v102,speed_GNSS2,causal-robust,uncorrected (d = 0),32,16,5.125,-15.75,17.25,"level_v102 leads (n = 1 event, one site)",pre-registered (§ 6.5)
level_v102,speed_GNSS2,centred,delay-corrected (primary),32,19,2.5,-22.5,16.0,"level_v102 leads (n = 1 event, one site) — uses future data",pre-registered (§ 6.5)
level_v102,speed_GNSS2,centred,uncorrected (d = 0),32,19,2.5,-22.5,16.0,"level_v102 leads (n = 1 event, one site) — uses future data",pre-registered (§ 6.5)
rain,level,causal,delay-corrected (primary),32,32,18.625,16.5,23.25,"rain leads (n = 1 event, one site)",pre-registered (§ 6.5)
rain,level,causal,uncorrected (d = 0),32,32,18.625,16.5,23.25,"rain leads (n = 1 event, one site)",pre-registered (§ 6.5)
rain,level,causal-robust,delay-corrected (primary),32,32,18.625,16.5,23.25,"rain leads (n = 1 event, one site)",pre-registered (§ 6.5)
rain,level,causal-robust,uncorrected (d = 0),32,32,18.625,16.5,23.25,"rain leads (n = 1 event, one site)",pre-registered (§ 6.5)
rain,level,centred,delay-corrected (primary),32,32,20.75,17.25,26.75,"rain leads (n = 1 event, one site) — uses future data",pre-registered (§ 6.5)
rain,level,centred,uncorrected (d = 0),32,32,20.75,17.25,26.75,"rain leads (n = 1 event, one site) — uses future data",pre-registered (§ 6.5)
tpos,level,causal,delay-corrected (primary),32,25,27.5,12.5,37.5,"tpos leads (n = 1 event, one site)",pre-registered (§ 6.5)
tpos,level,causal,uncorrected (d = 0),32,25,27.5,12.5,37.5,"tpos leads (n = 1 event, one site)",pre-registered (§ 6.5)
tpos,level,causal-robust,delay-corrected (primary),32,25,27.5,12.5,37.5,"tpos leads (n = 1 event, one site)",pre-registered (§ 6.5)
tpos,level,causal-robust,uncorrected (d = 0),32,25,27.5,12.5,37.5,"tpos leads (n = 1 event, one site)",pre-registered (§ 6.5)
tpos,level,centred,delay-corrected (primary),32,28,27.375,17.0,37.75,"tpos leads (n = 1 event, one site) — uses future data",pre-registered (§ 6.5)
tpos,level,centred,uncorrected (d = 0),32,28,27.375,17.0,37.75,"tpos leads (n = 1 event, one site) — uses future data",pre-registered (§ 6.5)
uplift_GNSS1,accel_GNSS1,causal,delay-corrected (primary),32,8,-6.625,-24.5,16.0,"indeterminate (n = 1 event, one site)",pre-registered (§ 6.5)
uplift_GNSS1,accel_GNSS1,causal,uncorrected (d = 0),32,8,0.0,-23.75,18.5,"indeterminate (n = 1 event, one site)",pre-registered (§ 6.5)
uplift_GNSS1,accel_GNSS1,causal-robust,delay-corrected (primary),32,10,-1.75,-15.625,26.875,"indeterminate (n = 1 event, one site)",pre-registered (§ 6.5)
uplift_GNSS1,accel_GNSS1,causal-robust,uncorrected (d = 0),32,10,0.75,-12.25,30.25,"indeterminate (n = 1 event, one site)",pre-registered (§ 6.5)
uplift_GNSS1,accel_GNSS1,centred,delay-corrected (primary),32,9,26.25,-2.0,49.25,"indeterminate (n = 1 event, one site) — uses future data",pre-registered (§ 6.5)
uplift_GNSS1,accel_GNSS1,centred,uncorrected (d = 0),32,9,26.25,-2.0,49.25,"indeterminate (n = 1 event, one site) — uses future data",pre-registered (§ 6.5)
uplift_GNSS1,speed_GNSS1,causal,delay-corrected (primary),32,8,-6.625,-24.5,16.25,"indeterminate (n = 1 event, one site)",pre-registered (§ 6.5)
uplift_GNSS1,speed_GNSS1,causal,uncorrected (d = 0),32,8,0.0,-23.75,18.75,"indeterminate (n = 1 event, one site)",pre-registered (§ 6.5)
uplift_GNSS1,speed_GNSS1,causal-robust,delay-corrected (primary),32,10,-5.5,-28.75,28.875,"indeterminate (n = 1 event, one site)",pre-registered (§ 6.5)
uplift_GNSS1,speed_GNSS1,causal-robust,uncorrected (d = 0),32,10,0.375,-25.5,32.25,"indeterminate (n = 1 event, one site)",pre-registered (§ 6.5)
uplift_GNSS1,speed_GNSS1,centred,delay-corrected (primary),32,11,26.5,-3.0,44.75,"indeterminate (n = 1 event, one site) — uses future data",pre-registered (§ 6.5)
uplift_GNSS1,speed_GNSS1,centred,uncorrected (d = 0),32,11,26.5,-3.0,44.75,"indeterminate (n = 1 event, one site) — uses future data",pre-registered (§ 6.5)
uplift_GNSS1,speed_GNSS2,causal,delay-corrected (primary),32,8,-3.0,-7.5,16.0,"indeterminate (n = 1 event, one site)",pre-registered (§ 6.5)
uplift_GNSS1,speed_GNSS2,causal,uncorrected (d = 0),32,8,0.25,0.0,18.5,"indeterminate (n = 1 event, one site)",pre-registered (§ 6.5)
uplift_GNSS1,speed_GNSS2,causal-robust,delay-corrected (primary),32,12,-7.875,-41.5,5.875,"indeterminate (n = 1 event, one site)",pre-registered (§ 6.5)
uplift_GNSS1,speed_GNSS2,causal-robust,uncorrected (d = 0),32,12,-0.125,-38.25,9.25,"indeterminate (n = 1 event, one site)",pre-registered (§ 6.5)
uplift_GNSS1,speed_GNSS2,centred,delay-corrected (primary),32,13,-12.0,-35.0,10.75,"indeterminate (n = 1 event, one site) — uses future data",pre-registered (§ 6.5)
uplift_GNSS1,speed_GNSS2,centred,uncorrected (d = 0),32,13,-12.0,-35.0,10.75,"indeterminate (n = 1 event, one site) — uses future data",pre-registered (§ 6.5)
