station,h,var,max_abs_diff,tolerance,ok
GNSS1,1,speed,0.13861781642807963,0.001,False
GNSS1,1,uplift,0.0,0.001,True
GNSS2,1,speed,0.03176832511956018,0.001,False
GNSS2,1,uplift,0.0,0.001,True
GNSS1,3,speed,0.001721569686374269,0.001,False
GNSS1,3,uplift,0.0,0.001,True
GNSS2,3,speed,0.0012021807651227956,0.001,False
GNSS2,3,uplift,0.0,0.001,True
GNSS1,6,speed,0.0001259668407708192,0.001,True
GNSS1,6,uplift,0.0,0.001,True
GNSS2,6,speed,9.274889549620857e-05,0.001,True
GNSS2,6,uplift,0.0,0.001,True
GNSS1,12,speed,7.0195011538931595e-06,0.001,True
GNSS1,12,uplift,0.0,0.001,True
GNSS2,12,speed,0.0007345004297580338,0.001,True
GNSS2,12,uplift,0.0,0.001,True
