series,proc,h,ref,rule,onset
level,centred,0.25,R,T2,2022-01-03 03:15:00
level,centred,0.25,R,T3,2022-01-03 04:15:00
level,centred,0.25,R,T5,2022-01-03 08:15:00
level,centred,0.25,R,CP,2022-01-03 04:45:00
level,centred,0.25,R,peak,2022-01-03 22:45:00
level,centred,0.25,R',T2,2022-01-03 01:45:00
level,centred,0.25,R',T3,2022-01-03 02:00:00
level,centred,0.25,R',T5,2022-01-03 02:45:00
level,centred,0.25,R',CP,2022-01-03 04:15:00
level,centred,0.25,R',peak,2022-01-03 22:45:00
level,centred,0.5,R,T2,2022-01-03 03:15:00
level,centred,0.5,R,T3,2022-01-03 04:15:00
level,centred,0.5,R,T5,2022-01-03 08:15:00
level,centred,0.5,R,CP,2022-01-03 04:45:00
level,centred,0.5,R,peak,2022-01-03 22:15:00
level,centred,0.5,R',T2,2022-01-03 01:45:00
level,centred,0.5,R',T3,2022-01-03 02:00:00
level,centred,0.5,R',T5,2022-01-03 02:45:00
level,centred,0.5,R',CP,2022-01-03 04:15:00
level,centred,0.5,R',peak,2022-01-03 22:15:00
level,centred,1.0,R,T2,2022-01-03 03:15:00
level,centred,1.0,R,T3,2022-01-03 04:30:00
level,centred,1.0,R,T5,2022-01-03 08:00:00
level,centred,1.0,R,CP,2022-01-03 04:45:00
level,centred,1.0,R,peak,2022-01-03 21:45:00
level,centred,1.0,R',T2,2022-01-03 01:45:00
level,centred,1.0,R',T3,2022-01-03 02:00:00
level,centred,1.0,R',T5,2022-01-03 03:00:00
level,centred,1.0,R',CP,2022-01-03 04:00:00
level,centred,1.0,R',peak,2022-01-03 21:45:00
level,centred,3.0,R,T2,2022-01-03 03:30:00
level,centred,3.0,R,T3,2022-01-03 04:45:00
level,centred,3.0,R,T5,2022-01-03 07:00:00
level,centred,3.0,R,CP,2022-01-03 03:00:00
level,centred,3.0,R,peak,2022-01-03 21:15:00
level,centred,3.0,R',T2,2022-01-03 01:15:00
level,centred,3.0,R',T3,2022-01-03 01:45:00
level,centred,3.0,R',T5,2022-01-03 03:00:00
level,centred,3.0,R',CP,2022-01-03 02:15:00
level,centred,3.0,R',peak,2022-01-03 21:15:00
level,causal,0.25,R,T2,2022-01-03 02:45:00
level,causal,0.25,R,T3,2022-01-03 03:45:00
level,causal,0.25,R,T5,2022-01-03 08:00:00
level,causal,0.25,R,CP,2022-01-03 04:45:00
level,causal,0.25,R,peak,2022-01-03 23:00:00
level,causal,0.25,R',T2,2022-01-03 01:30:00
level,causal,0.25,R',T3,2022-01-03 02:15:00
level,causal,0.25,R',T5,2022-01-03 03:00:00
level,causal,0.25,R',CP,2022-01-03 04:15:00
level,causal,0.25,R',peak,2022-01-03 23:00:00
level,causal,0.5,R,T2,2022-01-03 02:45:00
level,causal,0.5,R,T3,2022-01-03 03:45:00
level,causal,0.5,R,T5,2022-01-03 08:15:00
level,causal,0.5,R,CP,2022-01-03 04:45:00
level,causal,0.5,R,peak,2022-01-03 23:00:00
level,causal,0.5,R',T2,2022-01-03 01:45:00
level,causal,0.5,R',T3,2022-01-03 02:15:00
level,causal,0.5,R',T5,2022-01-03 03:00:00
level,causal,0.5,R',CP,2022-01-03 04:15:00
level,causal,0.5,R',peak,2022-01-03 23:00:00
level,causal,1.0,R,T2,2022-01-03 02:45:00
level,causal,1.0,R,T3,2022-01-03 03:45:00
level,causal,1.0,R,T5,2022-01-03 08:15:00
level,causal,1.0,R,CP,2022-01-03 05:00:00
level,causal,1.0,R,peak,2022-01-03 23:00:00
level,causal,1.0,R',T2,2022-01-03 01:45:00
level,causal,1.0,R',T3,2022-01-03 02:15:00
level,causal,1.0,R',T5,2022-01-03 03:00:00
level,causal,1.0,R',CP,2022-01-03 04:30:00
level,causal,1.0,R',peak,2022-01-03 23:00:00
level,causal,3.0,R,T2,2022-01-03 03:30:00
level,causal,3.0,R,T3,2022-01-03 04:15:00
level,causal,3.0,R,T5,2022-01-03 06:30:00
level,causal,3.0,R,CP,2022-01-03 05:15:00
level,causal,3.0,R,peak,2022-01-03 23:15:00
level,causal,3.0,R',T2,2022-01-03 02:15:00
level,causal,3.0,R',T3,2022-01-03 02:45:00
level,causal,3.0,R',T5,2022-01-03 03:30:00
level,causal,3.0,R',CP,2022-01-03 04:45:00
level,causal,3.0,R',peak,2022-01-03 23:15:00
tilt,centred,0.25,R,T2,2022-01-02 00:15:00
tilt,centred,0.25,R,T3,2022-01-02 00:30:00
tilt,centred,0.25,R,T5,2022-01-02 00:45:00
tilt,centred,0.25,R,CP,2022-01-01 01:00:00
tilt,centred,0.25,R,peak,2022-01-05 17:15:00
tilt,centred,0.25,R',T2,2022-01-02 00:30:00
tilt,centred,0.25,R',T3,2022-01-02 00:30:00
tilt,centred,0.25,R',T5,2022-01-02 00:45:00
tilt,centred,0.25,R',CP,2022-01-01 17:00:00
tilt,centred,0.25,R',peak,2022-01-05 17:15:00
tilt,centred,0.5,R,T2,2022-01-02 00:00:00
tilt,centred,0.5,R,T3,2022-01-02 00:15:00
tilt,centred,0.5,R,T5,2022-01-02 00:30:00
tilt,centred,0.5,R,CP,2022-01-01 01:00:00
tilt,centred,0.5,R,peak,2022-01-05 17:00:00
tilt,centred,0.5,R',T2,2022-01-02 00:00:00
tilt,centred,0.5,R',T3,2022-01-02 00:15:00
tilt,centred,0.5,R',T5,2022-01-02 00:30:00
tilt,centred,0.5,R',CP,2022-01-01 17:00:00
tilt,centred,0.5,R',peak,2022-01-05 17:00:00
tilt,centred,1.0,R,T2,2022-01-02 00:00:00
tilt,centred,1.0,R,T3,2022-01-02 00:00:00
tilt,centred,1.0,R,T5,2022-01-02 00:30:00
tilt,centred,1.0,R,CP,2022-01-01 01:00:00
tilt,centred,1.0,R,peak,2022-01-05 16:45:00
tilt,centred,1.0,R',T2,2022-01-02 00:00:00
tilt,centred,1.0,R',T3,2022-01-02 00:15:00
tilt,centred,1.0,R',T5,2022-01-02 00:45:00
tilt,centred,1.0,R',CP,2022-01-01 17:00:00
tilt,centred,1.0,R',peak,2022-01-05 16:45:00
tilt,centred,3.0,R,T2,2022-01-02 00:00:00
tilt,centred,3.0,R,T3,2022-01-02 00:00:00
tilt,centred,3.0,R,T5,2022-01-02 01:45:00
tilt,centred,3.0,R,CP,2022-01-01 01:00:00
tilt,centred,3.0,R,peak,2022-01-05 16:15:00
tilt,centred,3.0,R',T2,2022-01-02 00:00:00
tilt,centred,3.0,R',T3,2022-01-02 01:15:00
tilt,centred,3.0,R',T5,2022-01-02 04:15:00
tilt,centred,3.0,R',CP,2022-01-01 17:00:00
tilt,centred,3.0,R',peak,2022-01-05 16:15:00
tilt,causal,0.25,R,T2,2022-01-02 00:45:00
tilt,causal,0.25,R,T3,2022-01-02 01:00:00
tilt,causal,0.25,R,T5,2022-01-02 01:00:00
tilt,causal,0.25,R,CP,2022-01-01 01:00:00
tilt,causal,0.25,R,peak,2022-01-05 17:45:00
tilt,causal,0.25,R',T2,2022-01-02 01:00:00
tilt,causal,0.25,R',T3,2022-01-02 01:00:00
tilt,causal,0.25,R',T5,2022-01-02 01:00:00
tilt,causal,0.25,R',CP,2022-01-01 18:00:00
tilt,causal,0.25,R',peak,2022-01-05 17:45:00
tilt,causal,0.5,R,T2,2022-01-02 00:45:00
tilt,causal,0.5,R,T3,2022-01-02 01:00:00
tilt,causal,0.5,R,T5,2022-01-02 01:00:00
tilt,causal,0.5,R,CP,2022-01-01 01:00:00
tilt,causal,0.5,R,peak,2022-01-05 17:45:00
tilt,causal,0.5,R',T2,2022-01-02 01:00:00
tilt,causal,0.5,R',T3,2022-01-02 01:00:00
tilt,causal,0.5,R',T5,2022-01-02 01:00:00
tilt,causal,0.5,R',CP,2022-01-01 18:00:00
tilt,causal,0.5,R',peak,2022-01-05 17:45:00
tilt,causal,1.0,R,T2,2022-01-02 00:45:00
tilt,causal,1.0,R,T3,2022-01-02 01:00:00
tilt,causal,1.0,R,T5,2022-01-02 01:00:00
tilt,causal,1.0,R,CP,2022-01-01 01:00:00
tilt,causal,1.0,R,peak,2022-01-05 17:45:00
tilt,causal,1.0,R',T2,2022-01-02 01:00:00
tilt,causal,1.0,R',T3,2022-01-02 01:00:00
tilt,causal,1.0,R',T5,2022-01-02 01:00:00
tilt,causal,1.0,R',CP,2022-01-01 18:00:00
tilt,causal,1.0,R',peak,2022-01-05 17:45:00
tilt,causal,3.0,R,T2,2022-01-02 00:30:00
tilt,causal,3.0,R,T3,2022-01-02 01:00:00
tilt,causal,3.0,R,T5,2022-01-02 01:15:00
tilt,causal,3.0,R,CP,2022-01-01 01:00:00
tilt,causal,3.0,R,peak,2022-01-05 17:45:00
tilt,causal,3.0,R',T2,2022-01-02 01:00:00
tilt,causal,3.0,R',T3,2022-01-02 01:00:00
tilt,causal,3.0,R',T5,2022-01-02 01:15:00
tilt,causal,3.0,R',CP,2022-01-01 18:00:00
tilt,causal,3.0,R',peak,2022-01-05 17:45:00
tiltrate,centred,0.25,R,T2,2022-01-02 00:30:00
tiltrate,centred,0.25,R,T3,2022-01-02 00:30:00
tiltrate,centred,0.25,R,T5,2022-01-02 00:30:00
tiltrate,centred,0.25,R,CP,2022-01-02 00:15:00
tiltrate,centred,0.25,R,peak,2022-01-02 01:15:00
tiltrate,centred,0.25,R',T2,2022-01-02 00:30:00
tiltrate,centred,0.25,R',T3,2022-01-02 00:30:00
tiltrate,centred,0.25,R',T5,2022-01-02 00:30:00
tiltrate,centred,0.25,R',CP,2022-01-02 00:15:00
tiltrate,centred,0.25,R',peak,2022-01-02 01:15:00
tiltrate,centred,0.5,R,T2,2022-01-02 00:00:00
tiltrate,centred,0.5,R,T3,2022-01-02 00:15:00
tiltrate,centred,0.5,R,T5,2022-01-02 00:15:00
tiltrate,centred,0.5,R,CP,2022-01-02 00:00:00
tiltrate,centred,0.5,R,peak,2022-01-02 01:15:00
tiltrate,centred,0.5,R',T2,2022-01-02 00:00:00
tiltrate,centred,0.5,R',T3,2022-01-02 00:00:00
tiltrate,centred,0.5,R',T5,2022-01-02 00:15:00
tiltrate,centred,0.5,R',CP,2022-01-02 00:00:00
tiltrate,centred,0.5,R',peak,2022-01-02 01:15:00
tiltrate,centred,1.0,R,T2,2022-01-02 00:00:00
tiltrate,centred,1.0,R,T3,2022-01-02 00:00:00
tiltrate,centred,1.0,R,T5,2022-01-02 00:15:00
tiltrate,centred,1.0,R,CP,2022-01-01 22:45:00
tiltrate,centred,1.0,R,peak,2022-01-02 01:15:00
tiltrate,centred,1.0,R',T2,2022-01-02 00:00:00
tiltrate,centred,1.0,R',T3,2022-01-02 00:00:00
tiltrate,centred,1.0,R',T5,2022-01-02 00:15:00
tiltrate,centred,1.0,R',CP,2022-01-01 23:00:00
tiltrate,centred,1.0,R',peak,2022-01-02 01:15:00
tiltrate,centred,3.0,R,T2,2022-01-02 00:00:00
tiltrate,centred,3.0,R,T3,
tiltrate,centred,3.0,R,T5,
tiltrate,centred,3.0,R,CP,2022-01-01 11:45:00
tiltrate,centred,3.0,R,peak,2022-01-02 02:00:00
tiltrate,centred,3.0,R',T2,2022-01-02 00:30:00
tiltrate,centred,3.0,R',T3,
tiltrate,centred,3.0,R',T5,
tiltrate,centred,3.0,R',CP,2022-01-01 20:00:00
tiltrate,centred,3.0,R',peak,2022-01-02 02:00:00
tiltrate,causal,0.25,R,T2,2022-01-03 20:45:00
tiltrate,causal,0.25,R,T3,2022-01-03 22:15:00
tiltrate,causal,0.25,R,T5,
tiltrate,causal,0.25,R,CP,2022-01-02 00:15:00
tiltrate,causal,0.25,R,peak,2022-01-02 01:15:00
tiltrate,causal,0.25,R',T2,2022-01-03 22:00:00
tiltrate,causal,0.25,R',T3,
tiltrate,causal,0.25,R',T5,
tiltrate,causal,0.25,R',CP,2022-01-02 00:15:00
tiltrate,causal,0.25,R',peak,2022-01-02 01:15:00
tiltrate,causal,0.5,R,T2,2022-01-02 01:00:00
tiltrate,causal,0.5,R,T3,2022-01-02 01:00:00
tiltrate,causal,0.5,R,T5,2022-01-02 01:00:00
tiltrate,causal,0.5,R,CP,2022-01-02 00:30:00
tiltrate,causal,0.5,R,peak,2022-01-02 01:30:00
tiltrate,causal,0.5,R',T2,2022-01-02 01:00:00
tiltrate,causal,0.5,R',T3,2022-01-02 01:00:00
tiltrate,causal,0.5,R',T5,2022-01-02 01:00:00
tiltrate,causal,0.5,R',CP,2022-01-02 00:30:00
tiltrate,causal,0.5,R',peak,2022-01-02 01:30:00
tiltrate,causal,1.0,R,T2,2022-01-02 01:00:00
tiltrate,causal,1.0,R,T3,2022-01-02 01:00:00
tiltrate,causal,1.0,R,T5,2022-01-02 01:00:00
tiltrate,causal,1.0,R,CP,2022-01-02 00:45:00
tiltrate,causal,1.0,R,peak,2022-01-02 01:45:00
tiltrate,causal,1.0,R',T2,2022-01-02 01:00:00
tiltrate,causal,1.0,R',T3,2022-01-02 01:00:00
tiltrate,causal,1.0,R',T5,2022-01-02 01:00:00
tiltrate,causal,1.0,R',CP,2022-01-02 00:45:00
tiltrate,causal,1.0,R',peak,2022-01-02 01:45:00
tiltrate,causal,3.0,R,T2,2022-01-02 01:00:00
tiltrate,causal,3.0,R,T3,2022-01-02 01:00:00
tiltrate,causal,3.0,R,T5,2022-01-02 01:15:00
tiltrate,causal,3.0,R,CP,2022-01-02 00:15:00
tiltrate,causal,3.0,R,peak,2022-01-02 03:45:00
tiltrate,causal,3.0,R',T2,2022-01-02 01:00:00
tiltrate,causal,3.0,R',T3,2022-01-02 01:00:00
tiltrate,causal,3.0,R',T5,2022-01-02 01:00:00
tiltrate,causal,3.0,R',CP,2022-01-02 00:30:00
tiltrate,causal,3.0,R',peak,2022-01-02 03:45:00
speed_GNSS1,centred,0.25,R,T2,
speed_GNSS1,centred,0.25,R,T3,
speed_GNSS1,centred,0.25,R,T5,
speed_GNSS1,centred,0.25,R,CP,2022-01-05 02:15:00
speed_GNSS1,centred,0.25,R,peak,2022-01-05 03:15:00
speed_GNSS1,centred,0.25,R',T2,
speed_GNSS1,centred,0.25,R',T3,
speed_GNSS1,centred,0.25,R',T5,
speed_GNSS1,centred,0.25,R',CP,2022-01-05 02:15:00
speed_GNSS1,centred,0.25,R',peak,2022-01-05 03:15:00
speed_GNSS1,centred,0.5,R,T2,
speed_GNSS1,centred,0.5,R,T3,
speed_GNSS1,centred,0.5,R,T5,
speed_GNSS1,centred,0.5,R,CP,2022-01-05 03:45:00
speed_GNSS1,centred,0.5,R,peak,2022-01-05 04:45:00
speed_GNSS1,centred,0.5,R',T2,
speed_GNSS1,centred,0.5,R',T3,
speed_GNSS1,centred,0.5,R',T5,
speed_GNSS1,centred,0.5,R',CP,2022-01-05 03:45:00
speed_GNSS1,centred,0.5,R',peak,2022-01-05 04:45:00
speed_GNSS1,centred,1.0,R,T2,2022-01-03 09:15:00
speed_GNSS1,centred,1.0,R,T3,
speed_GNSS1,centred,1.0,R,T5,
speed_GNSS1,centred,1.0,R,CP,2022-01-03 07:30:00
speed_GNSS1,centred,1.0,R,peak,2022-01-03 10:15:00
speed_GNSS1,centred,1.0,R',T2,2022-01-03 09:30:00
speed_GNSS1,centred,1.0,R',T3,
speed_GNSS1,centred,1.0,R',T5,
speed_GNSS1,centred,1.0,R',CP,2022-01-03 07:30:00
speed_GNSS1,centred,1.0,R',peak,2022-01-03 10:15:00
speed_GNSS1,centred,3.0,R,T2,2022-01-02 19:45:00
speed_GNSS1,centred,3.0,R,T3,2022-01-03 07:45:00
speed_GNSS1,centred,3.0,R,T5,2022-01-03 18:30:00
speed_GNSS1,centred,3.0,R,CP,2022-01-02 14:00:00
speed_GNSS1,centred,3.0,R,peak,2022-01-03 20:15:00
speed_GNSS1,centred,3.0,R',T2,2022-01-02 19:15:00
speed_GNSS1,centred,3.0,R',T3,2022-01-03 07:15:00
speed_GNSS1,centred,3.0,R',T5,2022-01-03 17:45:00
speed_GNSS1,centred,3.0,R',CP,2022-01-02 04:15:00
speed_GNSS1,centred,3.0,R',peak,2022-01-03 20:15:00
speed_GNSS1,causal,0.25,R,T2,
speed_GNSS1,causal,0.25,R,T3,
speed_GNSS1,causal,0.25,R,T5,
speed_GNSS1,causal,0.25,R,CP,2022-01-05 03:15:00
speed_GNSS1,causal,0.25,R,peak,2022-01-05 04:15:00
speed_GNSS1,causal,0.25,R',T2,
speed_GNSS1,causal,0.25,R',T3,
speed_GNSS1,causal,0.25,R',T5,
speed_GNSS1,causal,0.25,R',CP,2022-01-05 03:15:00
speed_GNSS1,causal,0.25,R',peak,2022-01-05 04:15:00
speed_GNSS1,causal,0.5,R,T2,
speed_GNSS1,causal,0.5,R,T3,
speed_GNSS1,causal,0.5,R,T5,
speed_GNSS1,causal,0.5,R,CP,2022-01-05 02:45:00
speed_GNSS1,causal,0.5,R,peak,2022-01-05 04:00:00
speed_GNSS1,causal,0.5,R',T2,
speed_GNSS1,causal,0.5,R',T3,
speed_GNSS1,causal,0.5,R',T5,
speed_GNSS1,causal,0.5,R',CP,2022-01-05 02:45:00
speed_GNSS1,causal,0.5,R',peak,2022-01-05 04:00:00
speed_GNSS1,causal,1.0,R,T2,
speed_GNSS1,causal,1.0,R,T3,
speed_GNSS1,causal,1.0,R,T5,
speed_GNSS1,causal,1.0,R,CP,2022-01-05 02:30:00
speed_GNSS1,causal,1.0,R,peak,2022-01-05 04:00:00
speed_GNSS1,causal,1.0,R',T2,
speed_GNSS1,causal,1.0,R',T3,
speed_GNSS1,causal,1.0,R',T5,
speed_GNSS1,causal,1.0,R',CP,2022-01-05 02:30:00
speed_GNSS1,causal,1.0,R',peak,2022-01-05 04:00:00
speed_GNSS1,causal,3.0,R,T2,
speed_GNSS1,causal,3.0,R,T3,
speed_GNSS1,causal,3.0,R,T5,
speed_GNSS1,causal,3.0,R,CP,2022-01-03 20:15:00
speed_GNSS1,causal,3.0,R,peak,2022-01-03 21:45:00
speed_GNSS1,causal,3.0,R',T2,
speed_GNSS1,causal,3.0,R',T3,
speed_GNSS1,causal,3.0,R',T5,
speed_GNSS1,causal,3.0,R',CP,2022-01-03 20:15:00
speed_GNSS1,causal,3.0,R',peak,2022-01-03 21:45:00
