X,Y,proc,h,window,n_pairs_lag0,lag_star_h,r_star,r0
level,speed_GNSS1,centred,1,W1,385,-1.0,0.23552211704560502,0.21231335884386798
level,speed_GNSS1,centred,1,W2,1091,-12.25,0.23326677560839335,0.20843732696359843
level,speed_GNSS1,centred,1,W3,1182,-12.25,0.2325909348709816,0.20140084566319846
level,speed_GNSS1,centred,1,W4,563,19.25,0.1309574199113851,0.09612222086469775
level,speed_GNSS1,centred,3,W1,385,-2.75,0.6318121555157087,0.5799271783823372
level,speed_GNSS1,centred,3,W2,1091,-5.0,0.5817013145322228,0.5461862281699625
level,speed_GNSS1,centred,3,W3,1182,-3.5,0.5598008568684115,0.5470093519611055
level,speed_GNSS1,centred,3,W4,563,19.75,0.2818448283293995,0.12178065991739774
level,speed_GNSS1,centred,6,W1,385,-5.25,0.9351424762334557,0.8516559794517627
level,speed_GNSS1,centred,6,W2,1091,-8.25,0.8737233652301831,0.8084965104464136
level,speed_GNSS1,centred,6,W3,1182,-6.0,0.8111019110398444,0.7836222597856811
level,speed_GNSS1,centred,6,W4,563,19.75,0.4304711713921378,0.16941093174065375
level,speed_GNSS1,centred,12,W1,385,-4.0,0.9642776777679158,0.9313364555967445
level,speed_GNSS1,centred,12,W2,1091,-9.0,0.975298306342948,0.9143923869309748
level,speed_GNSS1,centred,12,W3,1182,-5.5,0.8770585930439158,0.8606324140248467
level,speed_GNSS1,centred,12,W4,563,10.0,0.6097983634331062,0.5636960197766627
level,speed_GNSS1,causal,1,W1,385,-8.75,0.12119639567231416,0.09805563401020463
level,speed_GNSS1,causal,1,W2,1087,-24.0,0.07589066323698104,0.005919476638037499
level,speed_GNSS1,causal,1,W3,1165,-18.25,0.044472829146116735,0.005841657689086305
level,speed_GNSS1,causal,1,W4,564,-21.25,0.09489472405176977,0.013904459987364018
level,speed_GNSS1,causal,3,W1,385,-0.5,0.13008281632165433,0.12128467675291113
level,speed_GNSS1,causal,3,W2,1087,-12.25,0.11985556121090123,0.09437761392166891
level,speed_GNSS1,causal,3,W3,1172,-24.0,0.12878085372321535,0.10289853675392893
level,speed_GNSS1,causal,3,W4,564,13.75,0.06117158241486387,0.04616866564325673
level,speed_GNSS1,causal,6,W1,385,-0.5,0.2039873686691135,0.1984449865541292
level,speed_GNSS1,causal,6,W2,1087,-1.75,0.173395028510355,0.17000152202408086
level,speed_GNSS1,causal,6,W3,1172,-12.25,0.12947757350502498,0.11787766823849945
level,speed_GNSS1,causal,6,W4,564,13.75,0.08557758991728466,0.02491027352225634
level,speed_GNSS1,causal,12,W1,385,-1.5,0.33276763409625826,0.3244216437332176
level,speed_GNSS1,causal,12,W2,1087,-7.75,0.32679435039385035,0.30334608683213055
level,speed_GNSS1,causal,12,W3,1172,-12.25,0.1383306011967991,0.1261214457339479
level,speed_GNSS1,causal,12,W4,564,20.0,0.15639659696268135,-0.03282370186597518
level,speed_GNSS1,causal-robust,1,W1,385,0.25,0.18799534028157927,0.18409792281368786
level,speed_GNSS1,causal-robust,1,W2,1087,-11.5,0.1598811839648359,0.14028142446056088
level,speed_GNSS1,causal-robust,1,W3,1166,-20.25,0.18748638087912076,0.16408104464662576
level,speed_GNSS1,causal-robust,1,W4,564,-4.25,0.09304764090701838,0.05036512090741056
level,speed_GNSS1,causal-robust,3,W1,385,1.25,0.4748233731390358,0.45327406329905406
level,speed_GNSS1,causal-robust,3,W2,1087,0.25,0.42491167938824254,0.4224991805368742
level,speed_GNSS1,causal-robust,3,W3,1174,1.0,0.40676503344529674,0.40326344923499263
level,speed_GNSS1,causal-robust,3,W4,564,20.75,0.1881961360236304,0.06642539993895873
level,speed_GNSS1,causal-robust,6,W1,385,2.0,0.7896761731327941,0.7608011410815344
level,speed_GNSS1,causal-robust,6,W2,1087,1.25,0.6994935225009633,0.6947515480825243
level,speed_GNSS1,causal-robust,6,W3,1174,1.75,0.5405578744956341,0.5349238088570195
level,speed_GNSS1,causal-robust,6,W4,564,24.0,0.29938020626742995,0.002528895604805049
level,speed_GNSS1,causal-robust,12,W1,385,3.25,0.9492691090536022,0.9030002977715917
level,speed_GNSS1,causal-robust,12,W2,1087,2.75,0.9128770793951448,0.9023493635914829
level,speed_GNSS1,causal-robust,12,W3,1174,3.0,0.5892161532571069,0.5821723839639271
level,speed_GNSS1,causal-robust,12,W4,564,24.0,0.19713287145866198,-0.0494959271732762
level,speed_GNSS2,centred,1,W1,385,-1.0,0.24101955681346338,0.22410565205783065
level,speed_GNSS2,centred,1,W2,1092,-12.25,0.2995655470371941,0.19968092906386586
level,speed_GNSS2,centred,1,W3,2164,-12.0,0.24363702620217592,0.18182687845372056
level,speed_GNSS2,centred,1,W4,564,16.5,0.17591392416730642,0.025203138785704005
level,speed_GNSS2,centred,3,W1,385,-2.75,0.5173520079611753,0.49698279586726907
level,speed_GNSS2,centred,3,W2,1092,-13.5,0.6570830196300426,0.4816062414766036
level,speed_GNSS2,centred,3,W3,2164,-14.25,0.5688889079575312,0.45959809236979454
level,speed_GNSS2,centred,3,W4,564,16.5,0.4007585303526767,0.04579872042786417
level,speed_GNSS2,centred,6,W1,385,-5.5,0.8478359949675082,0.7692216443435324
level,speed_GNSS2,centred,6,W2,1092,-13.75,0.899680840207738,0.7068640425002419
level,speed_GNSS2,centred,6,W3,2164,-14.5,0.8349079190043535,0.7227624745122726
level,speed_GNSS2,centred,6,W4,564,16.5,0.5070175185935216,0.21968877777803808
level,speed_GNSS2,centred,12,W1,385,-6.0,0.928534443283296,0.8545157482242034
level,speed_GNSS2,centred,12,W2,1092,-15.75,0.9707810294414763,0.790730129940196
level,speed_GNSS2,centred,12,W3,2164,-16.0,0.93634576420822,0.8282874674974513
level,speed_GNSS2,centred,12,W4,564,0.0,0.6553253650740163,0.6553253650740163
level,speed_GNSS2,causal,1,W1,385,-0.5,0.10120431080258384,0.09110736284909383
level,speed_GNSS2,causal,1,W2,1087,-24.0,0.11394943063621345,0.04246249951973167
level,speed_GNSS2,causal,1,W3,2160,-20.5,0.11595281267770968,0.06174518847309255
level,speed_GNSS2,causal,1,W4,564,8.5,0.11292205645271242,0.00767348784775955
level,speed_GNSS2,causal,3,W1,385,-0.5,0.1376866489911921,0.12789231606248977
level,speed_GNSS2,causal,3,W2,1087,-12.0,0.1613914379897147,0.10508659714901689
level,speed_GNSS2,causal,3,W3,2160,-11.75,0.12572870899884253,0.09123754217495975
level,speed_GNSS2,causal,3,W4,564,14.0,0.10428954119871596,0.014822448546540348
level,speed_GNSS2,causal,6,W1,385,-0.5,0.1919863517135978,0.18806523515418572
level,speed_GNSS2,causal,6,W2,1087,-12.25,0.24370393103585808,0.16009216751473718
level,speed_GNSS2,causal,6,W3,2160,-12.5,0.19508116706653056,0.13873738189965426
level,speed_GNSS2,causal,6,W4,564,16.75,0.13371834549960565,-0.00435164369676242
level,speed_GNSS2,causal,12,W1,385,-12.0,0.36823390254412347,0.3181133075920248
level,speed_GNSS2,causal,12,W2,1087,-12.25,0.4209682601866948,0.3047585341537452
level,speed_GNSS2,causal,12,W3,2160,-13.5,0.3424046180813304,0.2673545270961607
level,speed_GNSS2,causal,12,W4,564,20.0,0.17028362497827373,-0.02157442621272803
level,speed_GNSS2,causal-robust,1,W1,385,-0.25,0.15663993201849763,0.1560990382030075
level,speed_GNSS2,causal-robust,1,W2,1087,-11.5,0.18377311751156086,0.13105454547220066
level,speed_GNSS2,causal-robust,1,W3,2160,-11.75,0.15727843218372223,0.11628121235310772
level,speed_GNSS2,causal-robust,1,W4,564,19.75,0.11037612011440043,0.011463292302730015
level,speed_GNSS2,causal-robust,3,W1,385,-10.0,0.3570335991317003,0.32099659160729266
level,speed_GNSS2,causal-robust,3,W2,1087,-10.5,0.4714358711643367,0.33269824093561035
level,speed_GNSS2,causal-robust,3,W3,2160,-10.25,0.3874320438131386,0.27660771435253156
level,speed_GNSS2,causal-robust,3,W4,564,-19.0,0.2054878739851738,-0.032874033574650345
level,speed_GNSS2,causal-robust,6,W1,385,-9.25,0.5846826405248109,0.5520761101810997
level,speed_GNSS2,causal-robust,6,W2,1087,-9.5,0.7390704062997359,0.6124800919510802
level,speed_GNSS2,causal-robust,6,W3,2160,-10.0,0.6428727414818395,0.5239995867114703
level,speed_GNSS2,causal-robust,6,W4,564,-17.5,0.2813214281157271,-0.015479322053832047
level,speed_GNSS2,causal-robust,12,W1,385,-1.25,0.8602749790214442,0.8576812026612571
level,speed_GNSS2,causal-robust,12,W2,1087,-4.75,0.9239055586373465,0.9051969955532625
level,speed_GNSS2,causal-robust,12,W3,2160,-6.0,0.8634358002264348,0.8421591073131774
level,speed_GNSS2,causal-robust,12,W4,564,-13.75,0.3707909727382757,0.11845384088492583
level,accel_GNSS1,centred,1,W1,385,-13.25,0.07583567690303644,-0.021961710704780396
level,accel_GNSS1,centred,1,W2,1091,-13.25,0.015508544720673206,-0.010129125679371789
level,accel_GNSS1,centred,1,W3,1174,-13.25,0.014344288841606328,0.005747484346427546
level,accel_GNSS1,centred,1,W4,563,8.25,0.05708087223207095,0.02317716435073469
level,accel_GNSS1,centred,3,W1,385,-12.25,0.09544507408074701,-0.05694875305921253
level,accel_GNSS1,centred,3,W2,1091,-24.0,0.034499727190654514,-0.04300901647566821
level,accel_GNSS1,centred,3,W3,1158,-24.0,0.04423668453897011,-0.015314637834757483
level,accel_GNSS1,centred,3,W4,563,11.25,0.13670364938411222,0.09697137778068332
level,accel_GNSS1,centred,6,W1,385,-24.0,0.4240965008473105,-0.16934280518959938
level,accel_GNSS1,centred,6,W2,1091,-24.0,0.17104713477182765,-0.1705612499973214
level,accel_GNSS1,centred,6,W3,1135,-24.0,0.13602524373968625,-0.1247185500055974
level,accel_GNSS1,centred,6,W4,563,15.5,0.24030810205158182,0.14660017502995204
level,accel_GNSS1,centred,12,W1,385,-17.75,0.796044579131146,0.19253304391197404
level,accel_GNSS1,centred,12,W2,1091,-24.0,0.3763329951728554,-0.2719301324716725
level,accel_GNSS1,centred,12,W3,1111,-24.0,0.28209191779282033,-0.18813091073803717
level,accel_GNSS1,centred,12,W4,563,12.75,0.6464804728276495,0.30929300287854045
level,accel_GNSS1,causal,1,W1,385,-12.75,0.04369111659212784,-0.0020129561450733025
level,accel_GNSS1,causal,1,W2,1087,22.25,0.006970448001977118,-0.0001416086697932419
level,accel_GNSS1,causal,1,W3,1153,-12.5,0.008660492597048335,0.002505730050858157
level,accel_GNSS1,causal,1,W4,564,-22.0,0.08625345108553946,-0.003973949743142169
level,accel_GNSS1,causal,3,W1,385,-12.25,0.08206911114361612,0.029274095411580582
level,accel_GNSS1,causal,3,W2,1087,-12.25,0.027347115710091727,0.00617700992833469
level,accel_GNSS1,causal,3,W3,1148,-12.25,0.0051161122133098055,-0.003017050901142338
level,accel_GNSS1,causal,3,W4,564,-6.25,0.043357342080728806,0.030199192800454407
level,accel_GNSS1,causal,6,W1,385,-11.25,0.06079921586763856,0.05137344625839801
level,accel_GNSS1,causal,6,W2,1087,-24.0,0.025614738599272848,0.010113676232430637
level,accel_GNSS1,causal,6,W3,1128,-24.0,0.043296673811757,0.027693868696354363
level,accel_GNSS1,causal,6,W4,564,-5.5,0.10584922737450148,0.0021979367351266056
level,accel_GNSS1,causal,12,W1,385,-24.0,0.24136310298733668,0.06491949516537987
level,accel_GNSS1,causal,12,W2,1087,-24.0,0.07535664823443483,-0.029063448225740102
level,accel_GNSS1,causal,12,W3,1104,-24.0,0.06713155611392094,0.025447000948292112
level,accel_GNSS1,causal,12,W4,564,13.75,0.22539293937035945,-0.009075323323445765
level,accel_GNSS1,causal-robust,1,W1,385,-12.25,0.07107416754580631,0.01694343139097293
level,accel_GNSS1,causal-robust,1,W2,1087,-12.25,0.015933379385439726,0.004200184389201133
level,accel_GNSS1,causal-robust,1,W3,1154,-12.25,0.013229554159739391,0.002958615839932492
level,accel_GNSS1,causal-robust,1,W4,564,14.0,0.045701814594394194,0.003219476811071775
level,accel_GNSS1,causal-robust,3,W1,385,-10.5,0.11160287437647932,0.08895938133419841
level,accel_GNSS1,causal-robust,3,W2,1087,-23.0,0.04840996379599714,0.023636879963113335
level,accel_GNSS1,causal-robust,3,W3,1150,-22.5,0.0037678584174726877,-0.006110970253101574
level,accel_GNSS1,causal-robust,3,W4,564,-5.25,0.15398223821866294,0.007740770942713319
level,accel_GNSS1,causal-robust,6,W1,385,0.5,0.2350124526498373,0.23407645295707424
level,accel_GNSS1,causal-robust,6,W2,1087,-21.0,0.07634423656131699,0.028001721243577506
level,accel_GNSS1,causal-robust,6,W3,1129,-20.5,0.015019393144290691,-0.0069746207403330925
level,accel_GNSS1,causal-robust,6,W4,564,17.25,0.21393588971052696,0.04186989420290439
level,accel_GNSS1,causal-robust,12,W1,385,-1.75,0.6968278256846331,0.6873002406596507
level,accel_GNSS1,causal-robust,12,W2,1087,-17.0,0.29297236687275996,0.17383014230452046
level,accel_GNSS1,causal-robust,12,W3,1105,-13.5,0.0680143700607958,0.039351405796571065
level,accel_GNSS1,causal-robust,12,W4,564,24.0,0.4675897707749311,-0.09221712841827606
uplift_GNSS1,speed_GNSS1,centred,1,W1,385,-22.5,0.2913795539609675,0.007041522665871955
uplift_GNSS1,speed_GNSS1,centred,1,W2,1091,-18.5,0.1844630024761124,0.018664564222742597
uplift_GNSS1,speed_GNSS1,centred,1,W3,1182,-23.0,-0.018231014963490427,-0.2887416038521206
uplift_GNSS1,speed_GNSS1,centred,1,W4,563,1.0,0.1917435275759244,0.022258783027071776
uplift_GNSS1,speed_GNSS1,centred,3,W1,385,-20.0,0.41463998569294175,-0.3707230030660709
uplift_GNSS1,speed_GNSS1,centred,3,W2,1091,-20.0,0.3441548245587794,0.014612084513242996
uplift_GNSS1,speed_GNSS1,centred,3,W3,1182,-21.0,0.20173373211340895,-0.1066524814864562
uplift_GNSS1,speed_GNSS1,centred,3,W4,563,5.25,0.18336297112007396,0.01471693403419933
uplift_GNSS1,speed_GNSS1,centred,6,W1,385,-18.75,0.7576068963877127,-0.5479168617070618
uplift_GNSS1,speed_GNSS1,centred,6,W2,1091,-24.0,0.5329228960125191,0.10078156587185479
uplift_GNSS1,speed_GNSS1,centred,6,W3,1182,-24.0,0.35559455451211286,-0.05875531061956119
uplift_GNSS1,speed_GNSS1,centred,6,W4,563,7.5,0.1340526025766367,-0.05234180760884328
uplift_GNSS1,speed_GNSS1,centred,12,W1,385,-24.0,0.9742741067606471,-0.47389839724286714
uplift_GNSS1,speed_GNSS1,centred,12,W2,1091,-24.0,0.610071726705849,0.16089922281382427
uplift_GNSS1,speed_GNSS1,centred,12,W3,1182,-24.0,0.425704591097832,-0.055999917321146064
uplift_GNSS1,speed_GNSS1,centred,12,W4,563,-24.0,-0.006937186314471616,-0.37349265479556915
uplift_GNSS1,speed_GNSS1,causal,1,W1,385,17.25,0.19656071349790716,-0.19619175734096922
uplift_GNSS1,speed_GNSS1,causal,1,W2,1092,0.5,0.24941169949859807,-0.05233412645189866
uplift_GNSS1,speed_GNSS1,causal,1,W3,1170,0.5,0.20461377899856711,-0.03257757374728297
uplift_GNSS1,speed_GNSS1,causal,1,W4,564,0.25,0.3531559711237711,0.018578973800123535
uplift_GNSS1,speed_GNSS1,causal,3,W1,385,-22.5,0.149704398975515,-0.07775004185358894
uplift_GNSS1,speed_GNSS1,causal,3,W2,1092,-11.5,0.06466377929109772,-0.09173286353735126
uplift_GNSS1,speed_GNSS1,causal,3,W3,1177,-9.25,-0.029880181308456575,-0.1258100347528055
uplift_GNSS1,speed_GNSS1,causal,3,W4,564,-13.5,0.13382798329775217,-0.1090630171922739
uplift_GNSS1,speed_GNSS1,causal,6,W1,385,-22.25,0.1762471096978476,-0.11132753720108911
uplift_GNSS1,speed_GNSS1,causal,6,W2,1092,-17.75,0.11911038560553293,-0.04543459102884328
uplift_GNSS1,speed_GNSS1,causal,6,W3,1177,-18.25,-0.03330179515497589,-0.07261521496853494
uplift_GNSS1,speed_GNSS1,causal,6,W4,564,6.0,0.1502117780096339,-0.0502123938957063
uplift_GNSS1,speed_GNSS1,causal,12,W1,385,-22.25,0.25252982892634174,-0.1925525238537789
uplift_GNSS1,speed_GNSS1,causal,12,W2,1092,-22.5,0.19774610409231774,0.00010757763799518423
uplift_GNSS1,speed_GNSS1,causal,12,W3,1177,-2.25,-0.04496674460724674,-0.06922500555556851
uplift_GNSS1,speed_GNSS1,causal,12,W4,564,7.25,0.16740611239960865,3.225844646166196e-05
uplift_GNSS1,speed_GNSS1,causal-robust,1,W1,385,-17.5,0.2819190590568582,-0.44711145767375987
uplift_GNSS1,speed_GNSS1,causal-robust,1,W2,1092,1.5,0.1871274526891829,-0.21568413967988787
uplift_GNSS1,speed_GNSS1,causal-robust,1,W3,1171,-14.0,0.06846422524962512,-0.2970665053753171
uplift_GNSS1,speed_GNSS1,causal-robust,1,W4,564,1.5,0.1905505699508997,-0.12454466495380673
uplift_GNSS1,speed_GNSS1,causal-robust,3,W1,385,-17.25,0.24107771361322483,-0.36629953658838743
uplift_GNSS1,speed_GNSS1,causal-robust,3,W2,1092,-16.75,0.256211362240217,-0.14112353246716092
uplift_GNSS1,speed_GNSS1,causal-robust,3,W3,1179,-9.0,0.013550590614036313,-0.4740381538870222
uplift_GNSS1,speed_GNSS1,causal-robust,3,W4,564,7.5,0.21206035596334205,-0.21104233352617432
uplift_GNSS1,speed_GNSS1,causal-robust,6,W1,385,-9.25,0.36852334556798183,-0.423800053698495
uplift_GNSS1,speed_GNSS1,causal-robust,6,W2,1092,-9.5,0.38528672157784966,-0.012474612453329691
uplift_GNSS1,speed_GNSS1,causal-robust,6,W3,1179,-24.0,0.0844267186433741,-0.3743849288135823
uplift_GNSS1,speed_GNSS1,causal-robust,6,W4,564,9.25,0.21995599280378908,-0.2681574441191749
uplift_GNSS1,speed_GNSS1,causal-robust,12,W1,385,-10.0,0.5079623801740831,-0.1585418303885343
uplift_GNSS1,speed_GNSS1,causal-robust,12,W2,1092,-24.0,0.5958786991206249,0.3058908002313577
uplift_GNSS1,speed_GNSS1,causal-robust,12,W3,1179,-24.0,0.35100139926735824,-0.21279481822337495
uplift_GNSS1,speed_GNSS1,causal-robust,12,W4,564,-24.0,0.16694904965901014,-0.31193274402746296
uplift_GNSS1,speed_GNSS2,centred,1,W1,385,-23.0,0.3576263259268097,0.1401972326309651
uplift_GNSS1,speed_GNSS2,centred,1,W2,1092,-23.25,0.17691896473096774,0.03699267642175572
uplift_GNSS1,speed_GNSS2,centred,1,W3,1187,-23.25,0.017536210668377863,-0.15052576123002298
uplift_GNSS1,speed_GNSS2,centred,1,W4,564,-18.5,0.2085791893966382,-0.02758312702093119
uplift_GNSS1,speed_GNSS2,centred,3,W1,385,-24.0,0.5001865016268122,-0.03702446798478975
uplift_GNSS1,speed_GNSS2,centred,3,W2,1092,-24.0,0.35436825006061,-0.0008030306560475773
uplift_GNSS1,speed_GNSS2,centred,3,W3,1187,-24.0,0.04960923328110374,-0.23800359164289447
uplift_GNSS1,speed_GNSS2,centred,3,W4,564,-21.0,0.13943584675711554,-0.039630738026392186
uplift_GNSS1,speed_GNSS2,centred,6,W1,385,-24.0,0.7518168449871714,-0.4155604301028164
uplift_GNSS1,speed_GNSS2,centred,6,W2,1092,-24.0,0.45925462519931604,-0.058884829540087044
uplift_GNSS1,speed_GNSS2,centred,6,W3,1187,-24.0,0.06558255645967905,-0.3327347668252851
uplift_GNSS1,speed_GNSS2,centred,6,W4,564,-24.0,0.36800253520305165,-0.15066501088671017
uplift_GNSS1,speed_GNSS2,centred,12,W1,385,-24.0,0.9447832095263216,-0.6196288171393693
uplift_GNSS1,speed_GNSS2,centred,12,W2,1092,-24.0,0.48652830969717364,-0.0465359109423086
uplift_GNSS1,speed_GNSS2,centred,12,W3,1187,-24.0,0.07677429682501069,-0.3644887142743162
uplift_GNSS1,speed_GNSS2,centred,12,W4,564,-24.0,0.3965868355858711,-0.49875861828307305
uplift_GNSS1,speed_GNSS2,causal,1,W1,385,13.25,0.19539001203215914,-0.1766125070233789
uplift_GNSS1,speed_GNSS2,causal,1,W2,1092,-10.75,0.0960657972924372,-0.11913463271126232
uplift_GNSS1,speed_GNSS2,causal,1,W3,1173,-10.75,0.04027713405942216,-0.18119369326585105
uplift_GNSS1,speed_GNSS2,causal,1,W4,564,21.75,0.11472698199101995,-0.0788558745739682
uplift_GNSS1,speed_GNSS2,causal,3,W1,385,-22.5,0.2073376470839299,0.014589801467309496
uplift_GNSS1,speed_GNSS2,causal,3,W2,1092,-10.75,0.09102865847577823,-0.03545413462399188
uplift_GNSS1,speed_GNSS2,causal,3,W3,1179,-9.75,0.033629841062855124,-0.12577136059012534
uplift_GNSS1,speed_GNSS2,causal,3,W4,564,16.5,0.15125990199762313,-0.08524936292162194
uplift_GNSS1,speed_GNSS2,causal,6,W1,385,-23.25,0.26978547615756593,0.05422929956206848
uplift_GNSS1,speed_GNSS2,causal,6,W2,1092,-23.5,0.13697821352592093,0.009354326801988739
uplift_GNSS1,speed_GNSS2,causal,6,W3,1179,-7.0,0.040340112561684766,-0.14514489910879683
uplift_GNSS1,speed_GNSS2,causal,6,W4,564,16.25,0.12046521561957477,-0.06936480859722385
uplift_GNSS1,speed_GNSS2,causal,12,W1,385,-23.5,0.3841867399638478,-0.037646676449977934
uplift_GNSS1,speed_GNSS2,causal,12,W2,1092,-23.75,0.23867293614189244,0.0030119182912643973
uplift_GNSS1,speed_GNSS2,causal,12,W3,1179,-7.0,-0.003710650092238261,-0.16513240886770156
uplift_GNSS1,speed_GNSS2,causal,12,W4,564,7.0,0.07565313429771396,-0.0476286130223464
uplift_GNSS1,speed_GNSS2,causal-robust,1,W1,385,21.75,0.21224483163464752,-0.2580551063687549
uplift_GNSS1,speed_GNSS2,causal-robust,1,W2,1092,22.25,0.11330098840235042,-0.13296495137657552
uplift_GNSS1,speed_GNSS2,causal-robust,1,W3,1171,-22.5,0.05421520463406509,-0.19694039720663248
uplift_GNSS1,speed_GNSS2,causal-robust,1,W4,564,22.75,0.21903547680703062,-0.08392693022269362
uplift_GNSS1,speed_GNSS2,causal-robust,3,W1,385,-22.0,0.3638968410538973,0.02569060634799831
uplift_GNSS1,speed_GNSS2,causal-robust,3,W2,1092,-22.5,0.269436582829636,0.05100201666751949
uplift_GNSS1,speed_GNSS2,causal-robust,3,W3,1179,-6.75,0.024765797196869895,-0.23875900940871364
uplift_GNSS1,speed_GNSS2,causal-robust,3,W4,564,17.25,0.14841072628527566,0.04764827454839501
uplift_GNSS1,speed_GNSS2,causal-robust,6,W1,385,-22.25,0.5289157258525178,0.135173255310562
uplift_GNSS1,speed_GNSS2,causal-robust,6,W2,1092,-24.0,0.4888163875130552,0.16815040197569475
uplift_GNSS1,speed_GNSS2,causal-robust,6,W3,1179,-24.0,0.1326615710920074,-0.09996354954958657
uplift_GNSS1,speed_GNSS2,causal-robust,6,W4,564,-24.0,0.14519897802378706,0.0022212555194549475
uplift_GNSS1,speed_GNSS2,causal-robust,12,W1,385,-22.0,0.5766739927958855,-0.014114952743377642
uplift_GNSS1,speed_GNSS2,causal-robust,12,W2,1092,-24.0,0.6307515180487533,0.2560182535655356
uplift_GNSS1,speed_GNSS2,causal-robust,12,W3,1179,-24.0,0.2789072180146593,-0.022202384408619682
uplift_GNSS1,speed_GNSS2,causal-robust,12,W4,564,-24.0,0.3347689466228561,-0.11875253130815598
uplift_GNSS1,accel_GNSS1,centred,1,W1,385,-23.5,0.22007054727048206,0.1730871725070556
uplift_GNSS1,accel_GNSS1,centred,1,W2,1091,0.5,0.1284370247159234,0.09882824785198888
uplift_GNSS1,accel_GNSS1,centred,1,W3,1174,0.75,0.08867000354040894,0.02821809424930717
uplift_GNSS1,accel_GNSS1,centred,1,W4,563,0.5,0.2025223820315117,0.11959863297756375
uplift_GNSS1,accel_GNSS1,centred,3,W1,385,-22.75,0.18131596522358046,0.037665955317698244
uplift_GNSS1,accel_GNSS1,centred,3,W2,1091,1.5,0.04446806624754955,0.030090851491691523
uplift_GNSS1,accel_GNSS1,centred,3,W3,1158,1.5,0.07284081141224506,0.05659418203786761
uplift_GNSS1,accel_GNSS1,centred,3,W4,563,1.0,0.21419727184344917,0.2023104446130652
uplift_GNSS1,accel_GNSS1,centred,6,W1,385,-20.75,0.3015283776824935,-0.47479546002143774
uplift_GNSS1,accel_GNSS1,centred,6,W2,1091,-24.0,-0.11967508372458274,-0.204055951801243
uplift_GNSS1,accel_GNSS1,centred,6,W3,1135,5.5,-0.13275158487312114,-0.18200875451680198
uplift_GNSS1,accel_GNSS1,centred,6,W4,563,2.75,0.2532157781810462,0.22811656575311404
uplift_GNSS1,accel_GNSS1,centred,12,W1,385,24.0,0.5969394204876983,-0.9512298692874154
uplift_GNSS1,accel_GNSS1,centred,12,W2,1091,-24.0,-0.3858147171546983,-0.637295714132942
uplift_GNSS1,accel_GNSS1,centred,12,W3,1111,24.0,-0.44471567506204457,-0.5479847095072141
uplift_GNSS1,accel_GNSS1,centred,12,W4,563,1.25,0.3013418289895662,0.29949545455991544
uplift_GNSS1,accel_GNSS1,causal,1,W1,385,0.75,0.20022000261446274,-0.09291791725874368
uplift_GNSS1,accel_GNSS1,causal,1,W2,1092,0.5,0.23078989190028754,0.0032439012298231124
uplift_GNSS1,accel_GNSS1,causal,1,W3,1158,0.5,0.18924603595392495,0.01211499808496976
uplift_GNSS1,accel_GNSS1,causal,1,W4,564,0.25,0.2788616319805179,0.03520575434764069
uplift_GNSS1,accel_GNSS1,causal,3,W1,385,-22.5,0.17867626392370736,0.03565335667168853
uplift_GNSS1,accel_GNSS1,causal,3,W2,1092,0.5,0.10268561885768185,0.00420605559732845
uplift_GNSS1,accel_GNSS1,causal,3,W3,1153,6.0,0.07798297380813556,-0.030781428032255052
uplift_GNSS1,accel_GNSS1,causal,3,W4,564,1.0,0.12036921408159314,-0.011081587635709133
uplift_GNSS1,accel_GNSS1,causal,6,W1,385,-22.25,0.18390575492243055,-0.0029708024343861545
uplift_GNSS1,accel_GNSS1,causal,6,W2,1092,3.5,0.09383128605547796,0.004243770521569907
uplift_GNSS1,accel_GNSS1,causal,6,W3,1133,-21.0,0.026314246906343944,-0.00438449447419798
uplift_GNSS1,accel_GNSS1,causal,6,W4,564,-18.25,0.16986627738082696,0.04304241472453199
uplift_GNSS1,accel_GNSS1,causal,12,W1,385,-22.75,0.226448670911154,-0.20659647946661805
uplift_GNSS1,accel_GNSS1,causal,12,W2,1092,8.25,0.03881152675605172,-0.09350499783257295
uplift_GNSS1,accel_GNSS1,causal,12,W3,1109,10.25,-0.02055197706225744,-0.09283158083584342
uplift_GNSS1,accel_GNSS1,causal,12,W4,564,6.0,0.19644615648011438,0.09214242564482372
uplift_GNSS1,accel_GNSS1,causal-robust,1,W1,385,1.0,0.44539443579398685,-0.21639344537778982
uplift_GNSS1,accel_GNSS1,causal-robust,1,W2,1092,1.0,0.24122625962422556,-0.08340446993912783
uplift_GNSS1,accel_GNSS1,causal-robust,1,W3,1159,1.0,0.20181809506178036,-0.06827508632479753
uplift_GNSS1,accel_GNSS1,causal-robust,1,W4,564,1.25,0.1798561568502559,-0.007857157969110485
uplift_GNSS1,accel_GNSS1,causal-robust,3,W1,385,2.75,0.25034091688309945,-0.057977540793214266
uplift_GNSS1,accel_GNSS1,causal-robust,3,W2,1092,3.0,0.15136589370974254,-0.02467388924100688
uplift_GNSS1,accel_GNSS1,causal-robust,3,W3,1155,3.0,0.25716249370797806,-0.1229183080042102
uplift_GNSS1,accel_GNSS1,causal-robust,3,W4,564,3.0,0.1906520724603648,0.0669184065788489
uplift_GNSS1,accel_GNSS1,causal-robust,6,W1,385,11.0,0.24573681566028777,-0.4869654262539856
uplift_GNSS1,accel_GNSS1,causal-robust,6,W2,1092,6.5,0.10494165545639646,-0.262964917299528
uplift_GNSS1,accel_GNSS1,causal-robust,6,W3,1134,6.0,0.19408825523935444,-0.24664750359878335
uplift_GNSS1,accel_GNSS1,causal-robust,6,W4,564,6.0,0.2995956255695575,-0.12022687451714084
uplift_GNSS1,accel_GNSS1,causal-robust,12,W1,385,-13.75,0.33262758443185836,-0.5583001621091367
uplift_GNSS1,accel_GNSS1,causal-robust,12,W2,1092,-24.0,-0.12458326582626075,-0.3508244053269413
uplift_GNSS1,accel_GNSS1,causal-robust,12,W3,1110,1.25,0.12193127870468685,0.028965326126492094
uplift_GNSS1,accel_GNSS1,causal-robust,12,W4,564,10.75,0.3776337129528132,0.016756549641837332
tpos,speed_GNSS1,centred,1,W1,385,-20.0,0.2731492452595135,-0.18876321342597685
tpos,speed_GNSS1,centred,1,W2,1091,7.25,0.14717053625710225,-0.10393858566615899
tpos,speed_GNSS1,centred,1,W3,1182,18.25,0.2319969210821189,0.12229918807635969
tpos,speed_GNSS1,centred,1,W4,563,12.0,0.23002322843074557,-0.10114630299416012
tpos,speed_GNSS1,centred,3,W1,385,-21.0,0.45533815330090677,-0.4429436964494898
tpos,speed_GNSS1,centred,3,W2,1091,12.5,0.22463837586197752,-0.2312177378978415
tpos,speed_GNSS1,centred,3,W3,1182,12.5,0.31918595615519846,-0.14226867684050845
tpos,speed_GNSS1,centred,3,W4,563,11.25,0.40908321131161324,-0.27060988211890524
tpos,speed_GNSS1,centred,6,W1,385,-24.0,0.7217754713537965,-0.6681588222427
tpos,speed_GNSS1,centred,6,W2,1091,24.0,0.24359172449790845,-0.19507194499560124
tpos,speed_GNSS1,centred,6,W3,1182,24.0,0.35479213267746595,-0.04750364918488725
tpos,speed_GNSS1,centred,6,W4,563,10.0,0.33962078453743527,-0.12578829710560213
tpos,speed_GNSS1,centred,12,W1,385,-24.0,0.7722167264291494,-0.66698988664691
tpos,speed_GNSS1,centred,12,W2,1091,24.0,0.45871489877117294,-0.03699125681144447
tpos,speed_GNSS1,centred,12,W3,1182,24.0,0.6513392797154667,0.14227188229674703
tpos,speed_GNSS1,centred,12,W4,563,-13.25,0.015171147790094389,-0.2864355716715696
tpos,speed_GNSS1,causal,1,W1,385,19.25,0.1417942756193217,-0.06276194899266
tpos,speed_GNSS1,causal,1,W2,1092,19.0,0.09055207584888796,-0.02777783714551889
tpos,speed_GNSS1,causal,1,W3,1170,19.0,0.07405182819064854,-0.03147461297379683
tpos,speed_GNSS1,causal,1,W4,564,-3.5,0.12194397084880187,-0.03210750183116787
tpos,speed_GNSS1,causal,3,W1,385,-19.25,0.16023564768171777,-0.14199727645421417
tpos,speed_GNSS1,causal,3,W2,1092,16.75,0.11042539744937552,-0.09111429869728188
tpos,speed_GNSS1,causal,3,W3,1177,5.0,0.1405367907029653,0.014495524438123235
tpos,speed_GNSS1,causal,3,W4,564,-11.5,0.17400057470618868,-0.08933379501842521
tpos,speed_GNSS1,causal,6,W1,385,-20.0,0.20735008473355684,-0.17839560048323558
tpos,speed_GNSS1,causal,6,W2,1092,8.0,0.11958208558461904,-0.12669538925600984
tpos,speed_GNSS1,causal,6,W3,1177,5.0,0.0945045115610459,0.014752081143153458
tpos,speed_GNSS1,causal,6,W4,564,12.25,0.2321862354699705,-0.139050286780099
tpos,speed_GNSS1,causal,12,W1,385,-23.0,0.26159375709246774,-0.2527685981568479
tpos,speed_GNSS1,causal,12,W2,1092,13.25,0.11077912243969676,-0.12810304749705545
tpos,speed_GNSS1,causal,12,W3,1177,19.5,0.08182911578766822,0.038501321726931374
tpos,speed_GNSS1,causal,12,W4,564,11.0,0.2458443858280023,-0.09106168824059323
tpos,speed_GNSS1,causal-robust,1,W1,385,-18.25,0.202463684244464,-0.08316131558043034
tpos,speed_GNSS1,causal-robust,1,W2,1092,7.75,0.11276653432161776,-0.029513325244474788
tpos,speed_GNSS1,causal-robust,1,W3,1171,17.75,0.16592308318814522,0.06504444866766497
tpos,speed_GNSS1,causal-robust,1,W4,564,13.25,0.14198105343001616,-0.07465813964062416
tpos,speed_GNSS1,causal-robust,3,W1,385,-18.0,0.4297739506883145,-0.32557997582315357
tpos,speed_GNSS1,causal-robust,3,W2,1092,17.25,0.17427286788246027,-0.1813828899405238
tpos,speed_GNSS1,causal-robust,3,W3,1179,18.0,0.29332970317793006,0.0633374138837358
tpos,speed_GNSS1,causal-robust,3,W4,564,14.0,0.4074826842114667,-0.16931860894218329
tpos,speed_GNSS1,causal-robust,6,W1,385,-18.25,0.5318494276494904,-0.4354101372740197
tpos,speed_GNSS1,causal-robust,6,W2,1092,17.0,0.23252472919089887,-0.22664731755904005
tpos,speed_GNSS1,causal-robust,6,W3,1179,17.0,0.30045732111817813,0.017983515862470243
tpos,speed_GNSS1,causal-robust,6,W4,564,15.75,0.5326527726048691,-0.14607195189957203
tpos,speed_GNSS1,causal-robust,12,W1,385,-20.25,0.7747470449548769,-0.4551074981268224
tpos,speed_GNSS1,causal-robust,12,W2,1092,19.5,0.07165857502778036,-0.1734913381758783
tpos,speed_GNSS1,causal-robust,12,W3,1179,16.5,0.16211020277567337,0.017347327146153158
tpos,speed_GNSS1,causal-robust,12,W4,564,16.5,0.5085126218034072,-0.19473600003954009
tpos,speed_GNSS2,centred,1,W1,385,-24.0,0.2643556320876951,-0.12422426970027346
tpos,speed_GNSS2,centred,1,W2,1092,17.0,0.16696382657288367,0.03336280669165576
tpos,speed_GNSS2,centred,1,W3,2164,18.0,0.2566766761994367,0.10784097256575705
tpos,speed_GNSS2,centred,1,W4,564,12.0,0.17251013896198913,0.10624105798241079
tpos,speed_GNSS2,centred,3,W1,385,-24.0,0.5982934930380409,-0.24690848750965966
tpos,speed_GNSS2,centred,3,W2,1092,19.25,0.30145622052762355,0.016333759737465363
tpos,speed_GNSS2,centred,3,W3,2164,18.75,0.43223439335444175,0.2135100323635672
tpos,speed_GNSS2,centred,3,W4,564,-24.0,0.20550660718981933,0.10577546715566649
tpos,speed_GNSS2,centred,6,W1,385,-24.0,0.7322099294785628,-0.6045193804253567
tpos,speed_GNSS2,centred,6,W2,1092,22.25,0.40840196698066106,-0.04675756264633054
tpos,speed_GNSS2,centred,6,W3,2164,18.5,0.5091251084945101,0.27526819571707645
tpos,speed_GNSS2,centred,6,W4,564,5.5,0.1461361052238588,0.028013733949573072
tpos,speed_GNSS2,centred,12,W1,385,-24.0,0.6623598024827874,-0.7107405021807178
tpos,speed_GNSS2,centred,12,W2,1092,24.0,0.5745919320212385,0.07592554736331066
tpos,speed_GNSS2,centred,12,W3,2164,22.25,0.6274996904366896,0.42369708261928707
tpos,speed_GNSS2,centred,12,W4,564,-24.0,-0.2260719212766112,-0.5779104164929151
tpos,speed_GNSS2,causal,1,W1,385,17.0,0.15513059811902397,-0.07591749283052827
tpos,speed_GNSS2,causal,1,W2,1092,17.0,0.12102477704579076,-0.002393674936780701
tpos,speed_GNSS2,causal,1,W3,2165,17.0,0.1552762203020213,0.021724061715745226
tpos,speed_GNSS2,causal,1,W4,564,-10.75,0.15259558911606472,0.005455788858050834
tpos,speed_GNSS2,causal,3,W1,385,17.0,0.20891204989107548,-0.10184879788472606
tpos,speed_GNSS2,causal,3,W2,1092,17.0,0.12924299253548324,0.00528376441481205
tpos,speed_GNSS2,causal,3,W3,2165,17.25,0.16736623666963926,0.04717482800377024
tpos,speed_GNSS2,causal,3,W4,564,12.25,0.13574219099008947,0.0607716836985999
tpos,speed_GNSS2,causal,6,W1,385,-24.0,0.2739173529067594,-0.07346936985847295
tpos,speed_GNSS2,causal,6,W2,1092,17.0,0.14271173510276527,0.022012596751693668
tpos,speed_GNSS2,causal,6,W3,2165,17.75,0.21235716073781616,0.07940993134014186
tpos,speed_GNSS2,causal,6,W4,564,12.25,0.1278622857480039,0.05785151742438761
tpos,speed_GNSS2,causal,12,W1,385,-24.0,0.3910595525708683,-0.18407436564386634
tpos,speed_GNSS2,causal,12,W2,1092,20.0,0.18651809061327715,0.0034764859274917246
tpos,speed_GNSS2,causal,12,W3,2165,17.75,0.24883099127367664,0.10423293286677153
tpos,speed_GNSS2,causal,12,W4,564,-24.0,0.134225769289439,0.06487698067902486
tpos,speed_GNSS2,causal-robust,1,W1,385,17.25,0.22461317364488204,-0.0952239487138742
tpos,speed_GNSS2,causal-robust,1,W2,1092,17.25,0.1376948360893798,0.017321002182153433
tpos,speed_GNSS2,causal-robust,1,W3,2165,19.75,0.17699063696717343,0.0630062319552577
tpos,speed_GNSS2,causal-robust,1,W4,564,13.0,0.12730878534797185,0.024338127668957352
tpos,speed_GNSS2,causal-robust,3,W1,385,-20.5,0.39644858100043956,-0.1913141631666433
tpos,speed_GNSS2,causal-robust,3,W2,1092,19.0,0.23573654997944424,0.03165983954162226
tpos,speed_GNSS2,causal-robust,3,W3,2165,20.25,0.32250871188929203,0.17384216848510617
tpos,speed_GNSS2,causal-robust,3,W4,564,-22.5,0.25637425580556705,0.18027523597420178
tpos,speed_GNSS2,causal-robust,6,W1,385,-22.25,0.7034665275175426,-0.15827039034742782
tpos,speed_GNSS2,causal-robust,6,W2,1092,23.0,0.2942568844209971,0.0676865921606164
tpos,speed_GNSS2,causal-robust,6,W3,2165,22.25,0.4260305902626649,0.24696646860194604
tpos,speed_GNSS2,causal-robust,6,W4,564,-23.0,0.46521787377125107,0.2231874520677473
tpos,speed_GNSS2,causal-robust,12,W1,385,-23.75,0.9022981903863384,-0.461640426823117
tpos,speed_GNSS2,causal-robust,12,W2,1092,24.0,0.2562579791337491,-0.09893192842833219
tpos,speed_GNSS2,causal-robust,12,W3,2165,24.0,0.39561005981339975,0.10524972321513139
tpos,speed_GNSS2,causal-robust,12,W4,564,-22.0,0.49542348571675293,-0.09247687914151582
tpos,accel_GNSS1,centred,1,W1,385,16.25,0.08046035097360224,0.003518634181968546
tpos,accel_GNSS1,centred,1,W2,1091,3.5,0.05729100194745612,-0.009796408996986392
tpos,accel_GNSS1,centred,1,W3,1174,12.5,0.03665354259555508,-0.00801281590891044
tpos,accel_GNSS1,centred,1,W4,563,10.75,0.04300331344202816,0.001906273329213005
tpos,accel_GNSS1,centred,3,W1,385,4.0,0.13303507808156537,-0.01799094323005651
tpos,accel_GNSS1,centred,3,W2,1091,6.25,0.1919628405824422,-0.0008221151668557563
tpos,accel_GNSS1,centred,3,W3,1158,6.75,0.18538215680312312,-0.04453493709311043
tpos,accel_GNSS1,centred,3,W4,563,7.0,0.25585236885919754,-0.030357906690299766
tpos,accel_GNSS1,centred,6,W1,385,24.0,0.5200631991440214,-0.1450948422680825
tpos,accel_GNSS1,centred,6,W2,1091,8.75,0.3771858080788496,0.04667341583111533
tpos,accel_GNSS1,centred,6,W3,1135,8.75,0.33138023300682856,0.05926489223549275
tpos,accel_GNSS1,centred,6,W4,563,7.0,0.3180608135203201,-0.004102188326686579
tpos,accel_GNSS1,centred,12,W1,385,24.0,0.8084388794753374,-0.607677236525905
tpos,accel_GNSS1,centred,12,W2,1091,16.5,0.48598076860372474,0.1676345825580273
tpos,accel_GNSS1,centred,12,W3,1111,17.25,0.4250358297060371,0.17122933459789252
tpos,accel_GNSS1,centred,12,W4,563,-12.5,0.5335206337709661,0.18149211567229304
tpos,accel_GNSS1,causal,1,W1,385,4.75,0.08085500949010588,-0.07831885082815822
tpos,accel_GNSS1,causal,1,W2,1092,-11.5,0.04654960485177461,-0.02720050264984437
tpos,accel_GNSS1,causal,1,W3,1158,-11.5,0.042332724609801316,-0.029689742722455236
tpos,accel_GNSS1,causal,1,W4,564,-3.5,0.07494675447819735,-0.00014198821761204469
tpos,accel_GNSS1,causal,3,W1,385,4.5,0.11526721300759797,-0.11971286699560543
tpos,accel_GNSS1,causal,3,W2,1092,5.0,0.0878340467977097,-0.04577403284641076
tpos,accel_GNSS1,causal,3,W3,1153,4.5,0.0756097812972999,-0.004263686899806632
tpos,accel_GNSS1,causal,3,W4,564,-20.0,0.09637109538625258,-0.004324402304832985
tpos,accel_GNSS1,causal,6,W1,385,6.0,0.16895587610804189,-0.08365211715930165
tpos,accel_GNSS1,causal,6,W2,1092,7.5,0.15133052700816668,-0.053922886042891284
tpos,accel_GNSS1,causal,6,W3,1133,5.0,0.11475482995217445,0.0050606329485241575
tpos,accel_GNSS1,causal,6,W4,564,8.75,0.18408818358975523,-0.04931732249263928
tpos,accel_GNSS1,causal,12,W1,385,9.5,0.12365527473008571,-0.08651254824557952
tpos,accel_GNSS1,causal,12,W2,1092,10.75,0.18448090805874084,-0.08882368026550282
tpos,accel_GNSS1,causal,12,W3,1109,13.0,0.07843725770860424,0.021691668195570446
tpos,accel_GNSS1,causal,12,W4,564,11.0,0.23647216244170682,-0.11103550713786131
tpos,accel_GNSS1,causal-robust,1,W1,385,17.5,0.1521351384137835,0.005789361830755456
tpos,accel_GNSS1,causal-robust,1,W2,1092,-11.25,0.07484407190317031,-0.0018430945152224363
tpos,accel_GNSS1,causal-robust,1,W3,1159,-11.25,0.056582241125841946,-0.007548743794834482
tpos,accel_GNSS1,causal-robust,1,W4,564,4.25,0.08987939005111806,-0.022492075028024628
tpos,accel_GNSS1,causal-robust,3,W1,385,6.0,0.24647063015608156,-0.22046568619912227
tpos,accel_GNSS1,causal-robust,3,W2,1092,6.75,0.1791866394115598,-0.09852579922344294
tpos,accel_GNSS1,causal-robust,3,W3,1155,17.25,0.10837810933511005,-0.016503613951128034
tpos,accel_GNSS1,causal-robust,3,W4,564,13.25,0.21315132249314203,-0.04680103445329687
tpos,accel_GNSS1,causal-robust,6,W1,385,8.75,0.33209575353458887,-0.2795543424466164
tpos,accel_GNSS1,causal-robust,6,W2,1092,10.75,0.27490504772895924,-0.21107959464718345
tpos,accel_GNSS1,causal-robust,6,W3,1134,11.75,0.18266694097185912,-0.0939868176687899
tpos,accel_GNSS1,causal-robust,6,W4,564,13.5,0.4262368451289824,-0.2328016877297179
tpos,accel_GNSS1,causal-robust,12,W1,385,-24.0,0.4746718178011895,-0.7466005608814557
tpos,accel_GNSS1,causal-robust,12,W2,1092,17.0,0.34960611738190844,-0.25597184368122367
tpos,accel_GNSS1,causal-robust,12,W3,1110,15.75,0.1449210036215826,-0.22777431837860698
tpos,accel_GNSS1,causal-robust,12,W4,564,16.0,0.4710134002117426,-0.0023266255702122872
rain,speed_GNSS1,centred,1,W1,385,23.25,0.24075511901661406,0.01050296473941705
rain,speed_GNSS1,centred,1,W2,1091,23.5,0.17118352867046588,-0.007944725271036956
rain,speed_GNSS1,centred,1,W3,1182,23.25,0.13247020886618427,0.035903327949239415
rain,speed_GNSS1,centred,1,W4,563,,,
rain,speed_GNSS1,centred,3,W1,385,-24.0,0.3442112152968941,-0.20769706550972417
rain,speed_GNSS1,centred,3,W2,1091,24.0,0.21060941114490342,-0.16116486365334134
rain,speed_GNSS1,centred,3,W3,1182,24.0,0.26178112249500907,-0.10195469647794245
rain,speed_GNSS1,centred,3,W4,563,,,
rain,speed_GNSS1,centred,6,W1,385,-24.0,0.507345207224671,-0.6798435288689927
rain,speed_GNSS1,centred,6,W2,1091,24.0,0.3861747224052948,-0.3752295387720121
rain,speed_GNSS1,centred,6,W3,1182,24.0,0.46449180733831125,-0.25773208699463707
rain,speed_GNSS1,centred,6,W4,563,,,
rain,speed_GNSS1,centred,12,W1,385,24.0,0.45194567460770885,-0.9095724620375372
rain,speed_GNSS1,centred,12,W2,1091,24.0,0.4070777451606136,-0.42731168500888006
rain,speed_GNSS1,centred,12,W3,1182,24.0,0.5502284413729741,-0.2534496886940357
rain,speed_GNSS1,centred,12,W4,563,-0.25,0.4612317345128668,0.4609314928167883
rain,speed_GNSS1,causal,1,W1,385,-18.25,0.16970466851363686,-0.057272422995162726
rain,speed_GNSS1,causal,1,W2,1092,22.75,0.0732135266314071,-0.013534593833157086
rain,speed_GNSS1,causal,1,W3,1170,22.75,0.07088262122890171,-0.012988824777925763
rain,speed_GNSS1,causal,1,W4,564,,,
rain,speed_GNSS1,causal,3,W1,385,23.25,0.18380809555921496,-0.02549427438311275
rain,speed_GNSS1,causal,3,W2,1092,22.75,0.1324638695778561,-0.013301477461462737
rain,speed_GNSS1,causal,3,W3,1177,22.75,0.08704886253887392,0.013306335964955302
rain,speed_GNSS1,causal,3,W4,564,,,
rain,speed_GNSS1,causal,6,W1,385,-20.5,0.18303642528130218,0.004477341332674085
rain,speed_GNSS1,causal,6,W2,1092,22.75,0.09718854579711547,-0.0018704947407089333
rain,speed_GNSS1,causal,6,W3,1177,22.75,0.0592590593463557,0.019940992893182855
rain,speed_GNSS1,causal,6,W4,564,,,
rain,speed_GNSS1,causal,12,W1,385,-24.0,0.20583696596428297,-0.1231845231153151
rain,speed_GNSS1,causal,12,W2,1092,24.0,0.14445277126606693,-0.09735742229771571
rain,speed_GNSS1,causal,12,W3,1177,24.0,0.05836294111657493,0.0012611403865370001
rain,speed_GNSS1,causal,12,W4,564,18.75,0.08950664001990388,0.0440786926587225
rain,speed_GNSS1,causal-robust,1,W1,385,-18.25,0.15922492275186617,-0.07676795018563046
rain,speed_GNSS1,causal-robust,1,W2,1092,23.25,0.11353447175514475,-0.04954961199185247
rain,speed_GNSS1,causal-robust,1,W3,1171,23.25,0.12467604745117056,-0.030072176586428103
rain,speed_GNSS1,causal-robust,1,W4,564,,,
rain,speed_GNSS1,causal-robust,3,W1,385,-18.0,0.297903788398774,-0.06039123182756999
rain,speed_GNSS1,causal-robust,3,W2,1092,24.0,0.15876498706398628,-0.06310305183731914
rain,speed_GNSS1,causal-robust,3,W3,1179,24.0,0.16633112006334358,-0.003270019710765836
rain,speed_GNSS1,causal-robust,3,W4,564,,,
rain,speed_GNSS1,causal-robust,6,W1,385,-19.25,0.4636342223825262,-0.1931663560563262
rain,speed_GNSS1,causal-robust,6,W2,1092,24.0,0.004011402996704074,-0.18734691955869076
rain,speed_GNSS1,causal-robust,6,W3,1179,24.0,0.06440418886216014,-0.06796238759789941
rain,speed_GNSS1,causal-robust,6,W4,564,,,
rain,speed_GNSS1,causal-robust,12,W1,385,-24.0,0.7309976400545786,-0.4193295318204913
rain,speed_GNSS1,causal-robust,12,W2,1092,24.0,-0.061431908824362946,-0.3420419557923833
rain,speed_GNSS1,causal-robust,12,W3,1179,24.0,0.034675893592404056,-0.14268260693630233
rain,speed_GNSS1,causal-robust,12,W4,564,-9.5,0.13291567943894533,-0.13955290274553336
rain,speed_GNSS2,centred,1,W1,385,22.5,0.27577229114951257,-0.04328270889869825
rain,speed_GNSS2,centred,1,W2,1092,22.25,0.23244819306152695,-0.012405550085796508
rain,speed_GNSS2,centred,1,W3,2164,22.5,0.17348513842596966,0.02862112420229579
rain,speed_GNSS2,centred,1,W4,564,,,
rain,speed_GNSS2,centred,3,W1,385,21.0,0.282837426638384,-0.22851985855650808
rain,speed_GNSS2,centred,3,W2,1092,21.25,0.373614954611427,-0.07178147972001338
rain,speed_GNSS2,centred,3,W3,2164,21.75,0.3134952932759894,0.041122628609875936
rain,speed_GNSS2,centred,3,W4,564,,,
rain,speed_GNSS2,centred,6,W1,385,24.0,0.38785478967070214,-0.6586297222059886
rain,speed_GNSS2,centred,6,W2,1092,24.0,0.5691615339070458,-0.20727420976413685
rain,speed_GNSS2,centred,6,W3,2164,24.0,0.5537332656718003,0.02553170588308377
rain,speed_GNSS2,centred,6,W4,564,,,
rain,speed_GNSS2,centred,12,W1,385,24.0,0.591307138671015,-0.8548777623165998
rain,speed_GNSS2,centred,12,W2,1092,24.0,0.6496161798366281,-0.2265380422576724
rain,speed_GNSS2,centred,12,W3,2164,24.0,0.7229741639347975,0.11569036218254276
rain,speed_GNSS2,centred,12,W4,564,-7.0,0.3669931898291666,0.32585076486733944
rain,speed_GNSS2,causal,1,W1,385,8.75,0.2683833471026299,-0.00575111452661051
rain,speed_GNSS2,causal,1,W2,1092,8.75,0.20666406204905804,0.013728183738185039
rain,speed_GNSS2,causal,1,W3,2165,8.75,0.1728192577984237,0.028137267536611284
rain,speed_GNSS2,causal,1,W4,564,,,
rain,speed_GNSS2,causal,3,W1,385,22.75,0.207001315156581,-0.02198349169056582
rain,speed_GNSS2,causal,3,W2,1092,22.75,0.1467820796442083,-0.0038600028975315543
rain,speed_GNSS2,causal,3,W3,2165,8.75,0.10632134974132425,0.019182136605991395
rain,speed_GNSS2,causal,3,W4,564,,,
rain,speed_GNSS2,causal,6,W1,385,20.25,0.2035859376657508,-0.014925577977790075
rain,speed_GNSS2,causal,6,W2,1092,22.0,0.1694275168869187,0.006174933999932956
rain,speed_GNSS2,causal,6,W3,2165,22.0,0.11931522857000872,0.030537439134337107
rain,speed_GNSS2,causal,6,W4,564,,,
rain,speed_GNSS2,causal,12,W1,385,22.75,0.2548509193017115,-0.10106508978346067
rain,speed_GNSS2,causal,12,W2,1092,22.75,0.24906205825456698,-0.05294712999744247
rain,speed_GNSS2,causal,12,W3,2165,22.75,0.1890916155774052,0.014085993499076596
rain,speed_GNSS2,causal,12,W4,564,15.75,0.13450042576204504,-0.09855077572865116
rain,speed_GNSS2,causal-robust,1,W1,385,23.25,0.2539218237476339,-0.044042826413272326
rain,speed_GNSS2,causal-robust,1,W2,1092,9.0,0.17928342313822127,-0.01626162942399341
rain,speed_GNSS2,causal-robust,1,W3,2165,9.0,0.16474629994772483,0.007097189386005848
rain,speed_GNSS2,causal-robust,1,W4,564,,,
rain,speed_GNSS2,causal-robust,3,W1,385,23.5,0.3667277428697607,0.058007405274050704
rain,speed_GNSS2,causal-robust,3,W2,1092,23.75,0.31745641990510537,0.05157366866637505
rain,speed_GNSS2,causal-robust,3,W3,2165,23.75,0.23724618850851378,0.06045141651026648
rain,speed_GNSS2,causal-robust,3,W4,564,,,
rain,speed_GNSS2,causal-robust,6,W1,385,-24.0,0.4446264057849137,0.025842344718628278
rain,speed_GNSS2,causal-robust,6,W2,1092,24.0,0.30442164528502275,-0.005120868854163918
rain,speed_GNSS2,causal-robust,6,W3,2165,24.0,0.2539999955429315,0.047608510620684344
rain,speed_GNSS2,causal-robust,6,W4,564,,,
rain,speed_GNSS2,causal-robust,12,W1,385,-24.0,0.7609319706910895,-0.3371637933333983
rain,speed_GNSS2,causal-robust,12,W2,1092,24.0,0.19529000747508451,-0.27385747939797217
rain,speed_GNSS2,causal-robust,12,W3,2165,24.0,0.23950407180750705,-0.12857142099367763
rain,speed_GNSS2,causal-robust,12,W4,564,-24.0,0.27888712266560983,-0.24545328468920768
rain,accel_GNSS1,centred,1,W1,385,19.75,0.15241746105195697,0.06240118336566386
rain,accel_GNSS1,centred,1,W2,1091,19.75,0.08072388329622612,0.029689381031802135
rain,accel_GNSS1,centred,1,W3,1174,19.75,0.0390259426346651,0.01670684623500152
rain,accel_GNSS1,centred,1,W4,563,,,
rain,accel_GNSS1,centred,3,W1,385,21.0,0.23382683788755038,0.07039979245718356
rain,accel_GNSS1,centred,3,W2,1091,20.75,0.13265739377014793,0.06244467590456406
rain,accel_GNSS1,centred,3,W3,1158,20.75,0.12657876701940013,0.06493729687867295
rain,accel_GNSS1,centred,3,W4,563,,,
rain,accel_GNSS1,centred,6,W1,385,24.0,0.7311402385135117,0.05127636710186153
rain,accel_GNSS1,centred,6,W2,1091,22.0,0.38160596467346375,0.17283634153683758
rain,accel_GNSS1,centred,6,W3,1135,22.75,0.3659727630057836,0.17361195484953046
rain,accel_GNSS1,centred,6,W4,563,,,
rain,accel_GNSS1,centred,12,W1,385,20.75,0.9615653812460365,-0.3548295743295732
rain,accel_GNSS1,centred,12,W2,1091,18.25,0.8667092279569991,0.37897280778815545
rain,accel_GNSS1,centred,12,W3,1111,18.25,0.7782989607936263,0.3601024553559823
rain,accel_GNSS1,centred,12,W4,563,-3.75,0.2852587315387815,0.2606484597997354
rain,accel_GNSS1,causal,1,W1,385,16.5,0.09140039631755098,-0.00015650523558505825
rain,accel_GNSS1,causal,1,W2,1092,8.5,0.03678569652405864,-0.004532491063046064
rain,accel_GNSS1,causal,1,W3,1158,8.5,0.03706328503801893,-0.0036495610592858813
rain,accel_GNSS1,causal,1,W4,564,,,
rain,accel_GNSS1,causal,3,W1,385,21.5,0.12692594136357693,-0.015712023597779203
rain,accel_GNSS1,causal,3,W2,1092,22.0,0.07982070567741174,-0.0067295369643082465
rain,accel_GNSS1,causal,3,W3,1153,-4.25,0.040893272726451456,-0.00462445643688025
rain,accel_GNSS1,causal,3,W4,564,,,
rain,accel_GNSS1,causal,6,W1,385,23.25,0.13363430889803313,0.10077576331303652
rain,accel_GNSS1,causal,6,W2,1092,-2.0,0.09081573044431819,0.07324362053584595
rain,accel_GNSS1,causal,6,W3,1133,-2.0,0.05838041747259146,0.04848370203998814
rain,accel_GNSS1,causal,6,W4,564,,,
rain,accel_GNSS1,causal,12,W1,385,24.0,0.15134205879231574,0.041623536519467874
rain,accel_GNSS1,causal,12,W2,1092,24.0,0.1287391640198227,0.04049843965356569
rain,accel_GNSS1,causal,12,W3,1109,24.0,0.05071659346756523,0.026892159710611017
rain,accel_GNSS1,causal,12,W4,564,4.0,0.16876460773404864,0.09903999180867822
rain,accel_GNSS1,causal-robust,1,W1,385,20.0,0.21384782394281118,-0.02777468694799628
rain,accel_GNSS1,causal-robust,1,W2,1092,20.0,0.12113540592127159,-0.03142994742737344
rain,accel_GNSS1,causal-robust,1,W3,1159,20.0,0.11445314283261986,-0.029480755707188132
rain,accel_GNSS1,causal-robust,1,W4,564,,,
rain,accel_GNSS1,causal-robust,3,W1,385,23.0,0.27587844090086905,-0.017407629042483608
rain,accel_GNSS1,causal-robust,3,W2,1092,10.5,0.17587297980608904,0.008476636368643587
rain,accel_GNSS1,causal-robust,3,W3,1155,10.5,0.13346337464342636,0.001227267510687321
rain,accel_GNSS1,causal-robust,3,W4,564,,,
rain,accel_GNSS1,causal-robust,6,W1,385,-18.25,0.13748610669906408,0.11528784774658438
rain,accel_GNSS1,causal-robust,6,W2,1092,12.5,0.14485012687510462,0.09127221583998006
rain,accel_GNSS1,causal-robust,6,W3,1134,12.5,0.10134172395754648,0.06307148405639311
rain,accel_GNSS1,causal-robust,6,W4,564,,,
rain,accel_GNSS1,causal-robust,12,W1,385,-24.0,0.4012081605506711,-0.43261062824801905
rain,accel_GNSS1,causal-robust,12,W2,1092,24.0,0.2438630462925768,-0.17681437146487816
rain,accel_GNSS1,causal-robust,12,W3,1110,24.0,0.12711255176813824,-0.13299318810393992
rain,accel_GNSS1,causal-robust,12,W4,564,5.5,0.1493195175881159,-0.02916406605518893
tpos,level,centred,1,W1,385,-23.75,0.6641103567832644,-0.36268714680072967
tpos,level,centred,1,W2,1092,24.0,0.07147963360049873,-0.16551911017072993
tpos,level,centred,1,W3,2165,24.0,0.24596422554154262,0.0972290468272154
tpos,level,centred,1,W4,564,-15.25,0.3886337008276052,-0.33076056124704867
tpos,level,centred,3,W1,385,-24.0,0.7984842892616905,-0.41624816436255024
tpos,level,centred,3,W2,1092,24.0,0.11366313545027602,-0.18478440515847716
tpos,level,centred,3,W3,2165,24.0,0.3130914586912027,0.13553807399590978
tpos,level,centred,3,W4,564,-15.75,0.47033746849701125,-0.39033666601721695
tpos,level,centred,6,W1,385,-24.0,0.9551725089013303,-0.47098857484448725
tpos,level,centred,6,W2,1092,24.0,0.18997337128522118,-0.19041788339970034
tpos,level,centred,6,W3,2165,24.0,0.4218886708140604,0.2120571186632772
tpos,level,centred,6,W4,564,-17.0,0.6342312727685256,-0.538651328942638
tpos,level,centred,12,W1,385,-24.0,0.9364333181598717,-0.5091853065751832
tpos,level,centred,12,W2,1092,24.0,0.2967844371341157,-0.13647858884528705
tpos,level,centred,12,W3,2165,24.0,0.5696700903138568,0.36136780429750187
tpos,level,centred,12,W4,564,-22.75,0.5496081633411207,-0.8210250062659815
tpos,level,causal,1,W1,385,-18.75,0.5573293532900037,-0.27633203079998636
tpos,level,causal,1,W2,1087,24.0,0.053034250787352084,-0.14552456767742847
tpos,level,causal,1,W3,2160,24.0,0.2074413719041993,0.0780247314104063
tpos,level,causal,1,W4,564,-15.75,0.32443872830563786,-0.276310394950571
tpos,level,causal,3,W1,385,-19.25,0.5891921344869547,-0.327752191050184
tpos,level,causal,3,W2,1087,24.0,0.04222932066994716,-0.16414542956916384
tpos,level,causal,3,W3,2160,24.0,0.1972718600129567,0.06904819369894254
tpos,level,causal,3,W4,564,-15.75,0.3475149816640802,-0.2960112843783588
tpos,level,causal,6,W1,385,-20.0,0.6291544337437209,-0.3839701291453739
tpos,level,causal,6,W2,1087,24.0,0.04002947383335007,-0.18664151459347986
tpos,level,causal,6,W3,2160,24.0,0.1925330032602579,0.05265596685601574
tpos,level,causal,6,W4,564,-15.0,0.3515565441141218,-0.31204364179048777
tpos,level,causal,12,W1,385,-23.5,0.8325620262183665,-0.4983925203306544
tpos,level,causal,12,W2,1087,24.0,0.10466170889879958,-0.21326428274944367
tpos,level,causal,12,W3,2160,24.0,0.2550089283838951,0.06377135677147477
tpos,level,causal,12,W4,564,-18.5,0.4348223463344744,-0.3719434652693115
tpos,level,causal-robust,1,W1,385,-18.75,0.5573293532900037,-0.27633203079998636
tpos,level,causal-robust,1,W2,1087,24.0,0.053034250787352084,-0.14552456767742847
tpos,level,causal-robust,1,W3,2160,24.0,0.2074413719041993,0.0780247314104063
tpos,level,causal-robust,1,W4,564,-15.75,0.32443872830563786,-0.276310394950571
tpos,level,causal-robust,3,W1,385,-19.25,0.5891921344869547,-0.327752191050184
tpos,level,causal-robust,3,W2,1087,24.0,0.04222932066994716,-0.16414542956916384
tpos,level,causal-robust,3,W3,2160,24.0,0.1972718600129567,0.06904819369894254
tpos,level,causal-robust,3,W4,564,-15.75,0.3475149816640802,-0.2960112843783588
tpos,level,causal-robust,6,W1,385,-20.0,0.6291544337437209,-0.3839701291453739
tpos,level,causal-robust,6,W2,1087,24.0,0.04002947383335007,-0.18664151459347986
tpos,level,causal-robust,6,W3,2160,24.0,0.1925330032602579,0.05265596685601574
tpos,level,causal-robust,6,W4,564,-15.0,0.3515565441141218,-0.31204364179048777
tpos,level,causal-robust,12,W1,385,-23.5,0.8325620262183665,-0.4983925203306544
tpos,level,causal-robust,12,W2,1087,24.0,0.10466170889879958,-0.21326428274944367
tpos,level,causal-robust,12,W3,2160,24.0,0.2550089283838951,0.06377135677147477
tpos,level,causal-robust,12,W4,564,-18.5,0.4348223463344744,-0.3719434652693115
tpos,uplift_GNSS1,centred,1,W1,385,0.5,0.5798317349539742,0.5786849651515266
tpos,uplift_GNSS1,centred,1,W2,1092,-24.0,0.14877845327015585,0.12874638860248203
tpos,uplift_GNSS1,centred,1,W3,1187,-21.75,-0.1078461951161741,-0.2803303069383277
tpos,uplift_GNSS1,centred,1,W4,564,24.0,0.3510589422906236,0.2844198356761003
tpos,uplift_GNSS1,centred,3,W1,385,-0.75,0.7642111895802984,0.7548572548203163
tpos,uplift_GNSS1,centred,3,W2,1092,-24.0,0.11590825575880144,0.10068819904143719
tpos,uplift_GNSS1,centred,3,W3,1187,-22.5,-0.17967800488644478,-0.25023435214443285
tpos,uplift_GNSS1,centred,3,W4,564,-24.0,0.5530372428453273,0.43701532869864906
tpos,uplift_GNSS1,centred,6,W1,385,-3.0,0.8584199895190894,0.7772032941445375
tpos,uplift_GNSS1,centred,6,W2,1092,-24.0,-0.04399652259225129,-0.06315726742759437
tpos,uplift_GNSS1,centred,6,W3,1187,-23.0,-0.3379125269613588,-0.4095490723936142
tpos,uplift_GNSS1,centred,6,W4,564,-24.0,0.5616610928040184,0.33336788383822863
tpos,uplift_GNSS1,centred,12,W1,385,-7.5,0.9521367145507097,0.6780477924190731
tpos,uplift_GNSS1,centred,12,W2,1092,-24.0,-0.15477919937963386,-0.16269974354826733
tpos,uplift_GNSS1,centred,12,W3,1187,24.0,-0.4320662740753101,-0.5564564319537153
tpos,uplift_GNSS1,centred,12,W4,564,-24.0,0.6908476688492651,0.3649446985901095
tpos,uplift_GNSS1,causal,1,W1,385,-1.5,0.3098181273265079,0.22589713281189144
tpos,uplift_GNSS1,causal,1,W2,1092,24.0,0.14851611779723164,0.013696723689097055
tpos,uplift_GNSS1,causal,1,W3,1173,24.0,0.0058154162498850245,-0.21428133950397527
tpos,uplift_GNSS1,causal,1,W4,564,24.0,0.25898339641785234,0.008960607292599822
tpos,uplift_GNSS1,causal,3,W1,385,1.25,0.5028761980951649,0.4849187820606427
tpos,uplift_GNSS1,causal,3,W2,1092,-23.0,0.20233370765312825,0.16969793072872713
tpos,uplift_GNSS1,causal,3,W3,1179,-21.0,-0.056553829079769136,-0.24055277559071542
tpos,uplift_GNSS1,causal,3,W4,564,-23.75,0.40261809331841764,0.2932481569867477
tpos,uplift_GNSS1,causal,6,W1,385,0.0,0.675458948821496,0.675458948821496
tpos,uplift_GNSS1,causal,6,W2,1092,0.75,0.26002305239248596,0.255462255530386
tpos,uplift_GNSS1,causal,6,W3,1179,-21.5,-0.01692773609853986,-0.18372414753163374
tpos,uplift_GNSS1,causal,6,W4,564,2.0,0.49659947233037155,0.44731520951487536
tpos,uplift_GNSS1,causal,12,W1,385,-1.25,0.698526434346594,0.6754518499774679
tpos,uplift_GNSS1,causal,12,W2,1092,0.25,0.1219630929995649,0.12187059347215405
tpos,uplift_GNSS1,causal,12,W3,1179,-21.75,-0.0798464871345641,-0.2209922549484408
tpos,uplift_GNSS1,causal,12,W4,564,1.5,0.4279053220267847,0.40747823490466534
tpos,uplift_GNSS1,causal-robust,1,W1,385,-1.5,0.3405476864416225,0.23776142382211868
tpos,uplift_GNSS1,causal-robust,1,W2,1092,24.0,0.15882520085907706,0.027680149822531166
tpos,uplift_GNSS1,causal-robust,1,W3,1171,24.0,0.004881336742816747,-0.21382262045815273
tpos,uplift_GNSS1,causal-robust,1,W4,564,24.0,0.2701407626597278,0.013158297524914762
tpos,uplift_GNSS1,causal-robust,3,W1,385,2.0,0.5065750606761155,0.43470242152299643
tpos,uplift_GNSS1,causal-robust,3,W2,1092,1.75,0.18539331513068846,0.1586129377531665
tpos,uplift_GNSS1,causal-robust,3,W3,1179,7.75,-0.0761897450326715,-0.2437078390724259
tpos,uplift_GNSS1,causal-robust,3,W4,564,-24.0,0.36672907610819205,0.26632047635224604
tpos,uplift_GNSS1,causal-robust,6,W1,385,0.5,0.6221893205188591,0.6190049958234615
tpos,uplift_GNSS1,causal-robust,6,W2,1092,1.25,0.2275286630934361,0.21142432053400897
tpos,uplift_GNSS1,causal-robust,6,W3,1179,6.0,-0.048246908761953956,-0.21533669531531405
tpos,uplift_GNSS1,causal-robust,6,W4,564,-24.0,0.4744441414848689,0.38605773538436794
tpos,uplift_GNSS1,causal-robust,12,W1,385,-1.0,0.6800957479401193,0.6625579856554982
tpos,uplift_GNSS1,causal-robust,12,W2,1092,0.5,0.08231350596357002,0.08037407795917868
tpos,uplift_GNSS1,causal-robust,12,W3,1179,-21.75,-0.0995751597586244,-0.24057573938425048
tpos,uplift_GNSS1,causal-robust,12,W4,564,-24.0,0.4000619434476153,0.3066046450661818
rain,level,centred,1,W1,385,-24.0,0.6186486368997717,-0.3144249219461443
rain,level,centred,1,W2,1092,24.0,0.01800426209754947,-0.30707127839921555
rain,level,centred,1,W3,2165,24.0,0.16035346517572477,-0.1011068669902922
rain,level,centred,1,W4,564,,,
rain,level,centred,3,W1,385,-24.0,0.6456189257071518,-0.43641419331127135
rain,level,centred,3,W2,1092,24.0,0.05045149810617863,-0.3886298011289151
rain,level,centred,3,W3,2165,24.0,0.22091622068641953,-0.12192744632537163
rain,level,centred,3,W4,564,,,
rain,level,centred,6,W1,385,-24.0,0.7023223072340047,-0.642732683422618
rain,level,centred,6,W2,1092,24.0,0.08166300352147039,-0.4875050350158795
rain,level,centred,6,W3,2165,24.0,0.2942667746981898,-0.13470046994574783
rain,level,centred,6,W4,564,,,
rain,level,centred,12,W1,385,-24.0,0.6339345128056696,-0.9043959799485987
rain,level,centred,12,W2,1092,24.0,0.05100789348075155,-0.6055351923557305
rain,level,centred,12,W3,2165,24.0,0.3883688765682273,-0.08006724302794677
rain,level,centred,12,W4,564,-4.25,0.42935596143367294,0.4240948961869787
rain,level,causal,1,W1,385,-24.0,0.6052754352743165,-0.2214791603433744
rain,level,causal,1,W2,1087,24.0,0.009773401102695457,-0.2336566715290702
rain,level,causal,1,W3,2160,24.0,0.11792482674411427,-0.07726049370106454
rain,level,causal,1,W4,564,,,
rain,level,causal,3,W1,385,-24.0,0.5853341147019617,-0.25056673374005
rain,level,causal,3,W2,1087,24.0,-0.003975383832877656,-0.26240515574071255
rain,level,causal,3,W3,2160,24.0,0.12102153724816214,-0.08841552490253514
rain,level,causal,3,W4,564,,,
rain,level,causal,6,W1,385,-24.0,0.5362949982349237,-0.2867609304763283
rain,level,causal,6,W2,1087,24.0,0.0036661892794123303,-0.2904840915721426
rain,level,causal,6,W3,2160,24.0,0.1347540909152233,-0.10241232524107037
rain,level,causal,6,W4,564,,,
rain,level,causal,12,W1,385,-24.0,0.6608349823809087,-0.40962245197685526
rain,level,causal,12,W2,1087,24.0,0.07369340583097422,-0.3724701105448583
rain,level,causal,12,W3,2160,24.0,0.19720709783388307,-0.1530598810670486
rain,level,causal,12,W4,564,-23.25,0.5496342487631275,-0.24398320912009536
rain,level,causal-robust,1,W1,385,-24.0,0.6052754352743165,-0.2214791603433744
rain,level,causal-robust,1,W2,1087,24.0,0.009773401102695457,-0.2336566715290702
rain,level,causal-robust,1,W3,2160,24.0,0.11792482674411427,-0.07726049370106454
rain,level,causal-robust,1,W4,564,,,
rain,level,causal-robust,3,W1,385,-24.0,0.5853341147019617,-0.25056673374005
rain,level,causal-robust,3,W2,1087,24.0,-0.003975383832877656,-0.26240515574071255
rain,level,causal-robust,3,W3,2160,24.0,0.12102153724816214,-0.08841552490253514
rain,level,causal-robust,3,W4,564,,,
rain,level,causal-robust,6,W1,385,-24.0,0.5362949982349237,-0.2867609304763283
rain,level,causal-robust,6,W2,1087,24.0,0.0036661892794123303,-0.2904840915721426
rain,level,causal-robust,6,W3,2160,24.0,0.1347540909152233,-0.10241232524107037
rain,level,causal-robust,6,W4,564,,,
rain,level,causal-robust,12,W1,385,-24.0,0.6608349823809087,-0.40962245197685526
rain,level,causal-robust,12,W2,1087,24.0,0.07369340583097422,-0.3724701105448583
rain,level,causal-robust,12,W3,2160,24.0,0.19720709783388307,-0.1530598810670486
rain,level,causal-robust,12,W4,564,-23.25,0.5496342487631275,-0.24398320912009536
rain,uplift_GNSS1,centred,1,W1,385,23.75,0.37876412141088067,0.32357804720361627
rain,uplift_GNSS1,centred,1,W2,1092,23.75,-0.02058586140021834,-0.08363900244734394
rain,uplift_GNSS1,centred,1,W3,1187,23.75,-0.0959865546630106,-0.1477078215804432
rain,uplift_GNSS1,centred,1,W4,564,,,
rain,uplift_GNSS1,centred,3,W1,385,-3.75,0.5242843342396222,0.3858091786987814
rain,uplift_GNSS1,centred,3,W2,1092,-24.0,-0.10434868131835025,-0.19013102607635965
rain,uplift_GNSS1,centred,3,W3,1187,23.0,-0.22638596481189033,-0.2620281232209598
rain,uplift_GNSS1,centred,3,W4,564,,,
rain,uplift_GNSS1,centred,6,W1,385,-6.5,0.7619503717900508,0.41778173951873465
rain,uplift_GNSS1,centred,6,W2,1092,-24.0,-0.19454430244342064,-0.3575677601157865
rain,uplift_GNSS1,centred,6,W3,1187,-24.0,-0.3510215724511832,-0.4126106621490738
rain,uplift_GNSS1,centred,6,W4,564,,,
rain,uplift_GNSS1,centred,12,W1,385,-13.0,0.9387429602183663,0.28086642884466023
rain,uplift_GNSS1,centred,12,W2,1092,-24.0,-0.30078943979105055,-0.5606662947480227
rain,uplift_GNSS1,centred,12,W3,1187,-24.0,-0.47712496013741906,-0.5940191068580316
rain,uplift_GNSS1,centred,12,W4,564,24.0,0.5031701554898087,0.0806702221079825
rain,uplift_GNSS1,causal,1,W1,385,19.0,0.27273232034367095,0.20758552896870325
rain,uplift_GNSS1,causal,1,W2,1092,24.0,0.041909970003800937,0.0016159413756008062
rain,uplift_GNSS1,causal,1,W3,1173,24.0,-0.013037803357756984,-0.05009485860798286
rain,uplift_GNSS1,causal,1,W4,564,,,
rain,uplift_GNSS1,causal,3,W1,385,24.0,0.39800262582760426,0.27869351269085246
rain,uplift_GNSS1,causal,3,W2,1092,24.0,0.0560767108147836,-0.02575842587458768
rain,uplift_GNSS1,causal,3,W3,1179,24.0,-0.03797022140042613,-0.08937982298168624
rain,uplift_GNSS1,causal,3,W4,564,,,
rain,uplift_GNSS1,causal,6,W1,385,22.75,0.49981151274081254,0.3545864985124643
rain,uplift_GNSS1,causal,6,W2,1092,22.75,0.0541130146125763,-0.026656255148234543
rain,uplift_GNSS1,causal,6,W3,1179,23.0,-0.04223048310484436,-0.10140472953000114
rain,uplift_GNSS1,causal,6,W4,564,,,
rain,uplift_GNSS1,causal,12,W1,385,-4.0,0.5108612451370923,0.39499984186867815
rain,uplift_GNSS1,causal,12,W2,1092,-24.0,-0.07936472665091106,-0.13614459960649042
rain,uplift_GNSS1,causal,12,W3,1179,23.25,-0.162656087505404,-0.1779582821402008
rain,uplift_GNSS1,causal,12,W4,564,11.75,0.25936600114217057,0.09657590238038964
rain,uplift_GNSS1,causal-robust,1,W1,385,19.0,0.25374183664773897,0.17900711115294682
rain,uplift_GNSS1,causal-robust,1,W2,1092,24.0,0.0417693664151232,-0.0014385167934203383
rain,uplift_GNSS1,causal-robust,1,W3,1171,24.0,-0.015364656517708712,-0.0567502952001172
rain,uplift_GNSS1,causal-robust,1,W4,564,,,
rain,uplift_GNSS1,causal-robust,3,W1,385,24.0,0.3885791872565527,0.2339332458737342
rain,uplift_GNSS1,causal-robust,3,W2,1092,23.75,0.05880479818622016,-0.03796084378716443
rain,uplift_GNSS1,causal-robust,3,W3,1179,24.0,-0.038532698191905065,-0.0924773782090911
rain,uplift_GNSS1,causal-robust,3,W4,564,,,
rain,uplift_GNSS1,causal-robust,6,W1,385,22.5,0.48470569944264913,0.32065810058189925
rain,uplift_GNSS1,causal-robust,6,W2,1092,22.75,0.04805728733791992,-0.04841994291220387
rain,uplift_GNSS1,causal-robust,6,W3,1179,22.75,-0.047057690609994866,-0.11488397732863699
rain,uplift_GNSS1,causal-robust,6,W4,564,,,
rain,uplift_GNSS1,causal-robust,12,W1,385,-3.75,0.5042359909940557,0.43801997095229767
rain,uplift_GNSS1,causal-robust,12,W2,1092,-1.25,-0.12324639435793273,-0.12823973400175762
rain,uplift_GNSS1,causal-robust,12,W3,1179,-0.75,-0.17324717332792827,-0.1742858286942011
rain,uplift_GNSS1,causal-robust,12,W4,564,-20.25,0.2814760727857051,0.05705974840465962
